date,qqq_close,qld_close,vxn_close,qqq_ema200,qqq_distance_to_ema200_pct,qld_prior_20d_high,qld_prior_20d_low,qld_channel_position_pct,prior_donchian_signal,donchian_signal,model_state,headline_status,action,trade_reason,rule_explanation,cash_value,qqq_value,qld_value,strategy_value,qqq_benchmark_value,strategy_drawdown_pct,qqq_drawdown_pct
2006-06-21,33.04,0.98,19.66,34.25,-3.52,,,,0,0,Cash,Hold Cash,Waiting,,Waiting for 20 completed QLD trading days to establish the channel.,1000.0,0.0,0.0,1000.0,1000.0,0.0,0.0
2006-06-22,32.62,0.96,20.81,34.23,-4.7,,,,0,0,Cash,Hold Cash,Waiting,,Waiting for 20 completed QLD trading days to establish the channel.,1000.0,0.0,0.0,1000.0,987.33,0.0,-1.27
2006-06-23,32.59,0.96,20.36,34.21,-4.76,,,,0,0,Cash,Hold Cash,Waiting,,Waiting for 20 completed QLD trading days to establish the channel.,1000.0,0.0,0.0,1000.0,986.3,0.0,-1.37
2006-06-26,32.67,0.96,20.83,34.2,-4.46,,,,0,0,Cash,Hold Cash,Waiting,,Waiting for 20 completed QLD trading days to establish the channel.,1000.0,0.0,0.0,1000.0,988.88,0.0,-1.11
2006-06-27,32.06,0.92,22.11,34.18,-6.2,,,,0,0,Cash,Hold Cash,Waiting,,Waiting for 20 completed QLD trading days to establish the channel.,1000.0,0.0,0.0,1000.0,970.27,0.0,-2.97
2006-06-28,32.3,0.94,21.45,34.16,-5.45,,,,0,0,Cash,Hold Cash,Waiting,,Waiting for 20 completed QLD trading days to establish the channel.,1000.0,0.0,0.0,1000.0,977.51,0.0,-2.25
2006-06-29,33.28,0.99,17.93,34.15,-2.55,,,,0,0,Cash,Hold Cash,Waiting,,Waiting for 20 completed QLD trading days to establish the channel.,1000.0,0.0,0.0,1000.0,1007.24,0.0,0.0
2006-06-30,33.12,0.98,17.89,34.14,-3.0,,,,0,0,Cash,Hold Cash,Waiting,,Waiting for 20 completed QLD trading days to establish the channel.,1000.0,0.0,0.0,1000.0,1002.33,0.0,-0.49
2006-07-03,33.31,0.99,17.68,34.13,-2.4,,,,0,0,Cash,Hold Cash,Waiting,,Waiting for 20 completed QLD trading days to establish the channel.,1000.0,0.0,0.0,1000.0,1008.27,0.0,0.0
2006-07-05,32.59,0.95,19.78,34.12,-4.48,,,,0,0,Cash,Hold Cash,Waiting,,Waiting for 20 completed QLD trading days to establish the channel.,1000.0,0.0,0.0,1000.0,986.3,0.0,-2.18
2006-07-06,32.55,0.95,19.8,34.1,-4.54,,,,0,0,Cash,Hold Cash,Waiting,,Waiting for 20 completed QLD trading days to establish the channel.,1000.0,0.0,0.0,1000.0,985.26,0.0,-2.28
2006-07-07,32.19,0.93,20.17,34.08,-5.54,,,,0,0,Cash,Hold Cash,Waiting,,Waiting for 20 completed QLD trading days to establish the channel.,1000.0,0.0,0.0,1000.0,974.41,0.0,-3.36
2006-07-10,31.91,0.91,20.82,34.06,-6.31,,,,0,0,Cash,Hold Cash,Waiting,,Waiting for 20 completed QLD trading days to establish the channel.,1000.0,0.0,0.0,1000.0,965.87,0.0,-4.21
2006-07-11,32.15,0.93,20.18,34.04,-5.55,,,,0,0,Cash,Hold Cash,Waiting,,Waiting for 20 completed QLD trading days to establish the channel.,1000.0,0.0,0.0,1000.0,973.11,0.0,-3.49
2006-07-12,31.54,0.89,22.07,34.02,-7.27,,,,0,0,Cash,Hold Cash,Waiting,,Waiting for 20 completed QLD trading days to establish the channel.,1000.0,0.0,0.0,1000.0,954.76,0.0,-5.31
2006-07-13,31.01,0.86,24.66,33.99,-8.74,,,,0,0,Cash,Hold Cash,Waiting,,Waiting for 20 completed QLD trading days to establish the channel.,1000.0,0.0,0.0,1000.0,938.73,0.0,-6.9
2006-07-14,30.7,0.85,24.62,33.95,-9.58,,,,0,0,Cash,Hold Cash,Waiting,,Waiting for 20 completed QLD trading days to establish the channel.,1000.0,0.0,0.0,1000.0,929.16,0.0,-7.85
2006-07-17,30.78,0.85,24.52,33.92,-9.27,,,,0,0,Cash,Hold Cash,Waiting,,Waiting for 20 completed QLD trading days to establish the channel.,1000.0,0.0,0.0,1000.0,931.49,0.0,-7.62
2006-07-18,30.88,0.85,23.89,33.89,-8.89,,,,0,0,Cash,Hold Cash,Waiting,,Waiting for 20 completed QLD trading days to establish the channel.,1000.0,0.0,0.0,1000.0,934.59,0.0,-7.31
2006-07-19,31.28,0.87,22.83,33.87,-7.64,,,,0,0,Cash,Hold Cash,Waiting,,Waiting for 20 completed QLD trading days to establish the channel.,1000.0,0.0,0.0,1000.0,946.74,0.0,-6.1
2006-07-20,30.82,0.85,23.22,33.83,-8.92,0.99,0.85,2.38,0,0,Cash,Hold Cash,No action,,Hold Cash until QLD creates a new Donchian20 breakout; QQQ moving above EMA200 alone is not a re-entry.,1000.0,0.0,0.0,1000.0,932.78,0.0,-7.49
2006-07-21,30.49,0.83,23.2,33.8,-9.79,0.99,0.85,-10.51,0,0,Cash,Hold Cash,No action,,Hold Cash until QLD creates a new Donchian20 breakout; QQQ moving above EMA200 alone is not a re-entry.,1000.0,0.0,0.0,1000.0,922.96,0.0,-8.46
2006-07-24,31.1,0.86,21.78,33.77,-7.92,0.99,0.83,18.61,0,0,Cash,Hold Cash,No action,,Hold Cash until QLD creates a new Donchian20 breakout; QQQ moving above EMA200 alone is not a re-entry.,1000.0,0.0,0.0,1000.0,941.31,0.0,-6.64
2006-07-25,31.28,0.87,21.52,33.75,-7.32,0.99,0.83,23.74,0,0,Cash,Hold Cash,No action,,Hold Cash until QLD creates a new Donchian20 breakout; QQQ moving above EMA200 alone is not a re-entry.,1000.0,0.0,0.0,1000.0,946.74,0.0,-6.1
2006-07-26,31.25,0.87,20.69,33.73,-7.33,0.99,0.83,24.81,0,0,Cash,Hold Cash,No action,,Hold Cash until QLD creates a new Donchian20 breakout; QQQ moving above EMA200 alone is not a re-entry.,1000.0,0.0,0.0,1000.0,945.97,0.0,-6.18
2006-07-27,31.05,0.86,20.79,33.7,-7.86,0.99,0.83,19.44,0,0,Cash,Hold Cash,No action,,Hold Cash until QLD creates a new Donchian20 breakout; QQQ moving above EMA200 alone is not a re-entry.,1000.0,0.0,0.0,1000.0,939.76,0.0,-6.79
2006-07-28,31.7,0.9,19.26,33.68,-5.88,0.99,0.83,40.36,0,0,Cash,Hold Cash,No action,,Hold Cash until QLD creates a new Donchian20 breakout; QQQ moving above EMA200 alone is not a re-entry.,1000.0,0.0,0.0,1000.0,959.41,0.0,-4.85
2006-07-31,31.69,0.89,20.33,33.66,-5.85,0.99,0.83,39.29,0,0,Cash,Hold Cash,No action,,Hold Cash until QLD creates a new Donchian20 breakout; QQQ moving above EMA200 alone is not a re-entry.,1000.0,0.0,0.0,1000.0,959.15,0.0,-4.87
2006-08-01,31.16,0.86,21.38,33.63,-7.36,0.99,0.83,20.68,0,0,Cash,Hold Cash,No action,,Hold Cash until QLD creates a new Donchian20 breakout; QQQ moving above EMA200 alone is not a re-entry.,1000.0,0.0,0.0,1000.0,943.12,0.0,-6.46
2006-08-02,31.51,0.88,20.85,33.61,-6.26,0.95,0.83,39.85,0,0,Cash,Hold Cash,No action,,Hold Cash until QLD creates a new Donchian20 breakout; QQQ moving above EMA200 alone is not a re-entry.,1000.0,0.0,0.0,1000.0,953.72,0.0,-5.41
2006-08-03,31.71,0.89,21.12,33.59,-5.62,0.95,0.83,53.98,0,0,Cash,Hold Cash,No action,,Hold Cash until QLD creates a new Donchian20 breakout; QQQ moving above EMA200 alone is not a re-entry.,1000.0,0.0,0.0,1000.0,959.67,0.0,-4.82
2006-08-04,31.56,0.89,21.63,33.57,-5.99,0.93,0.83,57.08,0,0,Cash,Hold Cash,No action,,Hold Cash until QLD creates a new Donchian20 breakout; QQQ moving above EMA200 alone is not a re-entry.,1000.0,0.0,0.0,1000.0,955.27,0.0,-5.26
2006-08-07,31.36,0.88,22.87,33.55,-6.54,0.93,0.83,46.41,0,0,Cash,Hold Cash,No action,,Hold Cash until QLD creates a new Donchian20 breakout; QQQ moving above EMA200 alone is not a re-entry.,1000.0,0.0,0.0,1000.0,949.07,0.0,-5.87
2006-08-08,31.16,0.86,22.85,33.53,-7.06,0.93,0.83,35.22,0,0,Cash,Hold Cash,No action,,Hold Cash until QLD creates a new Donchian20 breakout; QQQ moving above EMA200 alone is not a re-entry.,1000.0,0.0,0.0,1000.0,943.12,0.0,-6.46
2006-08-09,31.2,0.86,21.6,33.5,-6.87,0.9,0.83,51.64,0,0,Cash,Hold Cash,No action,,Hold Cash until QLD creates a new Donchian20 breakout; QQQ moving above EMA200 alone is not a re-entry.,1000.0,0.0,0.0,1000.0,944.42,0.0,-6.33
2006-08-10,31.42,0.87,20.86,33.48,-6.15,0.9,0.83,68.24,0,0,Cash,Hold Cash,No action,,Hold Cash until QLD creates a new Donchian20 breakout; QQQ moving above EMA200 alone is not a re-entry.,1000.0,0.0,0.0,1000.0,951.14,0.0,-5.67
2006-08-11,31.2,0.87,20.06,33.46,-6.75,0.9,0.83,55.33,0,0,Cash,Hold Cash,No action,,Hold Cash until QLD creates a new Donchian20 breakout; QQQ moving above EMA200 alone is not a re-entry.,1000.0,0.0,0.0,1000.0,944.42,0.0,-6.33
2006-08-14,31.41,0.87,19.11,33.44,-6.08,0.9,0.83,67.21,0,0,Cash,Hold Cash,No action,,Hold Cash until QLD creates a new Donchian20 breakout; QQQ moving above EMA200 alone is not a re-entry.,1000.0,0.0,0.0,1000.0,950.62,0.0,-5.72
2006-08-15,32.2,0.92,18.49,33.43,-3.67,0.9,0.83,135.86,0,1,QLD,Hold QLD,Buy QLD,toQLD,QLD closed above its prior 20-day high; the signal changed to 1 and the account moved fully into QLD.,0.0,0.0,1000.0,1000.0,974.66,0.0,-3.33
2006-08-16,32.96,0.96,18.99,33.42,-1.38,0.92,0.83,148.57,1,1,QLD,Hold QLD,No action,,Hold QLD while the Donchian20 signal remains 1.,0.0,0.0,1047.61,1047.61,997.67,0.0,-1.05
2006-08-17,33.08,0.97,18.96,33.42,-1.01,0.96,0.83,104.57,1,1,QLD,Hold QLD,No action,,Hold QLD while the Donchian20 signal remains 1.,0.0,0.0,1054.27,1054.27,1001.29,0.0,-0.69
2006-08-18,33.13,0.97,18.45,33.42,-0.85,0.97,0.83,99.03,1,1,QLD,Hold QLD,No action,,Hold QLD while the Donchian20 signal remains 1.,0.0,0.0,1052.79,1052.79,1002.84,-0.14,-0.54
2006-08-21,32.82,0.95,19.87,33.41,-1.78,0.97,0.86,82.61,1,1,QLD,Hold QLD,No action,,Hold QLD while the Donchian20 signal remains 1.,0.0,0.0,1033.57,1033.57,993.28,-1.96,-1.49
2006-08-22,32.83,0.95,19.96,33.41,-1.74,0.97,0.86,84.65,1,1,QLD,Hold QLD,No action,,Hold QLD while the Donchian20 signal remains 1.,0.0,0.0,1036.23,1036.23,993.54,-1.71,-1.46
2006-08-23,32.58,0.94,20.61,33.4,-2.45,0.97,0.86,69.81,1,1,QLD,Hold QLD,No action,,Hold QLD while the Donchian20 signal remains 1.,0.0,0.0,1018.78,1018.78,986.04,-3.37,-2.21
2006-08-24,32.67,0.94,19.52,33.39,-2.15,0.97,0.86,76.48,1,1,QLD,Hold QLD,No action,,Hold QLD while the Donchian20 signal remains 1.,0.0,0.0,1026.62,1026.62,988.88,-2.62,-1.92
2006-08-25,32.73,0.95,16.98,33.38,-1.95,0.97,0.86,79.49,1,1,QLD,Hold QLD,No action,,Hold QLD while the Donchian20 signal remains 1.,0.0,0.0,1030.61,1030.61,990.69,-2.24,-1.74
2006-08-28,32.98,0.96,17.23,33.38,-1.2,0.97,0.86,92.31,1,1,QLD,Hold QLD,No action,,Hold QLD while the Donchian20 signal remains 1.,0.0,0.0,1045.39,1045.39,998.19,-0.84,-1.0
2006-08-29,33.08,0.97,17.29,33.38,-0.88,0.97,0.86,98.08,1,1,QLD,Hold QLD,No action,,Hold QLD while the Donchian20 signal remains 1.,0.0,0.0,1052.05,1052.05,1001.29,-0.21,-0.69
2006-08-30,33.24,0.98,16.8,33.38,-0.42,0.97,0.86,106.17,1,1,QLD,Hold QLD,No action,,Hold QLD while the Donchian20 signal remains 1.,0.0,0.0,1061.36,1061.36,1005.95,0.0,-0.23
2006-08-31,33.2,0.97,17.39,33.37,-0.52,0.98,0.86,99.03,1,1,QLD,Hold QLD,No action,,Hold QLD while the Donchian20 signal remains 1.,0.0,0.0,1060.18,1060.18,1004.91,-0.11,-0.33
2006-09-01,33.38,0.98,16.8,33.37,0.02,0.98,0.86,106.9,1,1,QLD,Hold QLD,No action,,Hold QLD while the Donchian20 signal remains 1.,0.0,0.0,1069.79,1069.79,1010.34,0.0,0.0
2006-09-05,33.71,1.0,18.35,33.38,0.98,0.98,0.86,114.72,1,1,QLD,Hold QLD,No action,,Hold QLD while the Donchian20 signal remains 1.,0.0,0.0,1089.01,1089.01,1020.17,0.0,0.0
2006-09-06,33.03,0.96,20.19,33.37,-1.03,1.0,0.86,71.67,1,1,QLD,Hold QLD,No action,,Hold QLD while the Donchian20 signal remains 1.,0.0,0.0,1046.58,1046.58,999.74,-3.9,-2.0
2006-09-07,32.88,0.95,20.37,33.37,-1.47,1.0,0.86,65.45,1,1,QLD,Hold QLD,No action,,Hold QLD while the Donchian20 signal remains 1.,0.0,0.0,1037.26,1037.26,995.09,-4.75,-2.46
2006-09-08,33.07,0.96,19.82,33.37,-0.88,1.0,0.87,71.86,1,1,QLD,Hold QLD,No action,,Hold QLD while the Donchian20 signal remains 1.,0.0,0.0,1047.61,1047.61,1001.03,-3.8,-1.88
2006-09-11,33.28,0.98,19.71,33.36,-0.26,1.0,0.87,81.41,1,1,QLD,Hold QLD,No action,,Hold QLD while the Donchian20 signal remains 1.,0.0,0.0,1061.66,1061.66,1007.24,-2.51,-1.27
2006-09-12,33.89,1.01,18.26,33.37,1.57,1.0,0.87,110.03,1,1,QLD,Hold QLD,No action,,Hold QLD while the Donchian20 signal remains 1.,0.0,0.0,1102.91,1102.91,1025.85,0.0,0.0
2006-09-13,34.12,1.03,17.59,33.38,2.24,1.01,0.92,112.36,1,1,QLD,Hold QLD,No action,,Hold QLD while the Donchian20 signal remains 1.,0.0,0.0,1115.63,1115.63,1032.83,0.0,0.0
2006-09-14,34.16,1.02,17.49,33.39,2.31,1.03,0.94,98.78,1,1,QLD,Hold QLD,No action,,Hold QLD while the Donchian20 signal remains 1.,0.0,0.0,1114.45,1114.45,1033.87,-0.11,0.0
2006-09-15,34.28,1.03,17.75,33.39,2.65,1.03,0.94,109.92,1,1,QLD,Hold QLD,No action,,Hold QLD while the Donchian20 signal remains 1.,0.0,0.0,1125.24,1125.24,1037.57,0.0,0.0
2006-09-18,34.29,1.03,18.45,33.4,2.65,1.03,0.94,99.17,1,1,QLD,Hold QLD,No action,,Hold QLD while the Donchian20 signal remains 1.,0.0,0.0,1124.35,1124.35,1037.83,-0.08,0.0
2006-09-19,34.06,1.02,18.26,33.41,1.94,1.03,0.94,86.39,1,1,QLD,Hold QLD,No action,,Hold QLD while the Donchian20 signal remains 1.,0.0,0.0,1110.75,1110.75,1030.84,-1.29,-0.67
2006-09-20,34.55,1.05,18.45,33.42,3.39,1.03,0.94,117.36,1,1,QLD,Hold QLD,No action,,Hold QLD while the Donchian20 signal remains 1.,0.0,0.0,1143.72,1143.72,1045.84,0.0,0.0
2006-09-21,34.34,1.04,18.2,33.43,2.72,1.05,0.94,88.17,1,1,QLD,Hold QLD,No action,,Hold QLD while the Donchian20 signal remains 1.,0.0,0.0,1128.94,1128.94,1039.38,-1.29,-0.62
2006-09-22,34.08,1.02,18.35,33.44,1.91,1.05,0.94,70.71,1,1,QLD,Hold QLD,No action,,Hold QLD while the Donchian20 signal remains 1.,0.0,0.0,1109.42,1109.42,1031.36,-3.0,-1.39
2006-09-25,34.67,1.06,17.72,33.45,3.66,1.05,0.95,105.88,1,1,QLD,Hold QLD,No action,,Hold QLD while the Donchian20 signal remains 1.,0.0,0.0,1150.38,1150.38,1049.47,0.0,0.0
2006-09-26,34.84,1.07,17.66,33.46,4.13,1.06,0.95,108.37,1,1,QLD,Hold QLD,No action,,Hold QLD while the Donchian20 signal remains 1.,0.0,0.0,1159.84,1159.84,1054.64,0.0,0.0
2006-09-27,34.8,1.06,17.41,33.48,3.96,1.07,0.95,95.17,1,1,QLD,Hold QLD,No action,,Hold QLD while the Donchian20 signal remains 1.,0.0,0.0,1153.93,1153.93,1053.35,-0.51,-0.12
2006-09-28,34.9,1.07,17.02,33.49,4.2,1.07,0.95,100.72,1,1,QLD,Hold QLD,No action,,Hold QLD while the Donchian20 signal remains 1.,0.0,0.0,1160.73,1160.73,1056.19,0.0,0.0
2006-09-29,34.74,1.06,17.68,33.5,3.7,1.07,0.95,92.81,1,1,QLD,Hold QLD,No action,,Hold QLD while the Donchian20 signal remains 1.,0.0,0.0,1151.86,1151.86,1051.54,-0.76,-0.44
2006-10-02,34.31,1.03,19.44,33.51,2.37,1.07,0.95,70.06,1,1,QLD,Hold QLD,No action,,Hold QLD while the Donchian20 signal remains 1.,0.0,0.0,1123.76,1123.76,1038.34,-3.18,-1.69
2006-10-03,34.45,1.04,19.78,33.52,2.78,1.07,0.95,76.53,1,1,QLD,Hold QLD,No action,,Hold QLD while the Donchian20 signal remains 1.,0.0,0.0,1131.75,1131.75,1042.74,-2.5,-1.27
2006-10-04,35.3,1.09,18.52,33.54,5.25,1.07,0.95,118.56,1,1,QLD,Hold QLD,No action,,Hold QLD while the Donchian20 signal remains 1.,0.0,0.0,1183.65,1183.65,1068.35,0.0,0.0
2006-10-05,35.47,1.1,18.15,33.56,5.7,1.09,0.95,110.61,1,1,QLD,Hold QLD,No action,,Hold QLD while the Donchian20 signal remains 1.,0.0,0.0,1199.17,1199.17,1073.52,0.0,0.0
2006-10-06,35.39,1.1,18.03,33.58,5.41,1.1,0.96,95.61,1,1,QLD,Hold QLD,No action,,Hold QLD while the Donchian20 signal remains 1.,0.0,0.0,1192.52,1192.52,1071.19,-0.55,-0.22
2006-10-09,35.51,1.1,18.28,33.59,5.71,1.1,0.98,99.46,1,1,QLD,Hold QLD,No action,,Hold QLD while the Donchian20 signal remains 1.,0.0,0.0,1198.43,1198.43,1074.82,-0.06,0.0
2006-10-10,35.57,1.11,18.86,33.61,5.82,1.1,1.01,106.14,1,1,QLD,Hold QLD,No action,,Hold QLD while the Donchian20 signal remains 1.,0.0,0.0,1205.09,1205.09,1076.63,0.0,0.0
2006-10-11,35.5,1.1,18.51,33.63,5.56,1.11,1.02,95.36,1,1,QLD,Hold QLD,No action,,Hold QLD while the Donchian20 signal remains 1.,0.0,0.0,1200.65,1200.65,1074.56,-0.37,-0.19
2006-10-12,36.07,1.14,17.64,33.66,7.16,1.11,1.02,137.09,1,1,QLD,Hold QLD,No action,,Hold QLD while the Donchian20 signal remains 1.,0.0,0.0,1240.57,1240.57,1091.63,0.0,0.0
2006-10-13,36.26,1.15,17.83,33.68,7.66,1.14,1.02,107.22,1,1,QLD,Hold QLD,No action,,Hold QLD while the Donchian20 signal remains 1.,0.0,0.0,1250.04,1250.04,1097.58,0.0,0.0
2006-10-16,36.3,1.15,18.45,33.71,7.68,1.15,1.02,101.68,1,1,QLD,Hold QLD,No action,,Hold QLD while the Donchian20 signal remains 1.,0.0,0.0,1252.4,1252.4,1098.62,0.0,0.0
2006-10-17,35.9,1.13,18.88,33.73,6.42,1.15,1.02,82.94,1,1,QLD,Hold QLD,No action,,Hold QLD while the Donchian20 signal remains 1.,0.0,0.0,1228.0,1228.0,1086.46,-1.95,-1.11
2006-10-18,35.72,1.11,18.09,33.75,5.85,1.15,1.02,71.04,1,1,QLD,Hold QLD,No action,,Hold QLD while the Donchian20 signal remains 1.,0.0,0.0,1211.0,1211.0,1081.28,-3.31,-1.58
2006-10-19,35.81,1.12,16.93,33.77,6.04,1.15,1.02,78.28,1,1,QLD,Hold QLD,No action,,Hold QLD while the Donchian20 signal remains 1.,0.0,0.0,1221.35,1221.35,1083.87,-2.48,-1.34
2006-10-20,35.9,1.13,16.7,33.79,6.22,1.15,1.02,80.35,1,1,QLD,Hold QLD,No action,,Hold QLD while the Donchian20 signal remains 1.,0.0,0.0,1224.31,1224.31,1086.46,-2.24,-1.11
2006-10-23,36.26,1.15,17.51,33.82,7.23,1.15,1.03,95.17,1,1,QLD,Hold QLD,No action,,Hold QLD while the Donchian20 signal remains 1.,0.0,0.0,1246.19,1246.19,1097.58,-0.5,-0.09
2006-10-24,36.02,1.14,17.25,33.84,6.43,1.15,1.03,85.98,1,1,QLD,Hold QLD,No action,,Hold QLD while the Donchian20 signal remains 1.,0.0,0.0,1234.36,1234.36,1090.08,-1.44,-0.78
2006-10-25,36.26,1.15,16.78,33.86,7.09,1.15,1.03,97.7,1,1,QLD,Hold QLD,No action,,Hold QLD while the Donchian20 signal remains 1.,0.0,0.0,1249.45,1249.45,1097.58,-0.24,-0.09
2006-10-26,36.6,1.17,16.59,33.89,7.99,1.15,1.03,113.22,1,1,QLD,Hold QLD,No action,,Hold QLD while the Donchian20 signal remains 1.,0.0,0.0,1269.41,1269.41,1107.67,0.0,0.0
2006-10-27,36.08,1.13,17.41,33.91,6.38,1.17,1.03,75.33,1,1,QLD,Hold QLD,No action,,Hold QLD while the Donchian20 signal remains 1.,0.0,0.0,1233.48,1233.48,1091.89,-2.83,-1.42
2006-10-30,36.31,1.15,17.99,33.94,6.98,1.17,1.03,85.28,1,1,QLD,Hold QLD,No action,,Hold QLD while the Donchian20 signal remains 1.,0.0,0.0,1247.97,1247.97,1098.87,-1.69,-0.79
2006-10-31,36.39,1.15,17.3,33.96,7.16,1.17,1.04,89.8,1,1,QLD,Hold QLD,No action,,Hold QLD while the Donchian20 signal remains 1.,0.0,0.0,1255.36,1255.36,1101.46,-1.11,-0.56
2006-11-01,35.9,1.12,17.98,33.98,5.64,1.17,1.09,43.97,1,1,QLD,Hold QLD,No action,,Hold QLD while the Donchian20 signal remains 1.,0.0,0.0,1221.35,1221.35,1086.46,-3.79,-1.91
2006-11-02,35.93,1.12,18.12,34.0,5.68,1.17,1.1,39.04,1,1,QLD,Hold QLD,No action,,Hold QLD while the Donchian20 signal remains 1.,0.0,0.0,1222.53,1222.53,1087.49,-3.69,-1.82
2006-11-03,35.84,1.12,17.23,34.02,5.35,1.17,1.1,29.81,1,1,QLD,Hold QLD,No action,,Hold QLD while the Donchian20 signal remains 1.,0.0,0.0,1215.44,1215.44,1084.65,-4.25,-2.08
2006-11-06,36.36,1.14,17.39,34.04,6.81,1.17,1.1,62.5,1,1,QLD,Hold QLD,No action,,Hold QLD while the Donchian20 signal remains 1.,0.0,0.0,1242.79,1242.79,1100.43,-2.1,-0.65
2006-11-07,36.6,1.17,17.51,34.07,7.45,1.17,1.1,97.85,1,1,QLD,Hold QLD,No action,,Hold QLD while the Donchian20 signal remains 1.,0.0,0.0,1267.93,1267.93,1107.93,-0.12,0.0
2006-11-08,36.78,1.18,16.39,34.09,7.87,1.17,1.1,122.8,1,1,QLD,Hold QLD,No action,,Hold QLD while the Donchian20 signal remains 1.,0.0,0.0,1285.08,1285.08,1113.1,0.0,0.0
2006-11-09,36.6,1.17,16.66,34.12,7.29,1.18,1.11,75.85,1,1,QLD,Hold QLD,No action,,Hold QLD while the Donchian20 signal remains 1.,0.0,0.0,1267.19,1267.19,1107.93,-1.39,-0.46
2006-11-10,36.78,1.18,15.52,34.14,7.71,1.18,1.11,94.81,1,1,QLD,Hold QLD,No action,,Hold QLD while the Donchian20 signal remains 1.,0.0,0.0,1281.24,1281.24,1113.1,-0.3,0.0
2006-11-13,37.15,1.2,16.2,34.17,8.71,1.18,1.11,122.75,1,1,QLD,Hold QLD,No action,,Hold QLD while the Donchian20 signal remains 1.,0.0,0.0,1301.94,1301.94,1124.48,0.0,0.0
2006-11-14,37.55,1.23,15.36,34.21,9.76,1.2,1.11,136.59,1,1,QLD,Hold QLD,No action,,Hold QLD while the Donchian20 signal remains 1.,0.0,0.0,1335.21,1335.21,1136.38,0.0,0.0
2006-11-15,37.7,1.24,15.4,34.24,10.09,1.23,1.11,106.79,1,1,QLD,Hold QLD,No action,,Hold QLD while the Donchian20 signal remains 1.,0.0,0.0,1343.63,1343.63,1141.04,0.0,0.0
2006-11-16,37.86,1.25,15.36,34.28,10.45,1.24,1.12,110.73,1,1,QLD,Hold QLD,No action,,Hold QLD while the Donchian20 signal remains 1.,0.0,0.0,1357.39,1357.39,1145.95,0.0,0.0
2006-11-17,37.86,1.25,15.31,34.31,10.34,1.25,1.12,97.92,1,1,QLD,Hold QLD,No action,,Hold QLD while the Donchian20 signal remains 1.,0.0,0.0,1354.43,1354.43,1145.95,-0.22,0.0
2006-11-20,37.94,1.25,15.13,34.35,10.45,1.25,1.12,101.56,1,1,QLD,Hold QLD,No action,,Hold QLD while the Donchian20 signal remains 1.,0.0,0.0,1359.6,1359.6,1148.28,0.0,0.0
2006-11-21,37.99,1.25,15.05,34.39,10.48,1.25,1.12,102.56,1,1,QLD,Hold QLD,No action,,Hold QLD while the Donchian20 signal remains 1.,0.0,0.0,1363.3,1363.3,1149.83,0.0,0.0
2006-11-22,38.23,1.27,14.95,34.42,11.05,1.25,1.12,111.6,1,1,QLD,Hold QLD,No action,,Hold QLD while the Donchian20 signal remains 1.,0.0,0.0,1380.45,1380.45,1157.08,0.0,0.0
2006-11-24,38.16,1.26,15.59,34.46,10.73,1.27,1.12,94.71,1,1,QLD,Hold QLD,No action,,Hold QLD while the Donchian20 signal remains 1.,0.0,0.0,1371.73,1371.73,1155.01,-0.63,-0.18
2006-11-27,37.3,1.2,17.6,34.49,8.14,1.27,1.12,57.26,1,1,QLD,Hold QLD,No action,,Hold QLD while the Donchian20 signal remains 1.,0.0,0.0,1309.92,1309.92,1128.88,-5.11,-2.44
2006-11-28,37.41,1.21,17.33,34.52,8.37,1.27,1.12,59.59,1,1,QLD,Hold QLD,No action,,Hold QLD while the Donchian20 signal remains 1.,0.0,0.0,1313.77,1313.77,1132.24,-4.83,-2.15
2006-11-29,37.66,1.23,16.78,34.55,9.01,1.27,1.12,72.58,1,1,QLD,Hold QLD,No action,,Hold QLD while the Donchian20 signal remains 1.,0.0,0.0,1335.21,1335.21,1140.0,-3.28,-1.48
2006-11-30,37.64,1.22,16.53,34.58,8.84,1.27,1.12,70.07,1,1,QLD,Hold QLD,No action,,Hold QLD while the Donchian20 signal remains 1.,0.0,0.0,1331.07,1331.07,1139.23,-3.58,-1.54
2006-12-01,37.31,1.21,16.6,34.61,7.82,1.27,1.12,59.32,1,1,QLD,Hold QLD,No action,,Hold QLD while the Donchian20 signal remains 1.,0.0,0.0,1313.32,1313.32,1129.4,-4.86,-2.39
2006-12-04,37.83,1.24,16.49,34.64,9.2,1.27,1.12,79.3,1,1,QLD,Hold QLD,No action,,Hold QLD while the Donchian20 signal remains 1.,0.0,0.0,1346.29,1346.29,1144.92,-2.47,-1.05
2006-12-05,37.96,1.24,16.2,34.67,9.49,1.27,1.14,79.91,1,1,QLD,Hold QLD,No action,,Hold QLD while the Donchian20 signal remains 1.,0.0,0.0,1352.8,1352.8,1149.06,-2.0,-0.69
2006-12-06,37.83,1.23,16.46,34.7,9.0,1.27,1.17,66.84,1,1,QLD,Hold QLD,No action,,Hold QLD while the Donchian20 signal remains 1.,0.0,0.0,1342.9,1342.9,1144.92,-2.72,-1.05
2006-12-07,37.35,1.2,17.93,34.73,7.54,1.27,1.17,37.86,1,1,QLD,Hold QLD,No action,,Hold QLD while the Donchian20 signal remains 1.,0.0,0.0,1310.07,1310.07,1130.43,-5.1,-2.3
2006-12-08,37.52,1.22,17.14,34.76,7.94,1.27,1.17,49.61,1,1,QLD,Hold QLD,No action,,Hold QLD while the Donchian20 signal remains 1.,0.0,0.0,1323.38,1323.38,1135.61,-4.13,-1.86
2006-12-11,37.66,1.23,15.54,34.79,8.25,1.27,1.18,52.91,1,1,QLD,Hold QLD,No action,,Hold QLD while the Donchian20 signal remains 1.,0.0,0.0,1333.73,1333.73,1139.75,-3.38,-1.5
2006-12-12,37.43,1.21,15.25,34.81,7.53,1.27,1.2,18.27,1,1,QLD,Hold QLD,No action,,Hold QLD while the Donchian20 signal remains 1.,0.0,0.0,1316.28,1316.28,1133.02,-4.65,-2.08
2006-12-13,37.5,1.21,14.9,34.84,7.64,1.27,1.2,13.84,1,1,QLD,Hold QLD,No action,,Hold QLD while the Donchian20 signal remains 1.,0.0,0.0,1319.68,1319.68,1135.09,-4.4,-1.9
2006-12-14,37.92,1.24,14.09,34.87,8.75,1.27,1.2,53.67,1,1,QLD,Hold QLD,No action,,Hold QLD while the Donchian20 signal remains 1.,0.0,0.0,1347.77,1347.77,1147.76,-2.37,-0.8
2006-12-15,38.02,1.25,15.15,34.9,8.93,1.27,1.2,66.25,1,1,QLD,Hold QLD,No action,,Hold QLD while the Donchian20 signal remains 1.,0.0,0.0,1356.65,1356.65,1150.72,-1.72,-0.55
2006-12-18,37.64,1.22,16.22,34.93,7.76,1.27,1.2,22.22,1,1,QLD,Hold QLD,No action,,Hold QLD while the Donchian20 signal remains 1.,0.0,0.0,1325.59,1325.59,1139.32,-3.97,-1.53
2006-12-19,37.52,1.21,16.55,34.96,7.34,1.27,1.2,14.89,1,1,QLD,Hold QLD,No action,,Hold QLD while the Donchian20 signal remains 1.,0.0,0.0,1320.42,1320.42,1135.7,-4.35,-1.85
2006-12-20,37.39,1.21,16.07,34.98,6.88,1.27,1.2,1.96,1,1,QLD,Hold QLD,No action,,Hold QLD while the Donchian20 signal remains 1.,0.0,0.0,1311.31,1311.31,1131.55,-5.01,-2.21
2006-12-21,37.12,1.19,16.41,35.0,6.05,1.27,1.2,-23.7,1,0,QQQ,Hold QQQ,Reduce QLD to QQQ,QLD->QQQ_on_Donchian_exit,QLD closed below its prior 20-day low; the signal changed to 0 and the account reduced to QQQ.,0.0,1293.2,0.0,1293.2,1123.52,-6.32,-2.9
2006-12-22,36.74,1.17,17.2,35.02,4.9,1.26,1.19,-31.07,0,0,QQQ,Hold QQQ,No action,,Hold QQQ after the Donchian exit while QQQ remains at or above EMA200.,0.0,1279.79,0.0,1279.79,1111.87,-7.29,-3.91
2006-12-26,36.89,1.17,17.44,35.04,5.29,1.25,1.17,7.17,0,0,QQQ,Hold QQQ,No action,,Hold QQQ after the Donchian exit while QQQ remains at or above EMA200.,0.0,1285.15,0.0,1285.15,1116.53,-6.9,-3.5
2006-12-27,37.08,1.18,16.46,35.06,5.76,1.25,1.17,21.33,0,0,QQQ,Hold QQQ,No action,,Hold QQQ after the Donchian exit while QQQ remains at or above EMA200.,0.0,1291.71,0.0,1291.71,1122.23,-6.43,-3.01
2006-12-28,36.9,1.17,16.32,35.08,5.19,1.25,1.17,8.96,0,0,QQQ,Hold QQQ,No action,,Hold QQQ after the Donchian exit while QQQ remains at or above EMA200.,0.0,1285.45,0.0,1285.45,1116.79,-6.88,-3.48
2006-12-29,36.93,1.17,16.23,35.09,5.24,1.25,1.17,7.89,0,0,QQQ,Hold QQQ,No action,,Hold QQQ after the Donchian exit while QQQ remains at or above EMA200.,0.0,1286.64,0.0,1286.64,1117.82,-6.8,-3.39
2007-01-03,37.0,1.18,17.5,35.11,5.37,1.25,1.17,12.55,0,0,QQQ,Hold QQQ,No action,,Hold QQQ after the Donchian exit while QQQ remains at or above EMA200.,0.0,1289.03,0.0,1289.03,1119.9,-6.62,-3.21
2007-01-04,37.7,1.22,16.99,35.14,7.29,1.25,1.17,64.87,0,0,QQQ,Hold QQQ,No action,,Hold QQQ after the Donchian exit while QQQ remains at or above EMA200.,0.0,1313.47,0.0,1313.47,1141.13,-4.85,-1.38
2007-01-05,37.52,1.2,17.9,35.16,6.71,1.25,1.17,43.01,0,0,QQQ,Hold QQQ,No action,,Hold QQQ after the Donchian exit while QQQ remains at or above EMA200.,0.0,1307.21,0.0,1307.21,1135.7,-5.31,-1.85
2007-01-08,37.55,1.21,18.35,35.19,6.71,1.25,1.17,52.33,0,0,QQQ,Hold QQQ,No action,,Hold QQQ after the Donchian exit while QQQ remains at or above EMA200.,0.0,1308.11,0.0,1308.11,1136.47,-5.24,-1.78
2007-01-09,37.74,1.22,17.89,35.21,7.17,1.25,1.17,70.61,0,0,QQQ,Hold QQQ,No action,,Hold QQQ after the Donchian exit while QQQ remains at or above EMA200.,0.0,1314.67,0.0,1314.67,1142.17,-4.77,-1.29
2007-01-10,38.18,1.26,17.25,35.24,8.34,1.25,1.17,110.21,0,1,QLD,Hold QLD,Buy QLD,toQLD,QLD closed above its prior 20-day high; the signal changed to 1 and the account moved fully into QLD.,0.0,0.0,1330.17,1330.17,1155.64,-3.64,-0.12
2007-01-11,38.57,1.28,17.02,35.27,9.36,1.26,1.17,123.58,1,1,QLD,Hold QLD,No action,,Hold QLD while the Donchian20 signal remains 1.,0.0,0.0,1352.4,1352.4,1167.55,-2.03,0.0
2007-01-12,38.77,1.29,16.56,35.31,9.81,1.28,1.17,111.84,1,1,QLD,Hold QLD,No action,,Hold QLD while the Donchian20 signal remains 1.,0.0,0.0,1366.2,1366.2,1173.51,-1.03,0.0
2007-01-16,38.75,1.29,17.28,35.34,9.63,1.29,1.17,100.0,1,1,QLD,Hold QLD,No action,,Hold QLD while the Donchian20 signal remains 1.,0.0,0.0,1366.2,1366.2,1172.73,-1.03,-0.07
2007-01-17,38.43,1.27,16.92,35.37,8.64,1.29,1.17,80.94,1,1,QLD,Hold QLD,No action,,Hold QLD while the Donchian20 signal remains 1.,0.0,0.0,1341.36,1341.36,1163.15,-2.83,-0.88
2007-01-18,37.72,1.21,17.63,35.4,6.56,1.29,1.17,38.82,1,1,QLD,Hold QLD,No action,,Hold QLD while the Donchian20 signal remains 1.,0.0,0.0,1286.47,1286.47,1141.65,-6.81,-2.71
2007-01-19,37.8,1.22,16.81,35.42,6.7,1.29,1.17,41.76,1,1,QLD,Hold QLD,No action,,Hold QLD while the Donchian20 signal remains 1.,0.0,0.0,1290.3,1290.3,1143.98,-6.53,-2.52
2007-01-22,37.39,1.19,17.65,35.44,5.49,1.29,1.17,22.35,1,1,QLD,Hold QLD,No action,,Hold QLD while the Donchian20 signal remains 1.,0.0,0.0,1265.0,1265.0,1131.55,-8.36,-3.58
2007-01-23,37.29,1.19,17.34,35.46,5.17,1.29,1.17,17.77,1,1,QLD,Hold QLD,No action,,Hold QLD while the Donchian20 signal remains 1.,0.0,0.0,1259.02,1259.02,1128.7,-8.8,-3.82
2007-01-24,37.91,1.22,16.61,35.48,6.83,1.29,1.17,47.06,1,1,QLD,Hold QLD,No action,,Hold QLD while the Donchian20 signal remains 1.,0.0,0.0,1297.2,1297.2,1147.35,-6.03,-2.23
2007-01-25,37.42,1.19,17.63,35.5,5.4,1.29,1.17,20.0,1,1,QLD,Hold QLD,No action,,Hold QLD while the Donchian20 signal remains 1.,0.0,0.0,1261.93,1261.93,1132.59,-8.59,-3.49
2007-01-26,37.28,1.18,17.52,35.52,4.96,1.29,1.17,9.01,1,1,QLD,Hold QLD,No action,,Hold QLD while the Donchian20 signal remains 1.,0.0,0.0,1253.19,1253.19,1128.44,-9.22,-3.84
2007-01-29,37.32,1.19,18.16,35.54,5.0,1.29,1.17,14.52,1,1,QLD,Hold QLD,No action,,Hold QLD while the Donchian20 signal remains 1.,0.0,0.0,1260.55,1260.55,1129.48,-8.69,-3.75
2007-01-30,37.33,1.19,17.98,35.56,5.0,1.29,1.17,17.25,1,1,QLD,Hold QLD,No action,,Hold QLD while the Donchian20 signal remains 1.,0.0,0.0,1263.93,1263.93,1130.0,-8.44,-3.71
2007-01-31,37.71,1.21,17.19,35.58,5.99,1.29,1.17,29.9,1,1,QLD,Hold QLD,No action,,Hold QLD while the Donchian20 signal remains 1.,0.0,0.0,1279.57,1279.57,1141.39,-7.31,-2.74
2007-02-01,37.65,1.21,17.11,35.6,5.77,1.29,1.18,28.85,1,1,QLD,Hold QLD,No action,,Hold QLD while the Donchian20 signal remains 1.,0.0,0.0,1281.1,1281.1,1139.58,-7.2,-2.89
2007-02-02,37.79,1.22,16.43,35.62,6.08,1.29,1.18,34.46,1,1,QLD,Hold QLD,No action,,Hold QLD while the Donchian20 signal remains 1.,0.0,0.0,1292.14,1292.14,1143.72,-6.4,-2.54
2007-02-05,37.75,1.22,16.84,35.64,5.93,1.29,1.18,30.53,1,1,QLD,Hold QLD,No action,,Hold QLD while the Donchian20 signal remains 1.,0.0,0.0,1287.69,1287.69,1142.69,-6.72,-2.63
2007-02-06,37.7,1.21,16.61,35.66,5.72,1.29,1.18,25.37,1,1,QLD,Hold QLD,No action,,Hold QLD while the Donchian20 signal remains 1.,0.0,0.0,1281.87,1281.87,1141.13,-7.14,-2.76
2007-02-07,38.04,1.24,16.17,35.69,6.61,1.29,1.18,52.37,1,1,QLD,Hold QLD,No action,,Hold QLD while the Donchian20 signal remains 1.,0.0,0.0,1312.38,1312.38,1151.49,-4.93,-1.88
2007-02-08,38.04,1.24,16.14,35.71,6.52,1.29,1.18,52.78,1,1,QLD,Hold QLD,No action,,Hold QLD while the Donchian20 signal remains 1.,0.0,0.0,1312.84,1312.84,1151.24,-4.9,-1.9
2007-02-09,37.55,1.2,17.11,35.73,5.1,1.29,1.18,16.55,1,1,QLD,Hold QLD,No action,,Hold QLD while the Donchian20 signal remains 1.,0.0,0.0,1271.9,1271.9,1136.47,-7.86,-3.16
2007-02-12,37.4,1.19,17.34,35.74,4.64,1.29,1.18,7.6,1,1,QLD,Hold QLD,No action,,Hold QLD while the Donchian20 signal remains 1.,0.0,0.0,1261.78,1261.78,1132.07,-8.6,-3.53
2007-02-13,37.53,1.2,15.83,35.76,4.95,1.29,1.18,19.81,1,1,QLD,Hold QLD,No action,,Hold QLD while the Donchian20 signal remains 1.,0.0,0.0,1275.58,1275.58,1135.95,-7.6,-3.2
2007-02-14,38.16,1.24,15.37,35.79,6.65,1.27,1.18,68.7,1,1,QLD,Hold QLD,No action,,Hold QLD while the Donchian20 signal remains 1.,0.0,0.0,1313.76,1313.76,1155.12,-4.83,-1.57
2007-02-15,38.39,1.25,15.27,35.81,7.19,1.24,1.18,123.04,1,1,QLD,Hold QLD,No action,,Hold QLD while the Donchian20 signal remains 1.,0.0,0.0,1327.71,1327.71,1161.85,-3.82,-0.99
2007-02-16,38.26,1.25,14.83,35.84,6.76,1.25,1.18,94.03,1,1,QLD,Hold QLD,No action,,Hold QLD while the Donchian20 signal remains 1.,0.0,0.0,1323.27,1323.27,1157.97,-4.14,-1.32
2007-02-20,38.55,1.26,15.77,35.86,7.49,1.25,1.18,114.61,1,1,QLD,Hold QLD,No action,,Hold QLD while the Donchian20 signal remains 1.,0.0,0.0,1338.6,1338.6,1166.77,-3.03,-0.57
2007-02-21,38.67,1.27,15.38,35.89,7.74,1.26,1.18,110.23,1,1,QLD,Hold QLD,No action,,Hold QLD while the Donchian20 signal remains 1.,0.0,0.0,1347.34,1347.34,1170.4,-2.4,-0.26
2007-02-22,38.87,1.29,15.3,35.92,8.2,1.27,1.18,115.15,1,1,QLD,Hold QLD,No action,,Hold QLD while the Donchian20 signal remains 1.,0.0,0.0,1361.6,1361.6,1176.36,-1.37,0.0
2007-02-23,38.73,1.27,15.32,35.95,7.73,1.29,1.18,88.68,1,1,QLD,Hold QLD,No action,,Hold QLD while the Donchian20 signal remains 1.,0.0,0.0,1349.33,1349.33,1172.21,-2.25,-0.35
2007-02-26,38.54,1.26,15.99,35.97,7.13,1.29,1.18,77.37,1,1,QLD,Hold QLD,No action,,Hold QLD while the Donchian20 signal remains 1.,0.0,0.0,1337.07,1337.07,1166.52,-3.14,-0.84
2007-02-27,36.96,1.14,22.97,35.98,2.71,1.29,1.19,-51.75,1,0,QQQ,Hold QQQ,Reduce QLD to QQQ,QLD->QQQ_on_Donchian_exit,QLD closed below its prior 20-day low; the signal changed to 0 and the account reduced to QQQ.,0.0,1208.27,0.0,1208.27,1118.6,-12.47,-4.91
2007-02-28,37.08,1.17,20.53,35.99,3.01,1.29,1.14,16.9,0,0,QQQ,Hold QQQ,No action,,Hold QQQ after the Donchian exit while QQQ remains at or above EMA200.,0.0,1212.18,0.0,1212.18,1122.23,-12.19,-4.6
2007-03-01,36.91,1.15,21.51,36.0,2.51,1.29,1.14,8.5,0,0,QQQ,Hold QQQ,No action,,Hold QQQ after the Donchian exit while QQQ remains at or above EMA200.,0.0,1206.59,0.0,1206.59,1117.05,-12.59,-5.04
2007-03-02,36.35,1.11,23.66,36.01,0.95,1.29,1.14,-19.4,0,0,QQQ,Hold QQQ,No action,,Hold QQQ after the Donchian exit while QQQ remains at or above EMA200.,0.0,1188.4,0.0,1188.4,1100.21,-13.91,-6.47
2007-03-05,36.07,1.1,24.61,36.01,0.17,1.29,1.11,-8.88,0,0,QQQ,Hold QQQ,No action,,Hold QQQ after the Donchian exit while QQQ remains at or above EMA200.,0.0,1179.17,0.0,1179.17,1091.67,-14.58,-7.2
2007-03-06,36.67,1.14,21.19,36.01,1.81,1.29,1.1,21.31,0,0,QQQ,Hold QQQ,No action,,Hold QQQ after the Donchian exit while QQQ remains at or above EMA200.,0.0,1198.76,0.0,1198.76,1109.8,-13.16,-5.66
2007-03-07,36.52,1.13,20.56,36.02,1.39,1.29,1.1,15.77,0,0,QQQ,Hold QQQ,No action,,Hold QQQ after the Donchian exit while QQQ remains at or above EMA200.,0.0,1194.0,0.0,1194.0,1105.39,-13.51,-6.03
2007-03-08,36.77,1.15,19.79,36.03,2.06,1.29,1.1,26.92,0,0,QQQ,Hold QQQ,No action,,Hold QQQ after the Donchian exit while QQQ remains at or above EMA200.,0.0,1202.11,0.0,1202.11,1112.9,-12.92,-5.39
2007-03-09,36.74,1.14,18.94,36.03,1.95,1.29,1.1,24.77,0,0,QQQ,Hold QQQ,No action,,Hold QQQ after the Donchian exit while QQQ remains at or above EMA200.,0.0,1200.99,0.0,1200.99,1111.87,-13.0,-5.48
2007-03-12,36.97,1.15,18.52,36.04,2.58,1.29,1.1,30.38,0,0,QQQ,Hold QQQ,No action,,Hold QQQ after the Donchian exit while QQQ remains at or above EMA200.,0.0,1208.83,0.0,1208.83,1119.12,-12.43,-4.87
2007-03-13,36.26,1.11,22.04,36.05,0.58,1.29,1.1,7.15,0,0,QQQ,Hold QQQ,No action,,Hold QQQ after the Donchian exit while QQQ remains at or above EMA200.,0.0,1185.33,0.0,1185.33,1097.36,-14.13,-6.72
2007-03-14,36.79,1.14,19.77,36.05,2.03,1.29,1.1,23.54,0,0,QQQ,Hold QQQ,No action,,Hold QQQ after the Donchian exit while QQQ remains at or above EMA200.,0.0,1202.67,0.0,1202.67,1113.42,-12.88,-5.35
2007-03-15,36.7,1.14,18.79,36.06,1.78,1.29,1.1,21.85,0,0,QQQ,Hold QQQ,No action,,Hold QQQ after the Donchian exit while QQQ remains at or above EMA200.,0.0,1199.87,0.0,1199.87,1110.83,-13.08,-5.57
2007-03-16,36.67,1.13,19.6,36.07,1.68,1.29,1.1,19.62,0,0,QQQ,Hold QQQ,No action,,Hold QQQ after the Donchian exit while QQQ remains at or above EMA200.,0.0,1198.95,0.0,1198.95,1109.98,-13.15,-5.64
2007-03-19,37.05,1.16,18.38,36.08,2.7,1.29,1.1,31.77,0,0,QQQ,Hold QQQ,No action,,Hold QQQ after the Donchian exit while QQQ remains at or above EMA200.,0.0,1211.27,0.0,1211.27,1121.38,-12.26,-4.67
2007-03-20,37.31,1.17,17.6,36.09,3.4,1.29,1.1,40.0,0,0,QQQ,Hold QQQ,No action,,Hold QQQ after the Donchian exit while QQQ remains at or above EMA200.,0.0,1219.95,0.0,1219.95,1129.41,-11.63,-3.99
2007-03-21,38.03,1.22,17.2,36.11,5.34,1.29,1.1,63.08,0,0,QQQ,Hold QQQ,No action,,Hold QQQ after the Donchian exit while QQQ remains at or above EMA200.,0.0,1243.46,0.0,1243.46,1151.18,-9.92,-2.14
2007-03-22,37.9,1.21,16.77,36.12,4.91,1.29,1.1,59.23,0,0,QQQ,Hold QQQ,No action,,Hold QQQ after the Donchian exit while QQQ remains at or above EMA200.,0.0,1238.98,0.0,1238.98,1147.04,-10.25,-2.49
2007-03-23,37.78,1.2,17.17,36.14,4.53,1.27,1.1,57.13,0,0,QQQ,Hold QQQ,No action,,Hold QQQ after the Donchian exit while QQQ remains at or above EMA200.,0.0,1235.06,0.0,1235.06,1143.41,-10.53,-2.8
2007-03-26,37.93,1.21,17.0,36.16,4.9,1.26,1.1,66.75,0,0,QQQ,Hold QQQ,No action,,Hold QQQ after the Donchian exit while QQQ remains at or above EMA200.,0.0,1240.1,0.0,1240.1,1148.07,-10.17,-2.4
2007-03-27,37.67,1.19,17.2,36.17,4.12,1.22,1.1,81.97,0,0,QQQ,Hold QQQ,No action,,Hold QQQ after the Donchian exit while QQQ remains at or above EMA200.,0.0,1231.42,0.0,1231.42,1140.04,-10.8,-3.09
2007-03-28,37.26,1.17,18.56,36.18,2.98,1.22,1.1,61.12,0,0,QQQ,Hold QQQ,No action,,Hold QQQ after the Donchian exit while QQQ remains at or above EMA200.,0.0,1218.27,0.0,1218.27,1127.86,-11.75,-4.12
2007-03-29,37.31,1.17,18.53,36.2,3.07,1.22,1.1,59.9,0,0,QQQ,Hold QQQ,No action,,Hold QQQ after the Donchian exit while QQQ remains at or above EMA200.,0.0,1219.67,0.0,1219.67,1129.15,-11.65,-4.01
2007-03-30,37.27,1.17,18.24,36.21,2.94,1.22,1.1,63.31,0,0,QQQ,Hold QQQ,No action,,Hold QQQ after the Donchian exit while QQQ remains at or above EMA200.,0.0,1218.55,0.0,1218.55,1128.12,-11.73,-4.1
2007-04-02,37.32,1.17,18.6,36.22,3.05,1.22,1.1,59.65,0,0,QQQ,Hold QQQ,No action,,Hold QQQ after the Donchian exit while QQQ remains at or above EMA200.,0.0,1220.23,0.0,1220.23,1129.67,-11.61,-3.97
2007-04-03,37.81,1.2,17.69,36.23,4.35,1.22,1.11,86.55,0,0,QQQ,Hold QQQ,No action,,Hold QQQ after the Donchian exit while QQQ remains at or above EMA200.,0.0,1236.18,0.0,1236.18,1144.44,-10.45,-2.71
2007-04-04,37.97,1.21,17.1,36.25,4.73,1.22,1.11,93.29,0,0,QQQ,Hold QQQ,No action,,Hold QQQ after the Donchian exit while QQQ remains at or above EMA200.,0.0,1241.22,0.0,1241.22,1149.11,-10.09,-2.32
2007-04-05,38.15,1.22,16.75,36.27,5.19,1.22,1.11,105.67,0,1,QLD,Hold QLD,Buy QLD,toQLD,QLD closed above its prior 20-day high; the signal changed to 1 and the account moved fully into QLD.,0.0,0.0,1247.38,1247.38,1154.81,-9.64,-1.83
2007-04-09,38.06,1.22,17.77,36.29,4.88,1.22,1.11,94.66,1,1,QLD,Hold QLD,No action,,Hold QLD while the Donchian20 signal remains 1.,0.0,0.0,1241.32,1241.32,1151.96,-10.08,-2.07
2007-04-10,38.26,1.23,17.02,36.31,5.37,1.22,1.11,103.12,1,1,QLD,Hold QLD,No action,,Hold QLD while the Donchian20 signal remains 1.,0.0,0.0,1250.93,1250.93,1157.92,-9.38,-1.57
2007-04-11,37.85,1.2,17.74,36.32,4.22,1.23,1.11,78.16,1,1,QLD,Hold QLD,No action,,Hold QLD while the Donchian20 signal remains 1.,0.0,0.0,1225.36,1225.36,1145.74,-11.24,-2.6
2007-04-12,38.15,1.22,17.42,36.34,4.99,1.23,1.13,95.4,1,1,QLD,Hold QLD,No action,,Hold QLD while the Donchian20 signal remains 1.,0.0,0.0,1246.64,1246.64,1154.81,-9.69,-1.83
2007-04-13,38.23,1.23,16.84,36.36,5.15,1.23,1.13,100.16,1,1,QLD,Hold QLD,No action,,Hold QLD while the Donchian20 signal remains 1.,0.0,0.0,1251.07,1251.07,1157.14,-9.37,-1.63
2007-04-16,38.58,1.25,16.44,36.38,6.05,1.23,1.13,123.45,1,1,QLD,Hold QLD,No action,,Hold QLD while the Donchian20 signal remains 1.,0.0,0.0,1272.95,1272.95,1167.77,-7.79,-0.73
2007-04-17,38.67,1.25,16.08,36.4,6.22,1.25,1.16,105.63,1,1,QLD,Hold QLD,No action,,Hold QLD while the Donchian20 signal remains 1.,0.0,0.0,1278.12,1278.12,1170.36,-7.41,-0.51
2007-04-18,38.54,1.25,16.29,36.43,5.8,1.25,1.17,94.31,1,1,QLD,Hold QLD,No action,,Hold QLD while the Donchian20 signal remains 1.,0.0,0.0,1273.24,1273.24,1166.47,-7.77,-0.84
2007-04-19,38.66,1.25,16.3,36.45,6.07,1.25,1.17,95.52,1,1,QLD,Hold QLD,No action,,Hold QLD while the Donchian20 signal remains 1.,0.0,0.0,1274.28,1274.28,1170.1,-7.69,-0.53
2007-04-20,38.87,1.27,15.71,36.47,6.58,1.25,1.17,117.93,1,1,QLD,Hold QLD,No action,,Hold QLD while the Donchian20 signal remains 1.,0.0,0.0,1293.49,1293.49,1176.58,-6.3,0.0
2007-04-23,38.93,1.27,16.38,36.5,6.68,1.27,1.17,100.59,1,1,QLD,Hold QLD,No action,,Hold QLD while the Donchian20 signal remains 1.,0.0,0.0,1294.08,1294.08,1178.4,-6.26,0.0
2007-04-24,39.13,1.28,16.37,36.52,7.14,1.27,1.17,110.17,1,1,QLD,Hold QLD,No action,,Hold QLD while the Donchian20 signal remains 1.,0.0,0.0,1304.43,1304.43,1184.36,-5.51,0.0
2007-04-25,39.65,1.31,16.36,36.55,8.48,1.28,1.17,133.51,1,1,QLD,Hold QLD,No action,,Hold QLD while the Donchian20 signal remains 1.,0.0,0.0,1341.97,1341.97,1200.16,-2.79,0.0
2007-04-26,39.86,1.33,15.97,36.59,8.94,1.31,1.17,109.39,1,1,QLD,Hold QLD,No action,,Hold QLD while the Donchian20 signal remains 1.,0.0,0.0,1356.01,1356.01,1206.38,-1.77,0.0
2007-04-27,39.87,1.33,15.46,36.62,8.89,1.33,1.17,100.9,1,1,QLD,Hold QLD,No action,,Hold QLD while the Donchian20 signal remains 1.,0.0,0.0,1357.49,1357.49,1206.9,-1.66,0.0
2007-04-30,39.35,1.3,17.26,36.65,7.38,1.33,1.17,78.51,1,1,QLD,Hold QLD,No action,,Hold QLD while the Donchian20 signal remains 1.,0.0,0.0,1322.01,1322.01,1191.09,-4.23,-1.31
2007-05-01,39.32,1.3,16.94,36.67,7.21,1.33,1.17,83.44,1,1,QLD,Hold QLD,No action,,Hold QLD while the Donchian20 signal remains 1.,0.0,0.0,1330.14,1330.14,1190.06,-3.64,-1.4
2007-05-02,39.75,1.32,16.7,36.7,8.29,1.33,1.2,92.17,1,1,QLD,Hold QLD,No action,,Hold QLD while the Donchian20 signal remains 1.,0.0,0.0,1347.14,1347.14,1203.01,-2.41,-0.32
2007-05-03,39.89,1.33,16.6,36.74,8.59,1.33,1.2,100.0,1,1,QLD,Hold QLD,No action,,Hold QLD while the Donchian20 signal remains 1.,0.0,0.0,1357.49,1357.49,1207.42,-1.66,0.0
2007-05-04,39.93,1.33,16.59,36.77,8.59,1.33,1.2,102.46,1,1,QLD,Hold QLD,No action,,Hold QLD while the Donchian20 signal remains 1.,0.0,0.0,1360.74,1360.74,1208.46,-1.43,0.0
2007-05-07,39.93,1.33,16.98,36.8,8.5,1.33,1.2,97.71,1,1,QLD,Hold QLD,No action,,Hold QLD while the Donchian20 signal remains 1.,0.0,0.0,1357.63,1357.63,1208.46,-1.65,0.0
2007-05-08,40.01,1.33,17.06,36.83,8.64,1.33,1.2,97.16,1,1,QLD,Hold QLD,No action,,Hold QLD while the Donchian20 signal remains 1.,0.0,0.0,1356.89,1356.89,1211.05,-1.71,0.0
2007-05-09,40.1,1.34,16.29,36.86,8.77,1.33,1.2,104.58,1,1,QLD,Hold QLD,No action,,Hold QLD while the Donchian20 signal remains 1.,0.0,0.0,1366.94,1366.94,1213.64,-0.98,0.0
2007-05-10,39.55,1.31,17.38,36.89,7.21,1.34,1.22,71.5,1,1,QLD,Hold QLD,No action,,Hold QLD while the Donchian20 signal remains 1.,0.0,0.0,1332.66,1332.66,1197.05,-3.46,-1.37
2007-05-11,40.05,1.34,16.09,36.92,8.49,1.34,1.23,97.45,1,1,QLD,Hold QLD,No action,,Hold QLD while the Donchian20 signal remains 1.,0.0,0.0,1363.99,1363.99,1212.34,-1.19,-0.11
2007-05-14,39.78,1.32,16.83,36.95,7.66,1.34,1.25,75.94,1,1,QLD,Hold QLD,No action,,Hold QLD while the Donchian20 signal remains 1.,0.0,0.0,1344.33,1344.33,1204.05,-2.62,-0.79
2007-05-15,39.47,1.3,17.09,36.97,6.75,1.34,1.25,55.2,1,1,QLD,Hold QLD,No action,,Hold QLD while the Donchian20 signal remains 1.,0.0,0.0,1324.97,1324.97,1194.72,-4.02,-1.56
2007-05-16,39.86,1.32,16.31,37.0,7.71,1.34,1.25,81.55,1,1,QLD,Hold QLD,No action,,Hold QLD while the Donchian20 signal remains 1.,0.0,0.0,1349.65,1349.65,1206.38,-2.23,-0.6
2007-05-17,39.67,1.31,16.75,37.03,7.13,1.34,1.25,65.71,1,1,QLD,Hold QLD,No action,,Hold QLD while the Donchian20 signal remains 1.,0.0,0.0,1335.17,1335.17,1200.68,-3.28,-1.07
2007-05-18,39.99,1.33,15.91,37.06,7.92,1.34,1.27,86.52,1,1,QLD,Hold QLD,No action,,Hold QLD while the Donchian20 signal remains 1.,0.0,0.0,1357.04,1357.04,1210.53,-1.7,-0.26
2007-05-21,40.25,1.35,16.03,37.09,8.52,1.34,1.27,112.37,1,1,QLD,Hold QLD,No action,,Hold QLD while the Donchian20 signal remains 1.,0.0,0.0,1375.96,1375.96,1218.3,-0.33,0.0
2007-05-22,40.29,1.35,16.07,37.12,8.52,1.35,1.28,102.27,1,1,QLD,Hold QLD,No action,,Hold QLD while the Donchian20 signal remains 1.,0.0,0.0,1377.58,1377.58,1219.34,-0.21,0.0
2007-05-23,40.1,1.34,16.93,37.15,7.93,1.35,1.3,78.19,1,1,QLD,Hold QLD,No action,,Hold QLD while the Donchian20 signal remains 1.,0.0,0.0,1365.47,1365.47,1213.64,-1.09,-0.47
2007-05-24,39.52,1.3,18.02,37.18,6.31,1.35,1.3,8.78,1,1,QLD,Hold QLD,No action,,Hold QLD while the Donchian20 signal remains 1.,0.0,0.0,1326.89,1326.89,1196.28,-3.88,-1.89
2007-05-25,39.77,1.31,17.07,37.2,6.91,1.35,1.3,34.31,1,1,QLD,Hold QLD,No action,,Hold QLD while the Donchian20 signal remains 1.,0.0,0.0,1341.08,1341.08,1203.79,-2.85,-1.28
2007-05-29,40.08,1.33,17.57,37.23,7.65,1.35,1.3,65.16,1,1,QLD,Hold QLD,No action,,Hold QLD while the Donchian20 signal remains 1.,0.0,0.0,1358.23,1358.23,1213.12,-1.61,-0.51
2007-05-30,40.41,1.35,16.84,37.26,8.44,1.35,1.3,108.99,1,1,QLD,Hold QLD,No action,,Hold QLD while the Donchian20 signal remains 1.,0.0,0.0,1382.31,1382.31,1222.97,0.0,0.0
2007-05-31,40.59,1.37,16.86,37.3,8.84,1.35,1.3,130.41,1,1,QLD,Hold QLD,No action,,Hold QLD while the Donchian20 signal remains 1.,0.0,0.0,1399.75,1399.75,1228.67,0.0,0.0
2007-06-01,40.62,1.37,16.58,37.33,8.82,1.37,1.3,98.42,1,1,QLD,Hold QLD,No action,,Hold QLD while the Donchian20 signal remains 1.,0.0,0.0,1398.57,1398.57,1229.45,-0.08,0.0
2007-06-04,40.74,1.37,16.59,37.36,9.04,1.37,1.3,103.76,1,1,QLD,Hold QLD,No action,,Hold QLD while the Donchian20 signal remains 1.,0.0,0.0,1402.56,1402.56,1233.08,0.0,0.0
2007-06-05,40.74,1.38,16.44,37.4,8.94,1.37,1.3,102.48,1,1,QLD,Hold QLD,No action,,Hold QLD while the Donchian20 signal remains 1.,0.0,0.0,1404.48,1404.48,1233.08,0.0,0.0
2007-06-06,40.3,1.34,17.2,37.43,7.69,1.38,1.3,59.67,1,1,QLD,Hold QLD,No action,,Hold QLD while the Donchian20 signal remains 1.,0.0,0.0,1372.41,1372.41,1219.86,-2.28,-1.07
2007-06-07,39.68,1.3,19.3,37.45,5.96,1.38,1.3,2.04,1,1,QLD,Hold QLD,No action,,Hold QLD while the Donchian20 signal remains 1.,0.0,0.0,1326.6,1326.6,1200.94,-5.55,-2.61
2007-06-08,40.17,1.33,17.12,37.47,7.18,1.38,1.3,46.84,1,1,QLD,Hold QLD,No action,,Hold QLD while the Donchian20 signal remains 1.,0.0,0.0,1362.21,1362.21,1215.71,-3.01,-1.41
2007-06-11,40.09,1.33,16.29,37.5,6.9,1.38,1.3,39.96,1,1,QLD,Hold QLD,No action,,Hold QLD while the Donchian20 signal remains 1.,0.0,0.0,1356.75,1356.75,1213.38,-3.4,-1.6
2007-06-12,39.85,1.31,17.7,37.52,6.2,1.38,1.3,16.91,1,1,QLD,Hold QLD,No action,,Hold QLD while the Donchian20 signal remains 1.,0.0,0.0,1338.42,1338.42,1206.12,-4.7,-2.19
2007-06-13,40.29,1.34,15.81,37.55,7.28,1.38,1.3,50.19,1,1,QLD,Hold QLD,No action,,Hold QLD while the Donchian20 signal remains 1.,0.0,0.0,1364.88,1364.88,1219.34,-2.82,-1.11
2007-06-14,40.55,1.36,15.43,37.58,7.9,1.38,1.3,80.08,1,1,QLD,Hold QLD,No action,,Hold QLD while the Donchian20 signal remains 1.,0.0,0.0,1388.97,1388.97,1227.38,-1.1,-0.46
2007-06-15,40.93,1.39,15.94,37.61,8.8,1.38,1.3,113.66,1,1,QLD,Hold QLD,No action,,Hold QLD while the Donchian20 signal remains 1.,0.0,0.0,1415.12,1415.12,1238.71,0.0,0.0
2007-06-18,40.93,1.38,15.86,37.65,8.73,1.39,1.3,98.33,1,1,QLD,Hold QLD,No action,,Hold QLD while the Donchian20 signal remains 1.,0.0,0.0,1413.65,1413.65,1238.97,-0.1,0.0
2007-06-19,40.93,1.38,15.53,37.68,8.61,1.39,1.3,96.33,1,1,QLD,Hold QLD,No action,,Hold QLD while the Donchian20 signal remains 1.,0.0,0.0,1411.87,1411.87,1238.71,-0.23,-0.02
2007-06-20,40.54,1.36,16.68,37.71,7.51,1.39,1.3,67.78,1,1,QLD,Hold QLD,No action,,Hold QLD while the Donchian20 signal remains 1.,0.0,0.0,1386.6,1386.6,1227.04,-2.02,-0.96
2007-06-21,40.91,1.38,16.21,37.74,8.39,1.39,1.3,97.16,1,1,QLD,Hold QLD,No action,,Hold QLD while the Donchian20 signal remains 1.,0.0,0.0,1412.61,1412.61,1238.19,-0.18,-0.06
2007-06-22,40.52,1.36,17.29,37.77,7.29,1.39,1.3,65.94,1,1,QLD,Hold QLD,No action,,Hold QLD while the Donchian20 signal remains 1.,0.0,0.0,1384.98,1384.98,1226.52,-2.13,-1.0
2007-06-25,40.35,1.35,18.07,37.79,6.77,1.39,1.3,58.26,1,1,QLD,Hold QLD,No action,,Hold QLD while the Donchian20 signal remains 1.,0.0,0.0,1378.18,1378.18,1221.33,-2.61,-1.42
2007-06-26,40.12,1.33,19.59,37.82,6.09,1.39,1.3,40.73,1,1,QLD,Hold QLD,No action,,Hold QLD while the Donchian20 signal remains 1.,0.0,0.0,1362.66,1362.66,1214.33,-3.71,-1.99
2007-06-27,40.74,1.37,17.36,37.85,7.64,1.39,1.3,75.79,1,1,QLD,Hold QLD,No action,,Hold QLD while the Donchian20 signal remains 1.,0.0,0.0,1393.7,1393.7,1233.0,-1.51,-0.48
2007-06-28,40.72,1.37,16.91,37.87,7.51,1.39,1.3,79.8,1,1,QLD,Hold QLD,No action,,Hold QLD while the Donchian20 signal remains 1.,0.0,0.0,1397.24,1397.24,1232.49,-1.26,-0.52
2007-06-29,40.79,1.38,17.86,37.9,7.61,1.39,1.3,89.65,1,1,QLD,Hold QLD,No action,,Hold QLD while the Donchian20 signal remains 1.,0.0,0.0,1405.96,1405.96,1234.56,-0.65,-0.36
2007-07-02,41.16,1.39,17.0,37.94,8.49,1.39,1.3,109.85,1,1,QLD,Hold QLD,No action,,Hold QLD while the Donchian20 signal remains 1.,0.0,0.0,1423.84,1423.84,1245.71,0.0,0.0
2007-07-03,41.4,1.41,16.7,37.97,9.02,1.39,1.3,116.87,1,1,QLD,Hold QLD,No action,,Hold QLD while the Donchian20 signal remains 1.,0.0,0.0,1440.25,1440.25,1252.97,0.0,0.0
2007-07-05,41.7,1.43,17.09,38.01,9.71,1.41,1.3,114.43,1,1,QLD,Hold QLD,No action,,Hold QLD while the Donchian20 signal remains 1.,0.0,0.0,1456.65,1456.65,1262.05,0.0,0.0
2007-07-06,41.87,1.44,16.52,38.05,10.05,1.43,1.3,113.52,1,1,QLD,Hold QLD,No action,,Hold QLD while the Donchian20 signal remains 1.,0.0,0.0,1474.24,1474.24,1267.24,0.0,0.0
2007-07-09,41.89,1.45,17.08,38.08,10.0,1.44,1.31,100.98,1,1,QLD,Hold QLD,No action,,Hold QLD while the Donchian20 signal remains 1.,0.0,0.0,1475.57,1475.57,1268.02,0.0,0.0
2007-07-10,41.54,1.42,18.61,38.12,8.98,1.45,1.31,82.44,1,1,QLD,Hold QLD,No action,,Hold QLD while the Donchian20 signal remains 1.,0.0,0.0,1451.48,1451.48,1257.38,-1.63,-0.84
2007-07-11,41.83,1.45,17.54,38.16,9.62,1.45,1.31,100.32,1,1,QLD,Hold QLD,No action,,Hold QLD while the Donchian20 signal remains 1.,0.0,0.0,1476.02,1476.02,1265.94,0.0,-0.16
2007-07-12,42.47,1.48,17.25,38.2,11.18,1.45,1.33,133.64,1,1,QLD,Hold QLD,No action,,Hold QLD while the Donchian20 signal remains 1.,0.0,0.0,1514.15,1514.15,1285.39,0.0,0.0
2007-07-13,42.76,1.51,16.44,38.24,11.81,1.48,1.33,114.73,1,1,QLD,Hold QLD,No action,,Hold QLD while the Donchian20 signal remains 1.,0.0,0.0,1536.46,1536.46,1294.21,0.0,0.0
2007-07-16,42.72,1.5,16.55,38.29,11.57,1.51,1.33,99.06,1,1,QLD,Hold QLD,No action,,Hold QLD while the Donchian20 signal remains 1.,0.0,0.0,1534.84,1534.84,1292.92,-0.11,-0.1
2007-07-17,43.04,1.52,16.95,38.34,12.28,1.51,1.33,107.91,1,1,QLD,Hold QLD,No action,,Hold QLD while the Donchian20 signal remains 1.,0.0,0.0,1550.21,1550.21,1302.77,0.0,0.0
2007-07-18,42.99,1.52,16.77,38.38,12.01,1.52,1.33,100.87,1,1,QLD,Hold QLD,No action,,Hold QLD while the Donchian20 signal remains 1.,0.0,0.0,1551.83,1551.83,1301.22,0.0,-0.12
2007-07-19,43.12,1.53,16.55,38.43,12.2,1.52,1.33,103.59,1,1,QLD,Hold QLD,No action,,Hold QLD while the Donchian20 signal remains 1.,0.0,0.0,1558.63,1558.63,1305.11,0.0,0.0
2007-07-20,42.89,1.51,17.49,38.47,11.47,1.53,1.33,93.29,1,1,QLD,Hold QLD,No action,,Hold QLD while the Donchian20 signal remains 1.,0.0,0.0,1545.48,1545.48,1298.1,-0.84,-0.54
2007-07-23,42.91,1.51,17.85,38.52,11.39,1.53,1.33,92.01,1,1,QLD,Hold QLD,No action,,Hold QLD while the Donchian20 signal remains 1.,0.0,0.0,1542.97,1542.97,1298.62,-1.01,-0.5
2007-07-24,42.27,1.47,19.31,38.56,9.64,1.53,1.33,70.59,1,1,QLD,Hold QLD,No action,,Hold QLD while the Donchian20 signal remains 1.,0.0,0.0,1500.99,1500.99,1279.43,-3.7,-1.97
2007-07-25,42.33,1.47,18.92,38.59,9.69,1.53,1.33,71.64,1,1,QLD,Hold QLD,No action,,Hold QLD while the Donchian20 signal remains 1.,0.0,0.0,1503.06,1503.06,1281.24,-3.57,-1.83
2007-07-26,41.97,1.44,19.5,38.63,8.66,1.53,1.37,46.15,1,1,QLD,Hold QLD,No action,,Hold QLD while the Donchian20 signal remains 1.,0.0,0.0,1469.81,1469.81,1270.35,-5.7,-2.66
2007-07-27,41.12,1.38,23.18,38.65,6.4,1.53,1.37,8.7,1,1,QLD,Hold QLD,No action,,Hold QLD while the Donchian20 signal remains 1.,0.0,0.0,1411.28,1411.28,1244.68,-9.45,-4.63
2007-07-30,41.6,1.42,20.76,38.68,7.56,1.53,1.38,29.53,1,1,QLD,Hold QLD,No action,,Hold QLD while the Donchian20 signal remains 1.,0.0,0.0,1451.04,1451.04,1259.2,-6.9,-3.52
2007-07-31,40.73,1.36,23.55,38.7,5.24,1.53,1.38,-14.94,1,0,QQQ,Hold QQQ,Reduce QLD to QQQ,QLD->QQQ_on_Donchian_exit,QLD closed below its prior 20-day low; the signal changed to 0 and the account reduced to QQQ.,0.0,1389.26,0.0,1389.26,1232.74,-10.87,-5.54
2007-08-01,41.05,1.38,23.78,38.72,6.0,1.53,1.36,9.95,0,0,QQQ,Hold QQQ,No action,,Hold QQQ after the Donchian exit while QQQ remains at or above EMA200.,0.0,1400.08,0.0,1400.08,1242.34,-10.17,-4.81
2007-08-02,41.42,1.4,21.24,38.75,6.89,1.53,1.36,26.35,0,0,QQQ,Hold QQQ,No action,,Hold QQQ after the Donchian exit while QQQ remains at or above EMA200.,0.0,1412.94,0.0,1412.94,1253.75,-9.35,-3.93
2007-08-03,40.63,1.35,24.42,38.77,4.81,1.53,1.36,-7.24,0,0,QQQ,Hold QQQ,No action,,Hold QQQ after the Donchian exit while QQQ remains at or above EMA200.,0.0,1386.04,0.0,1386.04,1229.89,-11.07,-5.76
2007-08-06,41.11,1.38,22.43,38.79,5.96,1.53,1.35,14.89,0,0,QQQ,Hold QQQ,No action,,Hold QQQ after the Donchian exit while QQQ remains at or above EMA200.,0.0,1402.12,0.0,1402.12,1244.16,-10.04,-4.67
2007-08-07,41.4,1.39,21.08,38.82,6.64,1.53,1.35,24.41,0,0,QQQ,Hold QQQ,No action,,Hold QQQ after the Donchian exit while QQQ remains at or above EMA200.,0.0,1412.06,0.0,1412.06,1252.97,-9.4,-3.99
2007-08-08,41.85,1.43,20.97,38.85,7.73,1.53,1.35,47.36,0,0,QQQ,Hold QQQ,No action,,Hold QQQ after the Donchian exit while QQQ remains at or above EMA200.,0.0,1427.55,0.0,1427.55,1266.72,-8.41,-2.94
2007-08-09,40.88,1.36,26.23,38.87,5.18,1.53,1.35,7.16,0,0,QQQ,Hold QQQ,No action,,Hold QQQ after the Donchian exit while QQQ remains at or above EMA200.,0.0,1394.52,0.0,1394.52,1237.41,-10.53,-5.19
2007-08-10,40.51,1.34,26.84,38.89,4.19,1.53,1.35,-7.24,0,0,QQQ,Hold QQQ,No action,,Hold QQQ after the Donchian exit while QQQ remains at or above EMA200.,0.0,1381.95,0.0,1381.95,1226.26,-11.34,-6.04
2007-08-13,40.79,1.35,24.57,38.9,4.84,1.53,1.34,9.1,0,0,QQQ,Hold QQQ,No action,,Hold QQQ after the Donchian exit while QQQ remains at or above EMA200.,0.0,1391.31,0.0,1391.31,1234.56,-10.74,-5.41
2007-08-14,40.09,1.31,24.97,38.92,3.03,1.53,1.34,-13.5,0,0,QQQ,Hold QQQ,No action,,Hold QQQ after the Donchian exit while QQQ remains at or above EMA200.,0.0,1367.63,0.0,1367.63,1213.55,-12.25,-7.02
2007-08-15,39.33,1.26,27.97,38.92,1.06,1.53,1.31,-22.39,0,0,QQQ,Hold QQQ,No action,,Hold QQQ after the Donchian exit while QQQ remains at or above EMA200.,0.0,1341.62,0.0,1341.62,1190.47,-13.92,-8.78
2007-08-16,38.95,1.23,29.03,38.92,0.07,1.53,1.26,-10.92,0,0,QQQ,Hold QQQ,No action,,Hold QQQ after the Donchian exit while QQQ remains at or above EMA200.,0.0,1328.46,0.0,1328.46,1178.8,-14.77,-9.68
2007-08-17,39.68,1.28,27.04,38.93,1.94,1.51,1.23,15.6,0,0,QQQ,Hold QQQ,No action,,Hold QQQ after the Donchian exit while QQQ remains at or above EMA200.,0.0,1353.6,0.0,1353.6,1201.1,-13.15,-7.97
2007-08-20,39.87,1.28,25.2,38.94,2.4,1.51,1.23,18.7,0,0,QQQ,Hold QQQ,No action,,Hold QQQ after the Donchian exit while QQQ remains at or above EMA200.,0.0,1360.03,0.0,1360.03,1206.81,-12.74,-7.53
2007-08-21,40.29,1.32,23.67,38.95,3.44,1.47,1.23,36.86,0,0,QQQ,Hold QQQ,No action,,Hold QQQ after the Donchian exit while QQQ remains at or above EMA200.,0.0,1374.35,0.0,1374.35,1219.52,-11.82,-6.56
2007-08-22,40.84,1.35,22.0,38.97,4.8,1.47,1.23,49.73,0,0,QQQ,Hold QQQ,No action,,Hold QQQ after the Donchian exit while QQQ remains at or above EMA200.,0.0,1393.06,0.0,1393.06,1236.12,-10.62,-5.29
2007-08-23,40.73,1.35,22.03,38.99,4.47,1.44,1.23,54.89,0,0,QQQ,Hold QQQ,No action,,Hold QQQ after the Donchian exit while QQQ remains at or above EMA200.,0.0,1389.26,0.0,1389.26,1232.74,-10.87,-5.54
2007-08-24,41.3,1.39,20.69,39.01,5.88,1.43,1.23,76.59,0,0,QQQ,Hold QQQ,No action,,Hold QQQ after the Donchian exit while QQQ remains at or above EMA200.,0.0,1408.84,0.0,1408.84,1250.12,-9.61,-4.21
2007-08-27,41.03,1.36,22.63,39.03,5.12,1.43,1.23,63.01,0,0,QQQ,Hold QQQ,No action,,Hold QQQ after the Donchian exit while QQQ remains at or above EMA200.,0.0,1399.49,0.0,1399.49,1241.82,-10.21,-4.85
2007-08-28,40.05,1.3,25.9,39.04,2.59,1.43,1.23,33.96,0,0,QQQ,Hold QQQ,No action,,Hold QQQ after the Donchian exit while QQQ remains at or above EMA200.,0.0,1366.17,0.0,1366.17,1212.25,-12.35,-7.11
2007-08-29,41.2,1.37,23.61,39.06,5.47,1.43,1.23,69.65,0,0,QQQ,Hold QQQ,No action,,Hold QQQ after the Donchian exit while QQQ remains at or above EMA200.,0.0,1405.34,0.0,1405.34,1247.01,-9.84,-4.45
2007-08-30,41.41,1.39,25.38,39.09,5.96,1.43,1.23,80.2,0,0,QQQ,Hold QQQ,No action,,Hold QQQ after the Donchian exit while QQQ remains at or above EMA200.,0.0,1412.64,0.0,1412.64,1253.49,-9.37,-3.95
2007-08-31,41.88,1.42,24.53,39.11,7.07,1.43,1.23,92.34,0,0,QQQ,Hold QQQ,No action,,Hold QQQ after the Donchian exit while QQQ remains at or above EMA200.,0.0,1428.43,0.0,1428.43,1267.5,-8.35,-2.88
2007-09-04,42.57,1.47,24.51,39.15,8.74,1.43,1.23,117.05,0,1,QLD,Hold QLD,Buy QLD,toQLD,QLD closed above its prior 20-day high; the signal changed to 1 and the account moved fully into QLD.,0.0,0.0,1452.1,1452.1,1288.51,-6.83,-1.27
2007-09-05,42.14,1.44,27.15,39.18,7.57,1.47,1.23,87.1,1,1,QLD,Hold QLD,No action,,Hold QLD while the Donchian20 signal remains 1.,0.0,0.0,1422.16,1422.16,1275.54,-8.76,-2.27
2007-09-06,42.11,1.43,26.64,39.21,7.4,1.47,1.23,85.49,1,1,QLD,Hold QLD,No action,,Hold QLD while the Donchian20 signal remains 1.,0.0,0.0,1418.43,1418.43,1274.5,-9.0,-2.35
2007-09-07,41.33,1.39,29.22,39.23,5.35,1.47,1.23,65.31,1,1,QLD,Hold QLD,No action,,Hold QLD while the Donchian20 signal remains 1.,0.0,0.0,1371.58,1371.58,1250.9,-12.0,-4.15
2007-09-10,41.3,1.38,29.94,39.25,5.23,1.47,1.23,64.38,1,1,QLD,Hold QLD,No action,,Hold QLD while the Donchian20 signal remains 1.,0.0,0.0,1369.43,1369.43,1250.12,-12.14,-4.21
2007-09-11,41.93,1.42,27.52,39.28,6.76,1.47,1.23,79.32,1,1,QLD,Hold QLD,No action,,Hold QLD while the Donchian20 signal remains 1.,0.0,0.0,1404.11,1404.11,1269.06,-9.91,-2.76
2007-09-12,41.94,1.43,28.02,39.3,6.7,1.47,1.23,81.98,1,1,QLD,Hold QLD,No action,,Hold QLD while the Donchian20 signal remains 1.,0.0,0.0,1410.27,1410.27,1269.31,-9.52,-2.74
2007-09-13,42.14,1.43,27.44,39.33,7.15,1.47,1.23,84.63,1,1,QLD,Hold QLD,No action,,Hold QLD while the Donchian20 signal remains 1.,0.0,0.0,1416.43,1416.43,1275.54,-9.12,-2.27
2007-09-14,42.18,1.43,26.96,39.36,7.16,1.47,1.23,84.57,1,1,QLD,Hold QLD,No action,,Hold QLD while the Donchian20 signal remains 1.,0.0,0.0,1416.28,1416.28,1276.58,-9.13,-2.19
2007-09-17,41.83,1.41,28.74,39.38,6.2,1.47,1.28,68.41,1,1,QLD,Hold QLD,No action,,Hold QLD while the Donchian20 signal remains 1.,0.0,0.0,1392.5,1392.5,1265.94,-10.66,-3.0
2007-09-18,42.88,1.48,23.28,39.42,8.78,1.47,1.28,107.22,1,1,QLD,Hold QLD,No action,,Hold QLD while the Donchian20 signal remains 1.,0.0,0.0,1465.14,1465.14,1297.84,-6.0,-0.56
2007-09-19,42.99,1.49,22.51,39.45,8.97,1.48,1.3,104.91,1,1,QLD,Hold QLD,No action,,Hold QLD while the Donchian20 signal remains 1.,0.0,0.0,1473.88,1473.88,1301.22,-5.44,-0.3
2007-09-20,42.87,1.48,21.97,39.49,8.57,1.49,1.3,94.93,1,1,QLD,Hold QLD,No action,,Hold QLD while the Donchian20 signal remains 1.,0.0,0.0,1464.42,1464.42,1297.59,-6.04,-0.58
2007-09-21,43.18,1.5,20.71,39.52,9.24,1.49,1.3,104.45,1,1,QLD,Hold QLD,No action,,Hold QLD while the Donchian20 signal remains 1.,0.0,0.0,1482.19,1482.19,1306.82,-4.9,0.0
2007-09-24,43.37,1.51,20.83,39.56,9.63,1.5,1.3,108.24,1,1,QLD,Hold QLD,No action,,Hold QLD while the Donchian20 signal remains 1.,0.0,0.0,1498.24,1498.24,1312.79,-3.87,0.0
2007-09-25,43.78,1.54,20.8,39.6,10.56,1.51,1.3,112.36,1,1,QLD,Hold QLD,No action,,Hold QLD while the Donchian20 signal remains 1.,0.0,0.0,1524.31,1524.31,1325.25,-2.2,0.0
2007-09-26,44.0,1.55,20.59,39.65,10.97,1.54,1.3,105.74,1,1,QLD,Hold QLD,No action,,Hold QLD while the Donchian20 signal remains 1.,0.0,0.0,1537.93,1537.93,1331.73,-1.33,0.0
2007-09-27,44.22,1.57,20.59,39.69,11.41,1.55,1.37,111.24,1,1,QLD,Hold QLD,No action,,Hold QLD while the Donchian20 signal remains 1.,0.0,0.0,1558.13,1558.13,1338.48,-0.03,0.0
2007-09-28,44.08,1.57,21.01,39.74,10.92,1.57,1.38,95.06,1,1,QLD,Hold QLD,No action,,Hold QLD while the Donchian20 signal remains 1.,0.0,0.0,1548.82,1548.82,1334.07,-0.63,-0.33
2007-10-01,44.58,1.59,21.09,39.79,12.06,1.57,1.38,109.11,1,1,QLD,Hold QLD,No action,,Hold QLD while the Donchian20 signal remains 1.,0.0,0.0,1575.32,1575.32,1349.38,0.0,0.0
2007-10-02,44.59,1.6,21.26,39.83,11.94,1.59,1.38,101.74,1,1,QLD,Hold QLD,No action,,Hold QLD while the Donchian20 signal remains 1.,0.0,0.0,1578.9,1578.9,1349.64,0.0,0.0
2007-10-03,44.28,1.57,21.55,39.88,11.05,1.6,1.38,88.37,1,1,QLD,Hold QLD,No action,,Hold QLD while the Donchian20 signal remains 1.,0.0,0.0,1554.55,1554.55,1340.3,-1.54,-0.69
2007-10-04,44.39,1.58,21.46,39.92,11.18,1.6,1.38,91.79,1,1,QLD,Hold QLD,No action,,Hold QLD while the Donchian20 signal remains 1.,0.0,0.0,1561.71,1561.71,1343.41,-1.09,-0.46
2007-10-05,45.29,1.65,19.77,39.98,13.28,1.6,1.38,126.27,1,1,QLD,Hold QLD,No action,,Hold QLD while the Donchian20 signal remains 1.,0.0,0.0,1633.92,1633.92,1370.66,0.0,0.0
2007-10-08,45.57,1.66,20.25,40.03,13.83,1.65,1.38,104.66,1,1,QLD,Hold QLD,No action,,Hold QLD while the Donchian20 signal remains 1.,0.0,0.0,1646.24,1646.24,1379.22,0.0,0.0
2007-10-09,45.77,1.68,19.42,40.09,14.16,1.66,1.41,107.34,1,1,QLD,Hold QLD,No action,,Hold QLD while the Donchian20 signal remains 1.,0.0,0.0,1664.87,1664.87,1385.19,0.0,0.0
2007-10-10,45.88,1.69,19.73,40.15,14.28,1.68,1.41,103.42,1,1,QLD,Hold QLD,No action,,Hold QLD while the Donchian20 signal remains 1.,0.0,0.0,1674.18,1674.18,1388.56,0.0,0.0
2007-10-11,45.15,1.64,22.42,40.2,12.32,1.69,1.41,82.71,1,1,QLD,Hold QLD,No action,,Hold QLD while the Donchian20 signal remains 1.,0.0,0.0,1625.47,1625.47,1366.51,-2.91,-1.59
2007-10-12,45.89,1.69,21.2,40.25,14.02,1.69,1.41,99.39,1,1,QLD,Hold QLD,No action,,Hold QLD while the Donchian20 signal remains 1.,0.0,0.0,1672.46,1672.46,1389.08,-0.1,0.0
2007-10-15,45.54,1.66,23.46,40.31,12.99,1.69,1.41,89.47,1,1,QLD,Hold QLD,No action,,Hold QLD while the Donchian20 signal remains 1.,0.0,0.0,1644.52,1644.52,1378.44,-1.77,-0.77
2007-10-16,45.33,1.65,23.56,40.36,12.32,1.69,1.48,82.24,1,1,QLD,Hold QLD,No action,,Hold QLD while the Donchian20 signal remains 1.,0.0,0.0,1636.93,1636.93,1371.96,-2.23,-1.23
2007-10-17,45.91,1.69,22.02,40.41,13.61,1.69,1.48,98.91,1,1,QLD,Hold QLD,No action,,Hold QLD while the Donchian20 signal remains 1.,0.0,0.0,1671.89,1671.89,1389.6,-0.14,0.0
2007-10-18,46.11,1.7,22.14,40.47,13.94,1.69,1.48,104.3,1,1,QLD,Hold QLD,No action,,Hold QLD while the Donchian20 signal remains 1.,0.0,0.0,1683.21,1683.21,1395.57,0.0,0.0
2007-10-19,44.96,1.62,25.94,40.51,10.98,1.7,1.5,59.94,1,1,QLD,Hold QLD,No action,,Hold QLD while the Donchian20 signal remains 1.,0.0,0.0,1602.69,1602.69,1360.8,-4.78,-2.49
2007-10-22,45.5,1.65,25.26,40.56,12.17,1.7,1.51,74.75,1,1,QLD,Hold QLD,No action,,Hold QLD while the Donchian20 signal remains 1.,0.0,0.0,1636.5,1636.5,1377.15,-2.77,-1.32
2007-10-23,46.45,1.71,24.13,40.62,14.36,1.7,1.54,106.31,1,1,QLD,Hold QLD,No action,,Hold QLD while the Donchian20 signal remains 1.,0.0,0.0,1693.24,1693.24,1405.95,0.0,0.0
2007-10-24,46.1,1.7,24.8,40.67,13.34,1.71,1.55,93.27,1,1,QLD,Hold QLD,No action,,Hold QLD while the Donchian20 signal remains 1.,0.0,0.0,1682.78,1682.78,1395.31,-0.62,-0.76
2007-10-25,45.48,1.68,25.77,40.72,11.69,1.71,1.57,79.56,1,1,QLD,Hold QLD,No action,,Hold QLD while the Donchian20 signal remains 1.,0.0,0.0,1663.72,1663.72,1376.63,-1.74,-2.09
2007-10-26,46.24,1.7,25.01,40.78,13.39,1.71,1.57,94.05,1,1,QLD,Hold QLD,No action,,Hold QLD while the Donchian20 signal remains 1.,0.0,0.0,1684.64,1684.64,1399.46,-0.51,-0.46
2007-10-29,46.43,1.72,25.83,40.83,13.7,1.71,1.57,105.68,1,1,QLD,Hold QLD,No action,,Hold QLD while the Donchian20 signal remains 1.,0.0,0.0,1701.12,1701.12,1405.17,0.0,-0.06
2007-10-30,46.52,1.72,26.36,40.89,13.77,1.72,1.57,100.2,1,1,QLD,Hold QLD,No action,,Hold QLD while the Donchian20 signal remains 1.,0.0,0.0,1701.4,1701.4,1408.03,0.0,0.0
2007-10-31,47.18,1.77,23.11,40.95,15.21,1.72,1.57,136.29,1,1,QLD,Hold QLD,No action,,Hold QLD while the Donchian20 signal remains 1.,0.0,0.0,1754.7,1754.7,1428.01,0.0,0.0
2007-11-01,46.3,1.72,26.26,41.01,12.9,1.77,1.58,72.75,1,1,QLD,Hold QLD,No action,,Hold QLD while the Donchian20 signal remains 1.,0.0,0.0,1702.12,1702.12,1401.28,-3.0,-1.87
2007-11-02,46.66,1.74,24.83,41.06,13.63,1.77,1.62,77.29,1,1,QLD,Hold QLD,No action,,Hold QLD while the Donchian20 signal remains 1.,0.0,0.0,1720.17,1720.17,1412.18,-1.97,-1.11
2007-11-05,46.36,1.72,26.1,41.11,12.75,1.77,1.62,63.52,1,1,QLD,Hold QLD,No action,,Hold QLD while the Donchian20 signal remains 1.,0.0,0.0,1699.25,1699.25,1403.1,-3.16,-1.74
2007-11-06,46.88,1.75,23.91,41.17,13.86,1.77,1.62,81.9,1,1,QLD,Hold QLD,No action,,Hold QLD while the Donchian20 signal remains 1.,0.0,0.0,1727.19,1727.19,1418.93,-1.57,-0.64
2007-11-07,45.74,1.66,27.14,41.22,10.97,1.77,1.62,28.75,1,1,QLD,Hold QLD,No action,,Hold QLD while the Donchian20 signal remains 1.,0.0,0.0,1646.39,1646.39,1384.41,-6.17,-3.05
2007-11-08,44.35,1.54,29.61,41.25,7.52,1.77,1.62,-48.63,1,0,QQQ,Hold QQQ,Reduce QLD to QQQ,QLD->QQQ_on_Donchian_exit,QLD closed below its prior 20-day low; the signal changed to 0 and the account reduced to QQQ.,0.0,1528.76,0.0,1528.76,1342.37,-12.88,-6.0
2007-11-09,42.87,1.46,32.52,41.26,3.88,1.77,1.54,-38.49,0,0,QQQ,Hold QQQ,No action,,Hold QQQ after the Donchian exit while QQQ remains at or above EMA200.,0.0,1477.63,0.0,1477.63,1297.48,-15.79,-9.14
2007-11-12,41.78,1.38,34.94,41.27,1.23,1.77,1.46,-24.18,0,0,QQQ,Hold QQQ,No action,,Hold QQQ after the Donchian exit while QQQ remains at or above EMA200.,0.0,1440.1,0.0,1440.1,1264.52,-17.93,-11.45
2007-11-13,43.5,1.49,29.71,41.29,5.35,1.77,1.38,28.47,0,0,QQQ,Hold QQQ,No action,,Hold QQQ after the Donchian exit while QQQ remains at or above EMA200.,0.0,1499.5,0.0,1499.5,1316.68,-14.54,-7.8
2007-11-14,42.94,1.47,31.32,41.31,3.96,1.77,1.38,23.3,0,0,QQQ,Hold QQQ,No action,,Hold QQQ after the Donchian exit while QQQ remains at or above EMA200.,0.0,1480.29,0.0,1480.29,1299.82,-15.64,-8.98
2007-11-15,42.71,1.44,32.91,41.32,3.37,1.77,1.38,16.22,0,0,QQQ,Hold QQQ,No action,,Hold QQQ after the Donchian exit while QQQ remains at or above EMA200.,0.0,1472.31,0.0,1472.31,1292.81,-16.09,-9.47
2007-11-16,43.11,1.47,28.79,41.34,4.28,1.77,1.38,23.45,0,0,QQQ,Hold QQQ,No action,,Hold QQQ after the Donchian exit while QQQ remains at or above EMA200.,0.0,1485.91,0.0,1485.91,1304.75,-15.32,-8.63
2007-11-19,42.61,1.44,30.11,41.35,3.04,1.77,1.38,13.9,0,0,QQQ,Hold QQQ,No action,,Hold QQQ after the Donchian exit while QQQ remains at or above EMA200.,0.0,1468.76,0.0,1468.76,1289.7,-16.3,-9.69
2007-11-20,42.78,1.45,29.89,41.37,3.42,1.77,1.38,16.63,0,0,QQQ,Hold QQQ,No action,,Hold QQQ after the Donchian exit while QQQ remains at or above EMA200.,0.0,1474.68,0.0,1474.68,1294.89,-15.96,-9.32
2007-11-21,42.28,1.4,30.55,41.38,2.17,1.77,1.38,5.35,0,0,QQQ,Hold QQQ,No action,,Hold QQQ after the Donchian exit while QQQ remains at or above EMA200.,0.0,1457.24,0.0,1457.24,1279.58,-16.95,-10.39
2007-11-23,42.73,1.44,30.49,41.39,3.24,1.77,1.38,14.05,0,0,QQQ,Hold QQQ,No action,,Hold QQQ after the Donchian exit while QQQ remains at or above EMA200.,0.0,1472.9,0.0,1472.9,1293.33,-16.06,-9.43
2007-11-26,41.99,1.4,33.43,41.4,1.44,1.77,1.38,4.24,0,0,QQQ,Hold QQQ,No action,,Hold QQQ after the Donchian exit while QQQ remains at or above EMA200.,0.0,1447.49,0.0,1447.49,1271.01,-17.51,-10.99
2007-11-27,42.83,1.44,30.76,41.41,3.44,1.77,1.38,15.23,0,0,QQQ,Hold QQQ,No action,,Hold QQQ after the Donchian exit while QQQ remains at or above EMA200.,0.0,1476.45,0.0,1476.45,1296.44,-15.86,-9.21
2007-11-28,44.14,1.53,28.83,41.44,6.51,1.77,1.38,37.24,0,0,QQQ,Hold QQQ,No action,,Hold QQQ after the Donchian exit while QQQ remains at or above EMA200.,0.0,1521.37,0.0,1521.37,1335.89,-13.3,-6.45
2007-11-29,44.33,1.54,28.27,41.47,6.9,1.77,1.38,40.19,0,0,QQQ,Hold QQQ,No action,,Hold QQQ after the Donchian exit while QQQ remains at or above EMA200.,0.0,1527.87,0.0,1527.87,1341.59,-12.93,-6.05
2007-11-30,43.99,1.53,28.65,41.49,6.02,1.75,1.38,40.12,0,0,QQQ,Hold QQQ,No action,,Hold QQQ after the Donchian exit while QQQ remains at or above EMA200.,0.0,1516.34,0.0,1516.34,1331.47,-13.58,-6.76
2007-12-03,43.62,1.5,29.63,41.51,5.08,1.75,1.38,32.46,0,0,QQQ,Hold QQQ,No action,,Hold QQQ after the Donchian exit while QQQ remains at or above EMA200.,0.0,1503.64,0.0,1503.64,1320.32,-14.31,-7.54
2007-12-04,43.44,1.48,28.85,41.53,4.6,1.75,1.38,28.53,0,0,QQQ,Hold QQQ,No action,,Hold QQQ after the Donchian exit while QQQ remains at or above EMA200.,0.0,1497.43,0.0,1497.43,1314.87,-14.66,-7.92
2007-12-05,44.22,1.54,26.91,41.56,6.41,1.75,1.38,42.94,0,0,QQQ,Hold QQQ,No action,,Hold QQQ after the Donchian exit while QQQ remains at or above EMA200.,0.0,1524.32,0.0,1524.32,1338.48,-13.13,-6.27
2007-12-06,44.86,1.57,24.89,41.59,7.85,1.66,1.38,67.43,0,0,QQQ,Hold QQQ,No action,,Hold QQQ after the Donchian exit while QQQ remains at or above EMA200.,0.0,1546.19,0.0,1546.19,1357.68,-11.88,-4.92
2007-12-07,44.87,1.58,23.75,41.62,7.79,1.57,1.38,105.53,0,1,QLD,Hold QLD,Buy QLD,toQLD,QLD closed above its prior 20-day high; the signal changed to 1 and the account moved fully into QLD.,0.0,0.0,1546.49,1546.49,1357.94,-11.87,-4.91
2007-12-10,45.05,1.59,24.39,41.66,8.13,1.58,1.38,104.6,1,1,QLD,Hold QLD,No action,,Hold QLD while the Donchian20 signal remains 1.,0.0,0.0,1555.55,1555.55,1363.39,-11.35,-4.52
2007-12-11,44.0,1.52,26.46,41.68,5.56,1.59,1.38,67.44,1,1,QLD,Hold QLD,No action,,Hold QLD while the Donchian20 signal remains 1.,0.0,0.0,1488.46,1488.46,1331.73,-15.17,-6.74
2007-12-12,44.39,1.54,25.97,41.71,6.44,1.59,1.4,75.17,1,1,QLD,Hold QLD,No action,,Hold QLD while the Donchian20 signal remains 1.,0.0,0.0,1508.42,1508.42,1343.67,-14.04,-5.91
2007-12-13,44.15,1.52,25.52,41.73,5.8,1.59,1.4,63.46,1,1,QLD,Hold QLD,No action,,Hold QLD while the Donchian20 signal remains 1.,0.0,0.0,1486.2,1486.2,1336.41,-15.3,-6.41
2007-12-14,43.7,1.5,25.91,41.75,4.66,1.59,1.4,51.45,1,1,QLD,Hold QLD,No action,,Hold QLD while the Donchian20 signal remains 1.,0.0,0.0,1463.41,1463.41,1322.65,-16.6,-7.38
2007-12-17,42.64,1.43,27.89,41.76,2.1,1.59,1.4,16.11,1,1,QLD,Hold QLD,No action,,Hold QLD while the Donchian20 signal remains 1.,0.0,0.0,1396.33,1396.33,1290.47,-20.42,-9.63
2007-12-18,42.77,1.43,26.79,41.77,2.4,1.59,1.4,17.45,1,1,QLD,Hold QLD,No action,,Hold QLD while the Donchian20 signal remains 1.,0.0,0.0,1398.87,1398.87,1294.63,-20.28,-9.34
2007-12-19,42.76,1.44,24.88,41.78,2.36,1.59,1.4,24.24,1,1,QLD,Hold QLD,No action,,Hold QLD while the Donchian20 signal remains 1.,0.0,0.0,1411.75,1411.75,1294.37,-19.54,-9.36
2007-12-20,43.64,1.5,23.15,41.8,4.4,1.59,1.4,55.02,1,1,QLD,Hold QLD,No action,,Hold QLD while the Donchian20 signal remains 1.,0.0,0.0,1470.18,1470.18,1320.84,-16.21,-7.5
2007-12-21,44.5,1.56,20.9,41.83,6.39,1.59,1.4,81.9,1,1,QLD,Hold QLD,No action,,Hold QLD while the Donchian20 signal remains 1.,0.0,0.0,1521.19,1521.19,1346.89,-13.31,-5.68
2007-12-24,44.83,1.57,21.42,41.86,7.12,1.59,1.4,91.33,1,1,QLD,Hold QLD,No action,,Hold QLD while the Donchian20 signal remains 1.,0.0,0.0,1539.09,1539.09,1357.02,-12.29,-4.97
2007-12-26,45.06,1.59,21.32,41.89,7.57,1.59,1.43,99.5,1,1,QLD,Hold QLD,No action,,Hold QLD while the Donchian20 signal remains 1.,0.0,0.0,1554.74,1554.74,1363.78,-11.4,-4.5
2007-12-27,44.52,1.55,22.46,41.91,6.21,1.59,1.43,72.33,1,1,QLD,Hold QLD,No action,,Hold QLD while the Donchian20 signal remains 1.,0.0,0.0,1511.49,1511.49,1347.41,-13.86,-5.64
2007-12-28,44.47,1.54,23.63,41.94,6.04,1.59,1.43,69.71,1,1,QLD,Hold QLD,No action,,Hold QLD while the Donchian20 signal remains 1.,0.0,0.0,1507.32,1507.32,1346.11,-14.1,-5.73
2007-12-31,43.96,1.51,25.9,41.96,4.77,1.59,1.43,52.38,1,1,QLD,Hold QLD,No action,,Hold QLD while the Donchian20 signal remains 1.,0.0,0.0,1479.73,1479.73,1330.53,-15.67,-6.83
2008-01-02,43.26,1.47,27.14,41.97,3.08,1.59,1.43,22.69,1,1,QLD,Hold QLD,No action,,Hold QLD while the Donchian20 signal remains 1.,0.0,0.0,1432.45,1432.45,1309.48,-18.36,-8.3
2008-01-03,43.44,1.47,26.59,41.99,3.47,1.59,1.43,27.84,1,1,QLD,Hold QLD,No action,,Hold QLD while the Donchian20 signal remains 1.,0.0,0.0,1440.65,1440.65,1314.94,-17.9,-7.92
2008-01-04,41.54,1.35,28.62,41.98,-1.06,1.59,1.43,-50.46,1,0,Cash,Hold Cash,Reduce QLD to QQQ; Sell QQQ to Cash,QLD->QQQ_on_Donchian_exit; QQQ->Cash_below_EMA200,"QLD exited its channel and QQQ was below EMA200, so the account passed through QQQ and finished in Cash.",1315.98,0.0,0.0,1315.98,1257.27,-25.0,-11.96
2008-01-07,41.34,1.33,29.39,41.98,-1.51,1.59,1.35,-7.1,0,0,Cash,Hold Cash,No action,,Hold Cash until QLD creates a new Donchian20 breakout; QQQ moving above EMA200 alone is not a re-entry.,1315.98,0.0,0.0,1315.98,1251.3,-25.0,-12.37
2008-01-08,40.27,1.27,30.77,41.96,-4.03,1.59,1.33,-23.31,0,0,Cash,Hold Cash,No action,,Hold Cash until QLD creates a new Donchian20 breakout; QQQ moving above EMA200 alone is not a re-entry.,1315.98,0.0,0.0,1315.98,1218.83,-25.0,-14.65
2008-01-09,41.13,1.31,28.18,41.95,-1.96,1.59,1.27,12.54,0,0,Cash,Hold Cash,No action,,Hold Cash until QLD creates a new Donchian20 breakout; QQQ moving above EMA200 alone is not a re-entry.,1315.98,0.0,0.0,1315.98,1244.8,-25.0,-12.83
2008-01-10,41.19,1.31,27.78,41.94,-1.8,1.59,1.27,12.81,0,0,Cash,Hold Cash,No action,,Hold Cash until QLD creates a new Donchian20 breakout; QQQ moving above EMA200 alone is not a re-entry.,1315.98,0.0,0.0,1315.98,1246.62,-25.0,-12.7
2008-01-11,40.38,1.27,28.82,41.93,-3.69,1.59,1.27,1.61,0,0,Cash,Hold Cash,No action,,Hold Cash until QLD creates a new Donchian20 breakout; QQQ moving above EMA200 alone is not a re-entry.,1315.98,0.0,0.0,1315.98,1222.2,-25.0,-14.41
2008-01-14,41.08,1.31,28.08,41.92,-1.99,1.59,1.27,11.91,0,0,Cash,Hold Cash,No action,,Hold Cash until QLD creates a new Donchian20 breakout; QQQ moving above EMA200 alone is not a re-entry.,1315.98,0.0,0.0,1315.98,1243.5,-25.0,-12.92
2008-01-15,39.95,1.25,27.48,41.9,-4.65,1.59,1.27,-6.57,0,0,Cash,Hold Cash,No action,,Hold Cash until QLD creates a new Donchian20 breakout; QQQ moving above EMA200 alone is not a re-entry.,1315.98,0.0,0.0,1315.98,1209.21,-25.0,-15.32
2008-01-16,39.52,1.21,28.87,41.88,-5.62,1.59,1.25,-10.64,0,0,Cash,Hold Cash,No action,,Hold Cash until QLD creates a new Donchian20 breakout; QQQ moving above EMA200 alone is not a re-entry.,1315.98,0.0,0.0,1315.98,1196.23,-25.0,-16.23
2008-01-17,38.97,1.18,31.16,41.85,-6.87,1.59,1.21,-8.74,0,0,Cash,Hold Cash,No action,,Hold Cash until QLD creates a new Donchian20 breakout; QQQ moving above EMA200 alone is not a re-entry.,1315.98,0.0,0.0,1315.98,1179.6,-25.0,-17.4
2008-01-18,38.92,1.17,30.23,41.82,-6.93,1.59,1.18,-1.55,0,0,Cash,Hold Cash,No action,,Hold Cash until QLD creates a new Donchian20 breakout; QQQ moving above EMA200 alone is not a re-entry.,1315.98,0.0,0.0,1315.98,1178.04,-25.0,-17.5
2008-01-22,37.92,1.11,35.63,41.78,-9.24,1.59,1.17,-15.14,0,0,Cash,Hold Cash,No action,,Hold Cash until QLD creates a new Donchian20 breakout; QQQ moving above EMA200 alone is not a re-entry.,1315.98,0.0,0.0,1315.98,1147.65,-25.0,-19.63
2008-01-23,37.77,1.12,34.02,41.74,-9.51,1.59,1.11,2.02,0,0,Cash,Hold Cash,No action,,Hold Cash until QLD creates a new Donchian20 breakout; QQQ moving above EMA200 alone is not a re-entry.,1315.98,0.0,0.0,1315.98,1143.23,-25.0,-19.94
2008-01-24,38.54,1.15,32.22,41.71,-7.59,1.59,1.11,8.73,0,0,Cash,Hold Cash,No action,,Hold Cash until QLD creates a new Donchian20 breakout; QQQ moving above EMA200 alone is not a re-entry.,1315.98,0.0,0.0,1315.98,1166.61,-25.0,-18.3
2008-01-25,37.75,1.1,33.81,41.67,-9.39,1.59,1.11,-1.67,0,0,Cash,Hold Cash,No action,,Hold Cash until QLD creates a new Donchian20 breakout; QQQ moving above EMA200 alone is not a re-entry.,1315.98,0.0,0.0,1315.98,1142.71,-25.0,-19.98
2008-01-28,38.05,1.12,32.56,41.63,-8.61,1.55,1.1,3.75,0,0,Cash,Hold Cash,No action,,Hold Cash until QLD creates a new Donchian20 breakout; QQQ moving above EMA200 alone is not a re-entry.,1315.98,0.0,0.0,1315.98,1151.55,-25.0,-19.36
2008-01-29,38.11,1.12,32.85,41.6,-8.37,1.54,1.1,4.95,0,0,Cash,Hold Cash,No action,,Hold Cash until QLD creates a new Donchian20 breakout; QQQ moving above EMA200 alone is not a re-entry.,1315.98,0.0,0.0,1315.98,1153.62,-25.0,-19.21
2008-01-30,38.08,1.12,31.8,41.56,-8.38,1.51,1.1,4.96,0,0,Cash,Hold Cash,No action,,Hold Cash until QLD creates a new Donchian20 breakout; QQQ moving above EMA200 alone is not a re-entry.,1315.98,0.0,0.0,1315.98,1152.59,-25.0,-19.29
2008-01-31,38.73,1.15,31.08,41.53,-6.75,1.47,1.1,12.4,0,0,Cash,Hold Cash,No action,,Hold Cash until QLD creates a new Donchian20 breakout; QQQ moving above EMA200 alone is not a re-entry.,1315.98,0.0,0.0,1315.98,1172.33,-25.0,-17.9
2008-02-01,39.13,1.18,28.25,41.51,-5.74,1.47,1.1,22.36,0,0,Cash,Hold Cash,No action,,Hold Cash until QLD creates a new Donchian20 breakout; QQQ moving above EMA200 alone is not a re-entry.,1315.98,0.0,0.0,1315.98,1184.28,-25.0,-17.07
2008-02-04,38.58,1.14,30.46,41.48,-7.0,1.35,1.1,17.18,0,0,Cash,Hold Cash,No action,,Hold Cash until QLD creates a new Donchian20 breakout; QQQ moving above EMA200 alone is not a re-entry.,1315.98,0.0,0.0,1315.98,1167.65,-25.0,-18.23
2008-02-05,37.48,1.09,32.44,41.44,-9.56,1.33,1.1,-5.1,0,0,Cash,Hold Cash,No action,,Hold Cash until QLD creates a new Donchian20 breakout; QQQ moving above EMA200 alone is not a re-entry.,1315.98,0.0,0.0,1315.98,1134.4,-25.0,-20.56
2008-02-06,36.74,1.04,32.68,41.39,-11.24,1.31,1.09,-20.8,0,0,Cash,Hold Cash,No action,,Hold Cash until QLD creates a new Donchian20 breakout; QQQ moving above EMA200 alone is not a re-entry.,1315.98,0.0,0.0,1315.98,1112.06,-25.0,-22.12
2008-02-07,37.0,1.06,31.56,41.35,-10.52,1.31,1.04,7.95,0,0,Cash,Hold Cash,No action,,Hold Cash until QLD creates a new Donchian20 breakout; QQQ moving above EMA200 alone is not a re-entry.,1315.98,0.0,0.0,1315.98,1119.85,-25.0,-21.58
2008-02-08,37.42,1.08,30.08,41.31,-9.42,1.31,1.04,13.07,0,0,Cash,Hold Cash,No action,,Hold Cash until QLD creates a new Donchian20 breakout; QQQ moving above EMA200 alone is not a re-entry.,1315.98,0.0,0.0,1315.98,1132.58,-25.0,-20.69
2008-02-11,37.82,1.1,29.09,41.28,-8.37,1.31,1.04,22.29,0,0,Cash,Hold Cash,No action,,Hold Cash until QLD creates a new Donchian20 breakout; QQQ moving above EMA200 alone is not a re-entry.,1315.98,0.0,0.0,1315.98,1144.79,-25.0,-19.83
2008-02-12,37.61,1.09,28.22,41.24,-8.81,1.31,1.04,19.24,0,0,Cash,Hold Cash,No action,,Hold Cash until QLD creates a new Donchian20 breakout; QQQ moving above EMA200 alone is not a re-entry.,1315.98,0.0,0.0,1315.98,1138.3,-25.0,-20.29
2008-02-13,38.43,1.13,25.35,41.21,-6.75,1.25,1.04,43.7,0,0,Cash,Hold Cash,No action,,Hold Cash until QLD creates a new Donchian20 breakout; QQQ moving above EMA200 alone is not a re-entry.,1315.98,0.0,0.0,1315.98,1163.24,-25.0,-18.54
2008-02-14,37.74,1.09,26.52,41.18,-8.36,1.21,1.04,32.07,0,0,Cash,Hold Cash,No action,,Hold Cash until QLD creates a new Donchian20 breakout; QQQ moving above EMA200 alone is not a re-entry.,1315.98,0.0,0.0,1315.98,1142.19,-25.0,-20.01
2008-02-15,37.61,1.09,26.69,41.14,-8.59,1.18,1.04,35.48,0,0,Cash,Hold Cash,No action,,Hold Cash until QLD creates a new Donchian20 breakout; QQQ moving above EMA200 alone is not a re-entry.,1315.98,0.0,0.0,1315.98,1138.3,-25.0,-20.29
2008-02-19,37.54,1.08,27.99,41.11,-8.68,1.18,1.04,28.17,0,0,Cash,Hold Cash,No action,,Hold Cash until QLD creates a new Donchian20 breakout; QQQ moving above EMA200 alone is not a re-entry.,1315.98,0.0,0.0,1315.98,1136.22,-25.0,-20.43
2008-02-20,37.71,1.09,27.09,41.07,-8.18,1.18,1.04,35.16,0,0,Cash,Hold Cash,No action,,Hold Cash until QLD creates a new Donchian20 breakout; QQQ moving above EMA200 alone is not a re-entry.,1315.98,0.0,0.0,1315.98,1141.42,-25.0,-20.07
2008-02-21,37.35,1.07,26.92,41.04,-8.98,1.18,1.04,23.44,0,0,Cash,Hold Cash,No action,,Hold Cash until QLD creates a new Donchian20 breakout; QQQ moving above EMA200 alone is not a re-entry.,1315.98,0.0,0.0,1315.98,1130.5,-25.0,-20.83
2008-02-22,37.49,1.08,26.3,41.0,-8.57,1.18,1.04,30.11,0,0,Cash,Hold Cash,No action,,Hold Cash until QLD creates a new Donchian20 breakout; QQQ moving above EMA200 alone is not a re-entry.,1315.98,0.0,0.0,1315.98,1134.66,-25.0,-20.54
2008-02-25,37.68,1.09,26.67,40.97,-8.03,1.18,1.04,33.23,0,0,Cash,Hold Cash,No action,,Hold Cash until QLD creates a new Donchian20 breakout; QQQ moving above EMA200 alone is not a re-entry.,1315.98,0.0,0.0,1315.98,1140.38,-25.0,-20.14
2008-02-26,37.82,1.1,25.95,40.94,-7.61,1.18,1.04,40.32,0,0,Cash,Hold Cash,No action,,Hold Cash until QLD creates a new Donchian20 breakout; QQQ moving above EMA200 alone is not a re-entry.,1315.98,0.0,0.0,1315.98,1144.79,-25.0,-19.83
2008-02-27,38.01,1.1,25.06,40.91,-7.08,1.18,1.04,45.27,0,0,Cash,Hold Cash,No action,,Hold Cash until QLD creates a new Donchian20 breakout; QQQ moving above EMA200 alone is not a re-entry.,1315.98,0.0,0.0,1315.98,1150.51,-25.0,-19.43
2008-02-28,37.87,1.08,26.6,40.88,-7.37,1.18,1.04,28.49,0,0,Cash,Hold Cash,No action,,Hold Cash until QLD creates a new Donchian20 breakout; QQQ moving above EMA200 alone is not a re-entry.,1315.98,0.0,0.0,1315.98,1146.09,-25.0,-19.74
2008-02-29,36.86,1.05,28.44,40.84,-9.73,1.18,1.04,5.81,0,0,Cash,Hold Cash,No action,,Hold Cash until QLD creates a new Donchian20 breakout; QQQ moving above EMA200 alone is not a re-entry.,1315.98,0.0,0.0,1315.98,1115.7,-25.0,-21.87
2008-03-03,36.62,1.03,29.47,40.79,-10.23,1.18,1.04,-10.22,0,0,Cash,Hold Cash,No action,,Hold Cash until QLD creates a new Donchian20 breakout; QQQ moving above EMA200 alone is not a re-entry.,1315.98,0.0,0.0,1315.98,1108.42,-25.0,-22.38
2008-03-04,36.83,1.03,28.26,40.76,-9.64,1.14,1.03,7.29,0,0,Cash,Hold Cash,No action,,Hold Cash until QLD creates a new Donchian20 breakout; QQQ moving above EMA200 alone is not a re-entry.,1315.98,0.0,0.0,1315.98,1114.66,-25.0,-21.94
2008-03-05,37.01,1.05,27.52,40.72,-9.11,1.13,1.03,27.01,0,0,Cash,Hold Cash,No action,,Hold Cash until QLD creates a new Donchian20 breakout; QQQ moving above EMA200 alone is not a re-entry.,1315.98,0.0,0.0,1315.98,1120.11,-25.0,-21.56
2008-03-06,36.19,1.0,29.99,40.67,-11.02,1.13,1.03,-24.38,0,0,Cash,Hold Cash,No action,,Hold Cash until QLD creates a new Donchian20 breakout; QQQ moving above EMA200 alone is not a re-entry.,1315.98,0.0,0.0,1315.98,1095.44,-25.0,-23.29
2008-03-07,36.11,1.0,29.25,40.63,-11.13,1.13,1.0,-4.11,0,0,Cash,Hold Cash,No action,,Hold Cash until QLD creates a new Donchian20 breakout; QQQ moving above EMA200 alone is not a re-entry.,1315.98,0.0,0.0,1315.98,1092.84,-25.0,-23.47
2008-03-10,35.41,0.96,31.38,40.58,-12.73,1.13,1.0,-29.31,0,0,Cash,Hold Cash,No action,,Hold Cash until QLD creates a new Donchian20 breakout; QQQ moving above EMA200 alone is not a re-entry.,1315.98,0.0,0.0,1315.98,1071.8,-25.0,-24.94
2008-03-11,36.76,1.04,28.56,40.54,-9.32,1.13,0.96,49.52,0,0,Cash,Hold Cash,No action,,Hold Cash until QLD creates a new Donchian20 breakout; QQQ moving above EMA200 alone is not a re-entry.,1315.98,0.0,0.0,1315.98,1112.58,-25.0,-22.09
2008-03-12,36.66,1.02,30.05,40.5,-9.49,1.13,0.96,37.93,0,0,Cash,Hold Cash,No action,,Hold Cash until QLD creates a new Donchian20 breakout; QQQ moving above EMA200 alone is not a re-entry.,1315.98,0.0,0.0,1315.98,1109.46,-25.0,-22.31
2008-03-13,36.94,1.04,29.86,40.46,-8.71,1.13,0.96,47.34,0,0,Cash,Hold Cash,No action,,Hold Cash until QLD creates a new Donchian20 breakout; QQQ moving above EMA200 alone is not a re-entry.,1315.98,0.0,0.0,1315.98,1118.04,-25.0,-21.71
2008-03-14,36.26,1.0,32.01,40.42,-10.29,1.1,0.96,27.5,0,0,Cash,Hold Cash,No action,,Hold Cash until QLD creates a new Donchian20 breakout; QQQ moving above EMA200 alone is not a re-entry.,1315.98,0.0,0.0,1315.98,1097.51,-25.0,-23.14
2008-03-17,35.6,0.97,32.99,40.37,-11.82,1.1,0.96,10.33,0,0,Cash,Hold Cash,No action,,Hold Cash until QLD creates a new Donchian20 breakout; QQQ moving above EMA200 alone is not a re-entry.,1315.98,0.0,0.0,1315.98,1077.51,-25.0,-24.54
2008-03-18,37.19,1.06,28.45,40.34,-7.82,1.1,0.96,66.67,0,0,Cash,Hold Cash,No action,,Hold Cash until QLD creates a new Donchian20 breakout; QQQ moving above EMA200 alone is not a re-entry.,1315.98,0.0,0.0,1315.98,1125.57,-25.0,-21.18
2008-03-19,36.27,1.0,31.28,40.3,-10.0,1.1,0.96,31.39,0,0,Cash,Hold Cash,No action,,Hold Cash until QLD creates a new Donchian20 breakout; QQQ moving above EMA200 alone is not a re-entry.,1315.98,0.0,0.0,1315.98,1097.77,-25.0,-23.13
2008-03-20,37.01,1.03,29.05,40.27,-8.09,1.1,0.96,50.41,0,0,Cash,Hold Cash,No action,,Hold Cash until QLD creates a new Donchian20 breakout; QQQ moving above EMA200 alone is not a re-entry.,1315.98,0.0,0.0,1315.98,1120.21,-25.0,-21.55
2008-03-24,38.29,1.12,28.69,40.25,-4.87,1.1,0.96,107.06,0,1,QLD,Hold QLD,Buy QLD,toQLD,QLD closed above its prior 20-day high; the signal changed to 1 and the account moved fully into QLD.,0.0,0.0,1315.98,1315.98,1158.94,-25.0,-18.84
2008-03-25,38.51,1.12,29.07,40.23,-4.29,1.12,0.96,105.25,1,1,QLD,Hold QLD,No action,,Hold QLD while the Donchian20 signal remains 1.,0.0,0.0,1325.88,1325.88,1165.44,-24.44,-18.39
2008-03-26,38.39,1.1,29.75,40.21,-4.53,1.12,0.96,86.84,1,1,QLD,Hold QLD,No action,,Hold QLD while the Donchian20 signal remains 1.,0.0,0.0,1299.77,1299.77,1162.06,-25.93,-18.62
2008-03-27,37.54,1.08,29.55,40.19,-6.58,1.12,0.96,73.41,1,1,QLD,Hold QLD,No action,,Hold QLD while the Donchian20 signal remains 1.,0.0,0.0,1273.13,1273.13,1136.33,-27.44,-20.43
2008-03-28,37.35,1.06,28.87,40.16,-6.98,1.12,0.96,63.7,1,1,QLD,Hold QLD,No action,,Hold QLD while the Donchian20 signal remains 1.,0.0,0.0,1253.87,1253.87,1130.61,-28.54,-20.83
2008-03-31,37.55,1.07,29.04,40.13,-6.43,1.12,0.96,66.42,1,1,QLD,Hold QLD,No action,,Hold QLD while the Donchian20 signal remains 1.,0.0,0.0,1259.27,1259.27,1136.59,-28.23,-20.41
2008-04-01,39.16,1.16,26.56,40.12,-2.41,1.12,0.96,119.78,1,1,QLD,Hold QLD,No action,,Hold QLD while the Donchian20 signal remains 1.,0.0,0.0,1365.12,1365.12,1185.2,-22.2,-17.0
2008-04-02,39.07,1.16,27.27,40.11,-2.59,1.16,0.96,103.94,1,1,QLD,Hold QLD,No action,,Hold QLD while the Donchian20 signal remains 1.,0.0,0.0,1374.48,1374.48,1182.6,-21.67,-17.19
2008-04-03,39.16,1.17,26.93,40.1,-2.36,1.16,0.96,100.95,1,1,QLD,Hold QLD,No action,,Hold QLD while the Donchian20 signal remains 1.,0.0,0.0,1376.82,1376.82,1185.2,-21.54,-17.0
2008-04-04,39.39,1.17,25.6,40.1,-1.76,1.17,0.96,102.74,1,1,QLD,Hold QLD,No action,,Hold QLD while the Donchian20 signal remains 1.,0.0,0.0,1383.67,1383.67,1192.22,-21.15,-16.51
2008-04-07,39.3,1.17,26.19,40.09,-1.96,1.17,0.96,96.98,1,1,QLD,Hold QLD,No action,,Hold QLD while the Donchian20 signal remains 1.,0.0,0.0,1375.93,1375.93,1189.62,-21.59,-16.69
2008-04-08,39.0,1.16,26.03,40.08,-2.68,1.17,0.96,92.2,1,1,QLD,Hold QLD,No action,,Hold QLD while the Donchian20 signal remains 1.,0.0,0.0,1363.68,1363.68,1180.52,-22.28,-17.33
2008-04-09,38.57,1.13,26.61,40.06,-3.74,1.17,0.97,79.12,1,1,QLD,Hold QLD,No action,,Hold QLD while the Donchian20 signal remains 1.,0.0,0.0,1333.98,1333.98,1167.26,-23.98,-18.26
2008-04-10,39.11,1.16,25.77,40.05,-2.34,1.17,0.97,92.44,1,1,QLD,Hold QLD,No action,,Hold QLD while the Donchian20 signal remains 1.,0.0,0.0,1365.66,1365.66,1183.9,-22.17,-17.09
2008-04-11,38.03,1.1,27.54,40.03,-5.0,1.17,0.97,61.65,1,1,QLD,Hold QLD,No action,,Hold QLD while the Donchian20 signal remains 1.,0.0,0.0,1292.39,1292.39,1151.15,-26.35,-19.39
2008-04-14,37.86,1.08,28.28,40.01,-5.37,1.17,0.97,53.78,1,1,QLD,Hold QLD,No action,,Hold QLD while the Donchian20 signal remains 1.,0.0,0.0,1273.67,1273.67,1145.95,-27.41,-19.75
2008-04-15,37.91,1.08,27.46,39.99,-5.2,1.17,0.97,54.54,1,1,QLD,Hold QLD,No action,,Hold QLD while the Donchian20 signal remains 1.,0.0,0.0,1275.47,1275.47,1147.51,-27.31,-19.64
2008-04-16,38.97,1.16,25.55,39.98,-2.53,1.17,1.0,93.1,1,1,QLD,Hold QLD,No action,,Hold QLD while the Donchian20 signal remains 1.,0.0,0.0,1369.8,1369.8,1179.48,-21.94,-17.4
2008-04-17,38.88,1.16,24.2,39.97,-2.72,1.17,1.0,94.53,1,1,QLD,Hold QLD,No action,,Hold QLD while the Donchian20 signal remains 1.,0.0,0.0,1372.68,1372.68,1176.88,-21.77,-17.59
2008-04-18,40.12,1.21,23.58,39.97,0.37,1.17,1.03,126.13,1,1,QLD,Hold QLD,No action,,Hold QLD while the Donchian20 signal remains 1.,0.0,0.0,1427.41,1427.41,1214.32,-18.65,-14.96
2008-04-21,40.4,1.23,24.09,39.98,1.07,1.21,1.06,111.0,1,1,QLD,Hold QLD,No action,,Hold QLD while the Donchian20 signal remains 1.,0.0,0.0,1446.49,1446.49,1222.9,-17.56,-14.36
2008-04-22,39.8,1.2,24.54,39.97,-0.43,1.23,1.06,85.51,1,1,QLD,Hold QLD,No action,,Hold QLD while the Donchian20 signal remains 1.,0.0,0.0,1418.59,1418.59,1204.7,-19.15,-15.64
2008-04-23,40.24,1.22,25.06,39.98,0.66,1.23,1.06,93.36,1,1,QLD,Hold QLD,No action,,Hold QLD while the Donchian20 signal remains 1.,0.0,0.0,1433.71,1433.71,1217.96,-18.29,-14.71
2008-04-24,40.6,1.23,23.72,39.98,1.55,1.23,1.06,103.46,1,1,QLD,Hold QLD,No action,,Hold QLD while the Donchian20 signal remains 1.,0.0,0.0,1453.15,1453.15,1228.88,-17.19,-13.94
2008-04-25,40.5,1.23,23.34,39.99,1.28,1.23,1.06,100.72,1,1,QLD,Hold QLD,No action,,Hold QLD while the Donchian20 signal remains 1.,0.0,0.0,1454.6,1454.6,1225.76,-17.1,-14.16
2008-04-28,40.58,1.24,23.65,39.99,1.46,1.23,1.07,102.58,1,1,QLD,Hold QLD,No action,,Hold QLD while the Donchian20 signal remains 1.,0.0,0.0,1459.64,1459.64,1228.1,-16.82,-14.0
2008-04-29,40.88,1.25,23.87,40.0,2.21,1.24,1.08,109.68,1,1,QLD,Hold QLD,No action,,Hold QLD while the Donchian20 signal remains 1.,0.0,0.0,1477.64,1477.64,1237.46,-15.79,-13.34
2008-04-30,40.55,1.23,24.41,40.01,1.35,1.25,1.08,89.14,1,1,QLD,Hold QLD,No action,,Hold QLD while the Donchian20 signal remains 1.,0.0,0.0,1455.49,1455.49,1227.32,-17.05,-14.05
2008-05-01,41.83,1.31,22.72,40.03,4.51,1.25,1.08,133.8,1,1,QLD,Hold QLD,No action,,Hold QLD while the Donchian20 signal remains 1.,0.0,0.0,1546.59,1546.59,1266.05,-11.86,-11.34
2008-05-02,41.89,1.33,21.39,40.04,4.61,1.31,1.08,106.2,1,1,QLD,Hold QLD,No action,,Hold QLD while the Donchian20 signal remains 1.,0.0,0.0,1563.51,1563.51,1267.87,-10.9,-11.21
2008-05-05,41.77,1.31,22.43,40.06,4.26,1.33,1.08,93.04,1,1,QLD,Hold QLD,No action,,Hold QLD while the Donchian20 signal remains 1.,0.0,0.0,1543.35,1543.35,1264.23,-12.05,-11.47
2008-05-06,42.03,1.34,21.88,40.08,4.85,1.33,1.08,104.72,1,1,QLD,Hold QLD,No action,,Hold QLD while the Donchian20 signal remains 1.,0.0,0.0,1577.19,1577.19,1272.03,-10.12,-10.92
2008-05-07,41.26,1.28,23.51,40.09,2.92,1.34,1.08,79.77,1,1,QLD,Hold QLD,No action,,Hold QLD while the Donchian20 signal remains 1.,0.0,0.0,1515.8,1515.8,1248.89,-13.61,-12.54
2008-05-08,41.57,1.29,23.18,40.11,3.65,1.34,1.08,80.43,1,1,QLD,Hold QLD,No action,,Hold QLD while the Donchian20 signal remains 1.,0.0,0.0,1517.78,1517.78,1258.25,-13.5,-11.89
2008-05-09,41.41,1.29,23.48,40.12,3.21,1.34,1.08,80.13,1,1,QLD,Hold QLD,No action,,Hold QLD while the Donchian20 signal remains 1.,0.0,0.0,1516.88,1516.88,1253.31,-13.55,-12.23
2008-05-12,42.16,1.33,22.46,40.14,5.04,1.34,1.08,98.81,1,1,QLD,Hold QLD,No action,,Hold QLD while the Donchian20 signal remains 1.,0.0,0.0,1573.59,1573.59,1276.19,-10.32,-10.63
2008-05-13,42.28,1.34,21.5,40.16,5.26,1.34,1.08,101.85,1,1,QLD,Hold QLD,No action,,Hold QLD while the Donchian20 signal remains 1.,0.0,0.0,1582.77,1582.77,1279.57,-9.8,-10.39
2008-05-14,42.18,1.33,21.47,40.18,4.98,1.34,1.16,93.83,1,1,QLD,Hold QLD,No action,,Hold QLD while the Donchian20 signal remains 1.,0.0,0.0,1569.63,1569.63,1276.71,-10.55,-10.59
2008-05-15,42.92,1.38,20.13,40.21,6.74,1.34,1.16,122.96,1,1,QLD,Hold QLD,No action,,Hold QLD while the Donchian20 signal remains 1.,0.0,0.0,1631.02,1631.02,1299.07,-7.05,-9.03
2008-05-16,42.95,1.38,20.0,40.24,6.75,1.38,1.2,100.0,1,1,QLD,Hold QLD,No action,,Hold QLD while the Donchian20 signal remains 1.,0.0,0.0,1631.02,1631.02,1300.11,-7.05,-8.96
2008-05-19,42.65,1.37,21.09,40.26,5.92,1.38,1.2,92.54,1,1,QLD,Hold QLD,No action,,Hold QLD while the Donchian20 signal remains 1.,0.0,0.0,1615.18,1615.18,1290.75,-7.95,-9.61
2008-05-20,42.32,1.34,21.37,40.28,5.06,1.38,1.2,78.73,1,1,QLD,Hold QLD,No action,,Hold QLD while the Donchian20 signal remains 1.,0.0,0.0,1585.83,1585.83,1280.87,-9.62,-10.3
2008-05-21,41.38,1.29,22.96,40.29,2.71,1.38,1.22,44.07,1,1,QLD,Hold QLD,No action,,Hold QLD while the Donchian20 signal remains 1.,0.0,0.0,1520.66,1520.66,1252.53,-13.34,-12.29
2008-05-22,41.53,1.29,22.49,40.3,3.04,1.38,1.23,36.24,1,1,QLD,Hold QLD,No action,,Hold QLD while the Donchian20 signal remains 1.,0.0,0.0,1517.6,1517.6,1256.95,-13.51,-11.98
2008-05-23,41.4,1.28,23.36,40.32,2.69,1.38,1.23,32.86,1,1,QLD,Hold QLD,No action,,Hold QLD while the Donchian20 signal remains 1.,0.0,0.0,1512.56,1512.56,1253.05,-13.8,-12.25
2008-05-27,42.13,1.33,22.99,40.33,4.45,1.38,1.23,61.64,1,1,QLD,Hold QLD,No action,,Hold QLD while the Donchian20 signal remains 1.,0.0,0.0,1563.69,1563.69,1275.15,-10.89,-10.7
2008-05-28,42.3,1.34,22.24,40.35,4.83,1.38,1.23,72.0,1,1,QLD,Hold QLD,No action,,Hold QLD while the Donchian20 signal remains 1.,0.0,0.0,1581.87,1581.87,1280.35,-9.85,-10.34
2008-05-29,42.68,1.37,21.28,40.38,5.71,1.38,1.23,88.41,1,1,QLD,Hold QLD,No action,,Hold QLD while the Donchian20 signal remains 1.,0.0,0.0,1610.68,1610.68,1291.79,-8.21,-9.54
2008-05-30,42.95,1.38,20.85,40.4,6.32,1.38,1.28,98.48,1,1,QLD,Hold QLD,No action,,Hold QLD while the Donchian20 signal remains 1.,0.0,0.0,1629.22,1629.22,1300.11,-7.15,-8.96
2008-06-02,42.43,1.35,22.88,40.42,4.97,1.38,1.28,67.63,1,1,QLD,Hold QLD,No action,,Hold QLD while the Donchian20 signal remains 1.,0.0,0.0,1592.67,1592.67,1284.25,-9.23,-10.07
2008-06-03,42.2,1.33,23.89,40.44,4.35,1.38,1.28,51.22,1,1,QLD,Hold QLD,No action,,Hold QLD while the Donchian20 signal remains 1.,0.0,0.0,1573.23,1573.23,1277.23,-10.34,-10.56
2008-06-04,42.74,1.36,24.01,40.46,5.63,1.38,1.28,73.86,1,1,QLD,Hold QLD,No action,,Hold QLD while the Donchian20 signal remains 1.,0.0,0.0,1600.05,1600.05,1293.61,-8.81,-9.41
2008-06-05,43.42,1.41,22.85,40.49,7.23,1.38,1.28,124.92,1,1,QLD,Hold QLD,No action,,Hold QLD while the Donchian20 signal remains 1.,0.0,0.0,1660.54,1660.54,1314.15,-5.37,-7.97
2008-06-06,42.11,1.31,26.04,40.51,3.96,1.41,1.28,25.67,1,1,QLD,Hold QLD,No action,,Hold QLD while the Donchian20 signal remains 1.,0.0,0.0,1550.55,1550.55,1274.63,-11.63,-10.74
2008-06-09,41.89,1.31,26.7,40.52,3.38,1.41,1.28,23.6,1,1,QLD,Hold QLD,No action,,Hold QLD while the Donchian20 signal remains 1.,0.0,0.0,1547.49,1547.49,1267.87,-11.81,-11.21
2008-06-10,41.69,1.29,26.58,40.53,2.86,1.41,1.28,9.98,1,1,QLD,Hold QLD,No action,,Hold QLD while the Donchian20 signal remains 1.,0.0,0.0,1527.32,1527.32,1261.89,-12.96,-11.63
2008-06-11,40.69,1.24,27.32,40.53,0.38,1.41,1.28,-37.35,1,0,QQQ,Hold QQQ,Reduce QLD to QQQ,QLD->QQQ_on_Donchian_exit,QLD closed below its prior 20-day low; the signal changed to 0 and the account reduced to QQQ.,0.0,1457.3,0.0,1457.3,1231.48,-16.95,-13.76
2008-06-12,40.73,1.24,27.4,40.54,0.48,1.41,1.24,1.33,0,0,QQQ,Hold QQQ,No action,,Hold QQQ after the Donchian exit while QQQ remains at or above EMA200.,0.0,1458.83,0.0,1458.83,1232.78,-16.86,-13.67
2008-06-13,41.55,1.28,25.3,40.55,2.46,1.41,1.24,28.26,0,0,QQQ,Hold QQQ,No action,,Hold QQQ after the Donchian exit while QQQ remains at or above EMA200.,0.0,1488.06,0.0,1488.06,1257.47,-15.2,-11.94
2008-06-16,41.92,1.3,25.02,40.56,3.34,1.41,1.24,38.97,0,0,QQQ,Hold QQQ,No action,,Hold QQQ after the Donchian exit while QQQ remains at or above EMA200.,0.0,1501.29,0.0,1501.29,1268.65,-14.44,-11.16
2008-06-17,41.69,1.3,24.7,40.57,2.76,1.41,1.24,35.25,0,0,QQQ,Hold QQQ,No action,,Hold QQQ after the Donchian exit while QQQ remains at or above EMA200.,0.0,1493.29,0.0,1493.29,1261.89,-14.9,-11.63
2008-06-18,41.25,1.27,25.8,40.58,1.64,1.41,1.24,18.6,0,0,QQQ,Hold QQQ,No action,,Hold QQQ after the Donchian exit while QQQ remains at or above EMA200.,0.0,1477.29,0.0,1477.29,1248.37,-15.81,-12.58
2008-06-19,41.89,1.3,24.8,40.59,3.2,1.41,1.24,39.42,0,0,QQQ,Hold QQQ,No action,,Hold QQQ after the Donchian exit while QQQ remains at or above EMA200.,0.0,1500.36,0.0,1500.36,1267.87,-14.49,-11.21
2008-06-20,40.76,1.24,26.75,40.59,0.41,1.41,1.24,2.21,0,0,QQQ,Hold QQQ,No action,,Hold QQQ after the Donchian exit while QQQ remains at or above EMA200.,0.0,1459.85,0.0,1459.85,1233.64,-16.8,-13.61
2008-06-23,40.44,1.21,27.53,40.59,-0.37,1.41,1.24,-13.82,0,0,Cash,Hold Cash,Sell QQQ to Cash,QQQ->Cash_below_EMA200,QQQ closed below EMA200 while held; the account moved fully to Cash.,1448.46,0.0,0.0,1448.46,1224.01,-17.45,-14.29
2008-06-24,40.23,1.2,28.14,40.59,-0.87,1.41,1.21,-3.87,0,0,Cash,Hold Cash,No action,,Hold Cash until QLD creates a new Donchian20 breakout; QQQ moving above EMA200 alone is not a re-entry.,1448.46,0.0,0.0,1448.46,1217.77,-17.45,-14.72
2008-06-25,40.89,1.23,26.39,40.59,0.73,1.41,1.2,12.74,0,0,Cash,Hold Cash,No action,,Hold Cash until QLD creates a new Donchian20 breakout; QQQ moving above EMA200 alone is not a re-entry.,1448.46,0.0,0.0,1448.46,1237.54,-17.45,-13.34
2008-06-26,39.24,1.14,29.06,40.58,-3.3,1.41,1.2,-29.98,0,0,Cash,Hold Cash,No action,,Hold Cash until QLD creates a new Donchian20 breakout; QQQ moving above EMA200 alone is not a re-entry.,1448.46,0.0,0.0,1448.46,1187.59,-17.45,-16.84
2008-06-27,39.24,1.15,28.67,40.56,-3.27,1.41,1.14,1.21,0,0,Cash,Hold Cash,No action,,Hold Cash until QLD creates a new Donchian20 breakout; QQQ moving above EMA200 alone is not a re-entry.,1448.46,0.0,0.0,1448.46,1187.59,-17.45,-16.84
2008-06-30,38.82,1.12,29.76,40.55,-4.25,1.41,1.14,-8.71,0,0,Cash,Hold Cash,No action,,Hold Cash until QLD creates a new Donchian20 breakout; QQQ moving above EMA200 alone is not a re-entry.,1448.46,0.0,0.0,1448.46,1175.1,-17.45,-17.71
2008-07-01,39.37,1.15,28.73,40.54,-2.86,1.41,1.12,10.18,0,0,Cash,Hold Cash,No action,,Hold Cash until QLD creates a new Donchian20 breakout; QQQ moving above EMA200 alone is not a re-entry.,1448.46,0.0,0.0,1448.46,1191.75,-17.45,-16.54
2008-07-02,38.43,1.09,30.92,40.51,-5.15,1.41,1.12,-9.39,0,0,Cash,Hold Cash,No action,,Hold Cash until QLD creates a new Donchian20 breakout; QQQ moving above EMA200 alone is not a re-entry.,1448.46,0.0,0.0,1448.46,1163.14,-17.45,-18.55
2008-07-03,38.36,1.09,29.86,40.49,-5.27,1.41,1.09,-1.84,0,0,Cash,Hold Cash,No action,,Hold Cash until QLD creates a new Donchian20 breakout; QQQ moving above EMA200 alone is not a re-entry.,1448.46,0.0,0.0,1448.46,1161.05,-17.45,-18.69
2008-07-07,38.59,1.1,30.38,40.47,-4.65,1.31,1.09,7.25,0,0,Cash,Hold Cash,No action,,Hold Cash until QLD creates a new Donchian20 breakout; QQQ moving above EMA200 alone is not a re-entry.,1448.46,0.0,0.0,1448.46,1168.08,-17.45,-18.2
2008-07-08,39.51,1.14,28.43,40.46,-2.35,1.31,1.09,24.72,0,0,Cash,Hold Cash,No action,,Hold Cash until QLD creates a new Donchian20 breakout; QQQ moving above EMA200 alone is not a re-entry.,1448.46,0.0,0.0,1448.46,1195.91,-17.45,-16.25
2008-07-09,38.46,1.1,30.27,40.44,-4.9,1.3,1.09,5.58,0,0,Cash,Hold Cash,No action,,Hold Cash until QLD creates a new Donchian20 breakout; QQQ moving above EMA200 alone is not a re-entry.,1448.46,0.0,0.0,1448.46,1164.18,-17.45,-18.48
2008-07-10,38.92,1.12,30.45,40.43,-3.74,1.3,1.09,14.33,0,0,Cash,Hold Cash,No action,,Hold Cash until QLD creates a new Donchian20 breakout; QQQ moving above EMA200 alone is not a re-entry.,1448.46,0.0,0.0,1448.46,1177.96,-17.45,-17.51
2008-07-11,38.3,1.08,31.67,40.41,-5.22,1.3,1.09,-1.62,0,0,Cash,Hold Cash,No action,,Hold Cash until QLD creates a new Donchian20 breakout; QQQ moving above EMA200 alone is not a re-entry.,1448.46,0.0,0.0,1448.46,1159.23,-17.45,-18.82
2008-07-14,38.02,1.07,33.2,40.38,-5.86,1.3,1.08,-7.16,0,0,Cash,Hold Cash,No action,,Hold Cash until QLD creates a new Donchian20 breakout; QQQ moving above EMA200 alone is not a re-entry.,1448.46,0.0,0.0,1448.46,1150.65,-17.45,-19.42
2008-07-15,38.02,1.06,33.01,40.36,-5.79,1.3,1.07,-1.95,0,0,Cash,Hold Cash,No action,,Hold Cash until QLD creates a new Donchian20 breakout; QQQ moving above EMA200 alone is not a re-entry.,1448.46,0.0,0.0,1448.46,1150.91,-17.45,-19.4
2008-07-16,38.97,1.11,30.13,40.35,-3.41,1.3,1.06,21.18,0,0,Cash,Hold Cash,No action,,Hold Cash until QLD creates a new Donchian20 breakout; QQQ moving above EMA200 alone is not a re-entry.,1448.46,0.0,0.0,1448.46,1179.53,-17.45,-17.4
2008-07-17,39.23,1.11,29.87,40.34,-2.75,1.3,1.06,19.21,0,0,Cash,Hold Cash,No action,,Hold Cash until QLD creates a new Donchian20 breakout; QQQ moving above EMA200 alone is not a re-entry.,1448.46,0.0,0.0,1448.46,1187.33,-17.45,-16.85
2008-07-18,38.33,1.09,30.49,40.32,-4.94,1.3,1.06,13.36,0,0,Cash,Hold Cash,No action,,Hold Cash until QLD creates a new Donchian20 breakout; QQQ moving above EMA200 alone is not a re-entry.,1448.46,0.0,0.0,1448.46,1160.01,-17.45,-18.77
2008-07-21,38.49,1.1,29.69,40.3,-4.49,1.24,1.06,18.74,0,0,Cash,Hold Cash,No action,,Hold Cash until QLD creates a new Donchian20 breakout; QQQ moving above EMA200 alone is not a re-entry.,1448.46,0.0,0.0,1448.46,1164.96,-17.45,-18.42
2008-07-22,38.49,1.09,27.09,40.28,-4.45,1.23,1.06,19.23,0,0,Cash,Hold Cash,No action,,Hold Cash until QLD creates a new Donchian20 breakout; QQQ moving above EMA200 alone is not a re-entry.,1448.46,0.0,0.0,1448.46,1164.96,-17.45,-18.42
2008-07-23,39.0,1.12,27.44,40.27,-3.16,1.23,1.06,34.25,0,0,Cash,Hold Cash,No action,,Hold Cash until QLD creates a new Donchian20 breakout; QQQ moving above EMA200 alone is not a re-entry.,1448.46,0.0,0.0,1448.46,1180.31,-17.45,-17.35
2008-07-24,38.41,1.08,27.83,40.25,-4.56,1.23,1.06,11.26,0,0,Cash,Hold Cash,No action,,Hold Cash until QLD creates a new Donchian20 breakout; QQQ moving above EMA200 alone is not a re-entry.,1448.46,0.0,0.0,1448.46,1162.61,-17.45,-18.58
2008-07-25,38.91,1.11,26.63,40.24,-3.29,1.15,1.06,55.59,0,0,Cash,Hold Cash,No action,,Hold Cash until QLD creates a new Donchian20 breakout; QQQ moving above EMA200 alone is not a re-entry.,1448.46,0.0,0.0,1448.46,1177.7,-17.45,-17.53
2008-07-28,38.18,1.08,27.74,40.21,-5.06,1.15,1.06,16.34,0,0,Cash,Hold Cash,No action,,Hold Cash until QLD creates a new Donchian20 breakout; QQQ moving above EMA200 alone is not a re-entry.,1448.46,0.0,0.0,1448.46,1155.59,-17.45,-19.08
2008-07-29,38.97,1.11,26.15,40.2,-3.06,1.15,1.06,53.82,0,0,Cash,Hold Cash,No action,,Hold Cash until QLD creates a new Donchian20 breakout; QQQ moving above EMA200 alone is not a re-entry.,1448.46,0.0,0.0,1448.46,1179.53,-17.45,-17.4
2008-07-30,39.17,1.13,25.54,40.19,-2.55,1.15,1.06,76.02,0,0,Cash,Hold Cash,No action,,Hold Cash until QLD creates a new Donchian20 breakout; QQQ moving above EMA200 alone is not a re-entry.,1448.46,0.0,0.0,1448.46,1185.51,-17.45,-16.98
2008-07-31,39.07,1.12,26.24,40.18,-2.76,1.14,1.06,77.5,0,0,Cash,Hold Cash,No action,,Hold Cash until QLD creates a new Donchian20 breakout; QQQ moving above EMA200 alone is not a re-entry.,1448.46,0.0,0.0,1448.46,1182.65,-17.45,-17.18
2008-08-01,38.58,1.1,25.97,40.16,-3.96,1.14,1.06,43.27,0,0,Cash,Hold Cash,No action,,Hold Cash until QLD creates a new Donchian20 breakout; QQQ moving above EMA200 alone is not a re-entry.,1448.46,0.0,0.0,1448.46,1167.56,-17.45,-18.24
2008-08-04,38.19,1.08,27.56,40.15,-4.87,1.14,1.06,15.58,0,0,Cash,Hold Cash,No action,,Hold Cash until QLD creates a new Donchian20 breakout; QQQ moving above EMA200 alone is not a re-entry.,1448.46,0.0,0.0,1448.46,1155.85,-17.45,-19.06
2008-08-05,39.48,1.14,25.65,40.14,-1.65,1.14,1.06,98.85,0,0,Cash,Hold Cash,No action,,Hold Cash until QLD creates a new Donchian20 breakout; QQQ moving above EMA200 alone is not a re-entry.,1448.46,0.0,0.0,1448.46,1194.87,-17.45,-16.33
2008-08-06,40.08,1.18,24.35,40.14,-0.15,1.14,1.06,143.58,0,1,QLD,Hold QLD,Buy QLD,toQLD,QLD closed above its prior 20-day high; the signal changed to 1 and the account moved fully into QLD.,0.0,0.0,1448.46,1448.46,1213.08,-17.45,-15.05
2008-08-07,39.77,1.16,24.75,40.13,-0.91,1.18,1.06,89.16,1,1,QLD,Hold QLD,No action,,Hold QLD while the Donchian20 signal remains 1.,0.0,0.0,1433.42,1433.42,1203.72,-18.31,-15.71
2008-08-08,40.67,1.21,24.24,40.14,1.33,1.18,1.06,129.67,1,1,QLD,Hold QLD,No action,,Hold QLD while the Donchian20 signal remains 1.,0.0,0.0,1489.65,1489.65,1231.03,-15.11,-13.79
2008-08-11,41.04,1.23,24.19,40.15,2.22,1.21,1.06,115.57,1,1,QLD,Hold QLD,No action,,Hold QLD while the Donchian20 signal remains 1.,0.0,0.0,1517.67,1517.67,1242.22,-13.51,-13.01
2008-08-12,41.08,1.24,24.51,40.16,2.31,1.23,1.06,102.89,1,1,QLD,Hold QLD,No action,,Hold QLD while the Donchian20 signal remains 1.,0.0,0.0,1523.69,1523.69,1243.52,-13.17,-12.92
2008-08-13,41.0,1.23,24.57,40.17,2.07,1.24,1.08,96.31,1,1,QLD,Hold QLD,No action,,Hold QLD while the Donchian20 signal remains 1.,0.0,0.0,1516.35,1516.35,1240.92,-13.58,-13.1
2008-08-14,41.47,1.26,22.6,40.18,3.22,1.24,1.08,114.57,1,1,QLD,Hold QLD,No action,,Hold QLD while the Donchian20 signal remains 1.,0.0,0.0,1552.65,1552.65,1255.23,-11.52,-12.1
2008-08-15,41.39,1.26,22.52,40.19,2.99,1.26,1.08,100.41,1,1,QLD,Hold QLD,No action,,Hold QLD while the Donchian20 signal remains 1.,0.0,0.0,1553.59,1553.59,1252.89,-11.46,-12.26
2008-08-18,40.91,1.23,23.59,40.2,1.78,1.26,1.08,85.28,1,1,QLD,Hold QLD,No action,,Hold QLD while the Donchian20 signal remains 1.,0.0,0.0,1519.92,1519.92,1238.32,-13.38,-13.28
2008-08-19,40.41,1.2,24.21,40.2,0.51,1.26,1.08,68.67,1,1,QLD,Hold QLD,No action,,Hold QLD while the Donchian20 signal remains 1.,0.0,0.0,1481.94,1481.94,1222.97,-15.54,-14.36
2008-08-20,40.47,1.2,23.53,40.2,0.67,1.26,1.08,64.97,1,1,QLD,Hold QLD,No action,,Hold QLD while the Donchian20 signal remains 1.,0.0,0.0,1473.47,1473.47,1225.05,-16.03,-14.21
2008-08-21,40.29,1.18,23.15,40.2,0.2,1.26,1.08,57.32,1,1,QLD,Hold QLD,No action,,Hold QLD while the Donchian20 signal remains 1.,0.0,0.0,1455.98,1455.98,1219.33,-17.02,-14.61
2008-08-22,40.82,1.21,22.38,40.21,1.51,1.26,1.08,75.25,1,1,QLD,Hold QLD,No action,,Hold QLD while the Donchian20 signal remains 1.,0.0,0.0,1496.98,1496.98,1235.46,-14.69,-13.48
2008-08-25,39.96,1.17,24.28,40.21,-0.62,1.26,1.08,50.9,1,1,QLD,Hold QLD,No action,,Hold QLD while the Donchian20 signal remains 1.,0.0,0.0,1441.31,1441.31,1209.44,-17.86,-15.31
2008-08-26,39.91,1.17,24.03,40.2,-0.74,1.26,1.08,48.36,1,1,QLD,Hold QLD,No action,,Hold QLD while the Donchian20 signal remains 1.,0.0,0.0,1435.48,1435.48,1207.88,-18.19,-15.41
2008-08-27,40.17,1.18,23.34,40.2,-0.1,1.26,1.08,54.6,1,1,QLD,Hold QLD,No action,,Hold QLD while the Donchian20 signal remains 1.,0.0,0.0,1449.78,1449.78,1215.69,-17.38,-14.87
2008-08-28,40.49,1.18,23.15,40.21,0.71,1.26,1.08,58.06,1,1,QLD,Hold QLD,No action,,Hold QLD while the Donchian20 signal remains 1.,0.0,0.0,1457.68,1457.68,1225.57,-16.93,-14.18
2008-08-29,39.64,1.15,24.02,40.2,-1.39,1.26,1.08,38.08,1,1,QLD,Hold QLD,No action,,Hold QLD while the Donchian20 signal remains 1.,0.0,0.0,1411.98,1411.98,1199.82,-19.53,-15.98
2008-09-02,39.15,1.12,26.15,40.19,-2.59,1.26,1.08,22.53,1,1,QLD,Hold QLD,No action,,Hold QLD while the Donchian20 signal remains 1.,0.0,0.0,1376.43,1376.43,1184.99,-21.56,-17.02
2008-09-03,38.78,1.1,25.74,40.18,-3.47,1.26,1.12,-14.23,1,0,Cash,Hold Cash,Reduce QLD to QQQ; Sell QQQ to Cash,QLD->QQQ_on_Donchian_exit; QQQ->Cash_below_EMA200,"QLD exited its channel and QQQ was below EMA200, so the account passed through QQQ and finished in Cash.",1351.23,0.0,0.0,1351.23,1173.8,-22.99,-17.8
2008-09-04,37.53,1.03,27.56,40.15,-6.54,1.26,1.1,-43.03,0,0,Cash,Hold Cash,No action,,Hold Cash until QLD creates a new Donchian20 breakout; QQQ moving above EMA200 alone is not a re-entry.,1351.23,0.0,0.0,1351.23,1135.82,-22.99,-20.46
2008-09-05,37.35,1.02,26.66,40.12,-6.92,1.26,1.03,-1.49,0,0,Cash,Hold Cash,No action,,Hold Cash until QLD creates a new Donchian20 breakout; QQQ moving above EMA200 alone is not a re-entry.,1351.23,0.0,0.0,1351.23,1130.36,-22.99,-20.84
2008-09-08,37.28,1.01,27.42,40.09,-7.03,1.26,1.02,-4.87,0,0,Cash,Hold Cash,No action,,Hold Cash until QLD creates a new Donchian20 breakout; QQQ moving above EMA200 alone is not a re-entry.,1351.23,0.0,0.0,1351.23,1128.27,-22.99,-20.99
2008-09-09,36.49,0.97,28.63,40.06,-8.92,1.26,1.01,-15.2,0,0,Cash,Hold Cash,No action,,Hold Cash until QLD creates a new Donchian20 breakout; QQQ moving above EMA200 alone is not a re-entry.,1351.23,0.0,0.0,1351.23,1104.34,-22.99,-22.67
2008-09-10,36.79,0.98,27.76,40.03,-8.09,1.26,0.97,3.07,0,0,Cash,Hold Cash,No action,,Hold Cash until QLD creates a new Donchian20 breakout; QQQ moving above EMA200 alone is not a re-entry.,1351.23,0.0,0.0,1351.23,1113.45,-22.99,-22.03
2008-09-11,37.47,1.02,27.31,40.0,-6.31,1.26,0.97,16.85,0,0,Cash,Hold Cash,No action,,Hold Cash until QLD creates a new Donchian20 breakout; QQQ moving above EMA200 alone is not a re-entry.,1351.23,0.0,0.0,1351.23,1134.26,-22.99,-20.57
2008-09-12,37.33,1.03,28.21,39.97,-6.62,1.26,0.97,18.23,0,0,Cash,Hold Cash,No action,,Hold Cash until QLD creates a new Donchian20 breakout; QQQ moving above EMA200 alone is not a re-entry.,1351.23,0.0,0.0,1351.23,1129.84,-22.99,-20.88
2008-09-15,36.17,0.96,32.13,39.94,-9.43,1.26,0.97,-5.03,0,0,Cash,Hold Cash,No action,,Hold Cash until QLD creates a new Donchian20 breakout; QQQ moving above EMA200 alone is not a re-entry.,1351.23,0.0,0.0,1351.23,1094.72,-22.99,-23.34
2008-09-16,36.45,0.96,31.0,39.9,-8.65,1.23,0.96,2.27,0,0,Cash,Hold Cash,No action,,Hold Cash until QLD creates a new Donchian20 breakout; QQQ moving above EMA200 alone is not a re-entry.,1351.23,0.0,0.0,1351.23,1103.3,-22.99,-22.74
2008-09-17,34.56,0.87,35.88,39.85,-13.27,1.21,0.96,-35.04,0,0,Cash,Hold Cash,No action,,Hold Cash until QLD creates a new Donchian20 breakout; QQQ moving above EMA200 alone is not a re-entry.,1351.23,0.0,0.0,1351.23,1046.07,-22.99,-26.75
2008-09-18,35.73,0.93,32.82,39.81,-10.24,1.21,0.87,18.11,0,0,Cash,Hold Cash,No action,,Hold Cash until QLD creates a new Donchian20 breakout; QQQ moving above EMA200 alone is not a re-entry.,1351.23,0.0,0.0,1351.23,1081.45,-22.99,-24.27
2008-09-19,36.9,0.97,34.26,39.78,-7.24,1.21,0.87,28.37,0,0,Cash,Hold Cash,No action,,Hold Cash until QLD creates a new Donchian20 breakout; QQQ moving above EMA200 alone is not a re-entry.,1351.23,0.0,0.0,1351.23,1116.8,-22.99,-21.79
2008-09-22,35.16,0.89,35.46,39.73,-11.51,1.21,0.87,7.27,0,0,Cash,Hold Cash,No action,,Hold Cash until QLD creates a new Donchian20 breakout; QQQ moving above EMA200 alone is not a re-entry.,1351.23,0.0,0.0,1351.23,1064.21,-22.99,-25.48
2008-09-23,34.89,0.88,36.52,39.68,-12.07,1.18,0.87,2.43,0,0,Cash,Hold Cash,No action,,Hold Cash until QLD creates a new Donchian20 breakout; QQQ moving above EMA200 alone is not a re-entry.,1351.23,0.0,0.0,1351.23,1056.14,-22.99,-26.04
2008-09-24,35.13,0.89,36.4,39.64,-11.36,1.18,0.87,8.2,0,0,Cash,Hold Cash,No action,,Hold Cash until QLD creates a new Donchian20 breakout; QQQ moving above EMA200 alone is not a re-entry.,1351.23,0.0,0.0,1351.23,1063.43,-22.99,-25.53
2008-09-25,35.69,0.9,34.86,39.6,-9.86,1.18,0.87,11.11,0,0,Cash,Hold Cash,No action,,Hold Cash until QLD creates a new Donchian20 breakout; QQQ moving above EMA200 alone is not a re-entry.,1351.23,0.0,0.0,1351.23,1080.35,-22.99,-24.35
2008-09-26,35.33,0.9,36.85,39.56,-10.68,1.18,0.87,9.22,0,0,Cash,Hold Cash,No action,,Hold Cash until QLD creates a new Donchian20 breakout; QQQ moving above EMA200 alone is not a re-entry.,1351.23,0.0,0.0,1351.23,1069.42,-22.99,-25.11
2008-09-29,32.53,0.72,49.56,39.49,-17.62,1.15,0.87,-51.98,0,0,Cash,Hold Cash,No action,,Hold Cash until QLD creates a new Donchian20 breakout; QQQ moving above EMA200 alone is not a re-entry.,1351.23,0.0,0.0,1351.23,984.55,-22.99,-31.05
2008-09-30,33.47,0.8,42.58,39.43,-15.12,1.12,0.72,19.15,0,0,Cash,Hold Cash,No action,,Hold Cash until QLD creates a new Donchian20 breakout; QQQ moving above EMA200 alone is not a re-entry.,1351.23,0.0,0.0,1351.23,1012.93,-22.99,-29.07
2008-10-01,33.11,0.78,42.92,39.36,-15.88,1.1,0.72,14.59,0,0,Cash,Hold Cash,No action,,Hold Cash until QLD creates a new Donchian20 breakout; QQQ moving above EMA200 alone is not a re-entry.,1351.23,0.0,0.0,1351.23,1002.26,-22.99,-29.81
2008-10-02,31.61,0.72,49.53,39.29,-19.55,1.03,0.72,-2.78,0,0,Cash,Hold Cash,No action,,Hold Cash until QLD creates a new Donchian20 breakout; QQQ moving above EMA200 alone is not a re-entry.,1351.23,0.0,0.0,1351.23,956.7,-22.99,-33.0
2008-10-03,31.12,0.68,49.76,39.21,-20.63,1.03,0.72,-10.6,0,0,Cash,Hold Cash,No action,,Hold Cash until QLD creates a new Donchian20 breakout; QQQ moving above EMA200 alone is not a re-entry.,1351.23,0.0,0.0,1351.23,941.86,-22.99,-34.04
2008-10-06,29.98,0.62,55.36,39.11,-23.35,1.03,0.68,-18.68,0,0,Cash,Hold Cash,No action,,Hold Cash until QLD creates a new Donchian20 breakout; QQQ moving above EMA200 alone is not a re-entry.,1351.23,0.0,0.0,1351.23,907.5,-22.99,-36.45
2008-10-07,28.08,0.56,58.51,39.0,-28.0,1.03,0.62,-15.25,0,0,Cash,Hold Cash,No action,,Hold Cash until QLD creates a new Donchian20 breakout; QQQ moving above EMA200 alone is not a re-entry.,1351.23,0.0,0.0,1351.23,849.97,-22.99,-40.48
2008-10-08,27.86,0.54,63.27,38.89,-28.37,1.03,0.56,-3.03,0,0,Cash,Hold Cash,No action,,Hold Cash until QLD creates a new Donchian20 breakout; QQQ moving above EMA200 alone is not a re-entry.,1351.23,0.0,0.0,1351.23,843.2,-22.99,-40.95
2008-10-09,27.11,0.5,69.66,38.78,-30.09,1.03,0.54,-8.7,0,0,Cash,Hold Cash,No action,,Hold Cash until QLD creates a new Donchian20 breakout; QQQ moving above EMA200 alone is not a re-entry.,1351.23,0.0,0.0,1351.23,820.55,-22.99,-42.54
2008-10-10,26.94,0.51,71.58,38.66,-30.32,1.03,0.5,1.43,0,0,Cash,Hold Cash,No action,,Hold Cash until QLD creates a new Donchian20 breakout; QQQ moving above EMA200 alone is not a re-entry.,1351.23,0.0,0.0,1351.23,815.34,-22.99,-42.9
2008-10-13,30.22,0.63,60.27,38.57,-21.67,0.97,0.5,28.44,0,0,Cash,Hold Cash,No action,,Hold Cash until QLD creates a new Donchian20 breakout; QQQ moving above EMA200 alone is not a re-entry.,1351.23,0.0,0.0,1351.23,914.53,-22.99,-35.96
2008-10-14,28.91,0.57,62.77,38.48,-24.87,0.97,0.5,15.83,0,0,Cash,Hold Cash,No action,,Hold Cash until QLD creates a new Donchian20 breakout; QQQ moving above EMA200 alone is not a re-entry.,1351.23,0.0,0.0,1351.23,874.96,-22.99,-38.73
2008-10-15,26.32,0.47,72.93,38.36,-31.39,0.97,0.5,-6.72,0,0,Cash,Hold Cash,No action,,Hold Cash until QLD creates a new Donchian20 breakout; QQQ moving above EMA200 alone is not a re-entry.,1351.23,0.0,0.0,1351.23,796.6,-22.99,-44.22
2008-10-16,27.75,0.52,72.39,38.25,-27.46,0.97,0.47,10.75,0,0,Cash,Hold Cash,No action,,Hold Cash until QLD creates a new Donchian20 breakout; QQQ moving above EMA200 alone is not a re-entry.,1351.23,0.0,0.0,1351.23,839.81,-22.99,-41.19
2008-10-17,27.78,0.52,71.26,38.15,-27.18,0.97,0.47,10.53,0,0,Cash,Hold Cash,No action,,Hold Cash until QLD creates a new Donchian20 breakout; QQQ moving above EMA200 alone is not a re-entry.,1351.23,0.0,0.0,1351.23,840.85,-22.99,-41.12
2008-10-20,28.56,0.56,59.65,38.05,-24.96,0.9,0.47,20.16,0,0,Cash,Hold Cash,No action,,Hold Cash until QLD creates a new Donchian20 breakout; QQQ moving above EMA200 alone is not a re-entry.,1351.23,0.0,0.0,1351.23,864.28,-22.99,-39.48
2008-10-21,27.08,0.5,60.07,37.94,-28.64,0.9,0.47,7.25,0,0,Cash,Hold Cash,No action,,Hold Cash until QLD creates a new Donchian20 breakout; QQQ moving above EMA200 alone is not a re-entry.,1351.23,0.0,0.0,1351.23,819.51,-22.99,-42.61
2008-10-22,26.33,0.47,63.21,37.83,-30.4,0.9,0.47,-0.56,0,0,Cash,Hold Cash,No action,,Hold Cash until QLD creates a new Donchian20 breakout; QQQ moving above EMA200 alone is not a re-entry.,1351.23,0.0,0.0,1351.23,796.86,-22.99,-44.2
2008-10-23,26.22,0.46,69.84,37.71,-30.46,0.9,0.47,-0.98,0,0,Cash,Hold Cash,No action,,Hold Cash until QLD creates a new Donchian20 breakout; QQQ moving above EMA200 alone is not a re-entry.,1351.23,0.0,0.0,1351.23,793.74,-22.99,-44.42
2008-10-24,25.38,0.44,78.82,37.59,-32.48,0.9,0.46,-6.15,0,0,Cash,Hold Cash,No action,,Hold Cash until QLD creates a new Donchian20 breakout; QQQ moving above EMA200 alone is not a re-entry.,1351.23,0.0,0.0,1351.23,768.22,-22.99,-46.2
2008-10-27,24.68,0.41,79.16,37.46,-34.13,0.8,0.44,-7.02,0,0,Cash,Hold Cash,No action,,Hold Cash until QLD creates a new Donchian20 breakout; QQQ moving above EMA200 alone is not a re-entry.,1351.23,0.0,0.0,1351.23,746.88,-22.99,-47.7
2008-10-28,27.4,0.5,66.2,37.36,-26.65,0.8,0.41,22.1,0,0,Cash,Hold Cash,No action,,Hold Cash until QLD creates a new Donchian20 breakout; QQQ moving above EMA200 alone is not a re-entry.,1351.23,0.0,0.0,1351.23,829.4,-22.99,-41.92
2008-10-29,27.33,0.5,69.13,37.26,-26.64,0.78,0.41,24.81,0,0,Cash,Hold Cash,No action,,Hold Cash until QLD creates a new Donchian20 breakout; QQQ moving above EMA200 alone is not a re-entry.,1351.23,0.0,0.0,1351.23,827.32,-22.99,-42.06
2008-10-30,28.25,0.53,63.19,37.17,-24.01,0.72,0.41,38.47,0,0,Cash,Hold Cash,No action,,Hold Cash until QLD creates a new Donchian20 breakout; QQQ moving above EMA200 alone is not a re-entry.,1351.23,0.0,0.0,1351.23,854.91,-22.99,-40.13
2008-10-31,28.29,0.53,60.3,37.08,-23.72,0.68,0.41,44.11,0,0,Cash,Hold Cash,No action,,Hold Cash until QLD creates a new Donchian20 breakout; QQQ moving above EMA200 alone is not a re-entry.,1351.23,0.0,0.0,1351.23,856.21,-22.99,-40.04
2008-11-03,28.23,0.53,56.22,36.99,-23.7,0.63,0.41,55.04,0,0,Cash,Hold Cash,No action,,Hold Cash until QLD creates a new Donchian20 breakout; QQQ moving above EMA200 alone is not a re-entry.,1351.23,0.0,0.0,1351.23,854.39,-22.99,-40.17
2008-11-04,29.03,0.56,51.25,36.92,-21.37,0.63,0.41,68.68,0,0,Cash,Hold Cash,No action,,Hold Cash until QLD creates a new Donchian20 breakout; QQQ moving above EMA200 alone is not a re-entry.,1351.23,0.0,0.0,1351.23,878.6,-22.99,-38.47
2008-11-05,27.51,0.5,55.43,36.82,-25.28,0.63,0.41,41.06,0,0,Cash,Hold Cash,No action,,Hold Cash until QLD creates a new Donchian20 breakout; QQQ moving above EMA200 alone is not a re-entry.,1351.23,0.0,0.0,1351.23,832.78,-22.99,-41.68
2008-11-06,26.28,0.45,62.7,36.72,-28.41,0.63,0.41,19.74,0,0,Cash,Hold Cash,No action,,Hold Cash until QLD creates a new Donchian20 breakout; QQQ moving above EMA200 alone is not a re-entry.,1351.23,0.0,0.0,1351.23,795.56,-22.99,-44.29
2008-11-07,26.83,0.47,55.14,36.62,-26.74,0.63,0.41,28.65,0,0,Cash,Hold Cash,No action,,Hold Cash until QLD creates a new Donchian20 breakout; QQQ moving above EMA200 alone is not a re-entry.,1351.23,0.0,0.0,1351.23,811.96,-22.99,-43.14
2008-11-10,26.47,0.47,58.44,36.52,-27.53,0.63,0.41,25.09,0,0,Cash,Hold Cash,No action,,Hold Cash until QLD creates a new Donchian20 breakout; QQQ moving above EMA200 alone is not a re-entry.,1351.23,0.0,0.0,1351.23,801.02,-22.99,-43.91
2008-11-11,25.89,0.45,60.83,36.41,-28.9,0.57,0.41,22.81,0,0,Cash,Hold Cash,No action,,Hold Cash until QLD creates a new Donchian20 breakout; QQQ moving above EMA200 alone is not a re-entry.,1351.23,0.0,0.0,1351.23,783.58,-22.99,-45.13
2008-11-12,24.69,0.4,64.64,36.3,-31.97,0.56,0.41,-5.19,0,0,Cash,Hold Cash,No action,,Hold Cash until QLD creates a new Donchian20 breakout; QQQ moving above EMA200 alone is not a re-entry.,1351.23,0.0,0.0,1351.23,747.4,-22.99,-47.66
2008-11-13,26.2,0.45,58.03,36.19,-27.62,0.56,0.4,29.32,0,0,Cash,Hold Cash,No action,,Hold Cash until QLD creates a new Donchian20 breakout; QQQ moving above EMA200 alone is not a re-entry.,1351.23,0.0,0.0,1351.23,792.95,-22.99,-44.47
2008-11-14,24.93,0.41,66.05,36.08,-30.92,0.56,0.4,1.8,0,0,Cash,Hold Cash,No action,,Hold Cash until QLD creates a new Donchian20 breakout; QQQ moving above EMA200 alone is not a re-entry.,1351.23,0.0,0.0,1351.23,754.43,-22.99,-47.17
2008-11-17,24.4,0.39,68.6,35.97,-32.16,0.56,0.4,-7.97,0,0,Cash,Hold Cash,No action,,Hold Cash until QLD creates a new Donchian20 breakout; QQQ moving above EMA200 alone is not a re-entry.,1351.23,0.0,0.0,1351.23,738.55,-22.99,-48.28
2008-11-18,24.38,0.39,68.31,35.85,-32.01,0.56,0.39,-2.02,0,0,Cash,Hold Cash,No action,,Hold Cash until QLD creates a new Donchian20 breakout; QQQ moving above EMA200 alone is not a re-entry.,1351.23,0.0,0.0,1351.23,737.76,-22.99,-48.34
2008-11-19,23.1,0.35,74.66,35.72,-35.33,0.56,0.39,-22.57,0,0,Cash,Hold Cash,No action,,Hold Cash until QLD creates a new Donchian20 breakout; QQQ moving above EMA200 alone is not a re-entry.,1351.23,0.0,0.0,1351.23,699.24,-22.99,-51.03
2008-11-20,21.98,0.31,80.64,35.59,-38.23,0.56,0.35,-14.55,0,0,Cash,Hold Cash,No action,,Hold Cash until QLD creates a new Donchian20 breakout; QQQ moving above EMA200 alone is not a re-entry.,1351.23,0.0,0.0,1351.23,665.39,-22.99,-53.4
2008-11-21,22.94,0.34,71.2,35.46,-35.31,0.56,0.31,9.94,0,0,Cash,Hold Cash,No action,,Hold Cash until QLD creates a new Donchian20 breakout; QQQ moving above EMA200 alone is not a re-entry.,1351.23,0.0,0.0,1351.23,694.29,-22.99,-51.38
2008-11-24,24.34,0.38,62.92,35.35,-31.15,0.56,0.31,26.2,0,0,Cash,Hold Cash,No action,,Hold Cash until QLD creates a new Donchian20 breakout; QQQ moving above EMA200 alone is not a re-entry.,1351.23,0.0,0.0,1351.23,736.72,-22.99,-48.41
2008-11-25,24.23,0.38,59.71,35.24,-31.25,0.56,0.31,25.15,0,0,Cash,Hold Cash,No action,,Hold Cash until QLD creates a new Donchian20 breakout; QQQ moving above EMA200 alone is not a re-entry.,1351.23,0.0,0.0,1351.23,733.34,-22.99,-48.65
2008-11-26,25.24,0.41,55.26,35.14,-28.16,0.56,0.31,37.67,0,0,Cash,Hold Cash,No action,,Hold Cash until QLD creates a new Donchian20 breakout; QQQ moving above EMA200 alone is not a re-entry.,1351.23,0.0,0.0,1351.23,764.06,-22.99,-46.49
2008-11-28,25.05,0.4,56.05,35.04,-28.52,0.56,0.31,35.64,0,0,Cash,Hold Cash,No action,,Hold Cash until QLD creates a new Donchian20 breakout; QQQ moving above EMA200 alone is not a re-entry.,1351.23,0.0,0.0,1351.23,758.07,-22.99,-46.91
2008-12-01,23.16,0.34,66.35,34.92,-33.67,0.56,0.31,11.53,0,0,Cash,Hold Cash,No action,,Hold Cash until QLD creates a new Donchian20 breakout; QQQ moving above EMA200 alone is not a re-entry.,1351.23,0.0,0.0,1351.23,701.06,-22.99,-50.91
2008-12-02,23.94,0.37,62.48,34.81,-31.24,0.56,0.31,20.37,0,0,Cash,Hold Cash,No action,,Hold Cash until QLD creates a new Donchian20 breakout; QQQ moving above EMA200 alone is not a re-entry.,1351.23,0.0,0.0,1351.23,724.49,-22.99,-49.27
2008-12-03,24.62,0.38,61.74,34.71,-29.08,0.56,0.31,27.73,0,0,Cash,Hold Cash,No action,,Hold Cash until QLD creates a new Donchian20 breakout; QQQ moving above EMA200 alone is not a re-entry.,1351.23,0.0,0.0,1351.23,745.05,-22.99,-47.83
2008-12-04,23.92,0.36,62.59,34.6,-30.88,0.5,0.31,25.84,0,0,Cash,Hold Cash,No action,,Hold Cash until QLD creates a new Donchian20 breakout; QQQ moving above EMA200 alone is not a re-entry.,1351.23,0.0,0.0,1351.23,723.97,-22.99,-49.3
2008-12-05,24.89,0.39,58.96,34.51,-27.87,0.47,0.31,48.57,0,0,Cash,Hold Cash,No action,,Hold Cash until QLD creates a new Donchian20 breakout; QQQ moving above EMA200 alone is not a re-entry.,1351.23,0.0,0.0,1351.23,753.38,-22.99,-47.24
2008-12-08,25.87,0.42,57.17,34.42,-24.84,0.47,0.31,68.07,0,0,Cash,Hold Cash,No action,,Hold Cash until QLD creates a new Donchian20 breakout; QQQ moving above EMA200 alone is not a re-entry.,1351.23,0.0,0.0,1351.23,783.06,-22.99,-45.16
2008-12-09,25.81,0.42,56.59,34.34,-24.83,0.47,0.31,69.42,0,0,Cash,Hold Cash,No action,,Hold Cash until QLD creates a new Donchian20 breakout; QQQ moving above EMA200 alone is not a re-entry.,1351.23,0.0,0.0,1351.23,781.24,-22.99,-45.29
2008-12-10,25.73,0.42,53.82,34.25,-24.89,0.45,0.31,77.63,0,0,Cash,Hold Cash,No action,,Hold Cash until QLD creates a new Donchian20 breakout; QQQ moving above EMA200 alone is not a re-entry.,1351.23,0.0,0.0,1351.23,778.64,-22.99,-45.47
2008-12-11,25.02,0.4,52.06,34.16,-26.75,0.45,0.31,60.45,0,0,Cash,Hold Cash,No action,,Hold Cash until QLD creates a new Donchian20 breakout; QQQ moving above EMA200 alone is not a re-entry.,1351.23,0.0,0.0,1351.23,757.29,-22.99,-46.97
2008-12-12,25.53,0.41,51.91,34.07,-25.08,0.45,0.31,71.86,0,0,Cash,Hold Cash,No action,,Hold Cash until QLD creates a new Donchian20 breakout; QQQ moving above EMA200 alone is not a re-entry.,1351.23,0.0,0.0,1351.23,772.65,-22.99,-45.89
2008-12-15,25.08,0.4,54.71,33.98,-26.2,0.42,0.31,76.12,0,0,Cash,Hold Cash,No action,,Hold Cash until QLD creates a new Donchian20 breakout; QQQ moving above EMA200 alone is not a re-entry.,1351.23,0.0,0.0,1351.23,759.11,-22.99,-46.84
2008-12-16,26.28,0.44,50.22,33.91,-22.48,0.42,0.31,110.53,0,1,QLD,Hold QLD,Buy QLD,toQLD,QLD closed above its prior 20-day high; the signal changed to 1 and the account moved fully into QLD.,0.0,0.0,1351.23,1351.23,795.56,-22.99,-44.29
2008-12-17,25.97,0.42,48.04,33.83,-23.24,0.44,0.31,91.49,1,1,QLD,Hold QLD,No action,,Hold QLD while the Donchian20 signal remains 1.,0.0,0.0,1319.46,1319.46,785.93,-24.8,-44.96
2008-12-18,25.51,0.41,46.03,33.74,-24.4,0.44,0.31,80.05,1,1,QLD,Hold QLD,No action,,Hold QLD while the Donchian20 signal remains 1.,0.0,0.0,1276.79,1276.79,772.13,-27.24,-45.93
2008-12-19,25.72,0.42,43.5,33.66,-23.6,0.44,0.31,83.86,1,1,QLD,Hold QLD,No action,,Hold QLD while the Donchian20 signal remains 1.,0.0,0.0,1291.02,1291.02,778.46,-26.43,-45.49
2008-12-22,25.16,0.4,41.91,33.58,-25.08,0.44,0.34,62.72,1,1,QLD,Hold QLD,No action,,Hold QLD while the Donchian20 signal remains 1.,0.0,0.0,1240.76,1240.76,761.52,-29.29,-46.67
2008-12-23,25.03,0.39,43.29,33.5,-25.27,0.44,0.34,55.59,1,1,QLD,Hold QLD,No action,,Hold QLD while the Donchian20 signal remains 1.,0.0,0.0,1225.11,1225.11,757.61,-30.18,-46.95
2008-12-24,25.1,0.4,43.31,33.41,-24.88,0.44,0.34,56.76,1,1,QLD,Hold QLD,No action,,Hold QLD while the Donchian20 signal remains 1.,0.0,0.0,1228.43,1228.43,759.69,-29.99,-46.8
2008-12-26,25.09,0.4,43.15,33.33,-24.72,0.44,0.34,57.09,1,1,QLD,Hold QLD,No action,,Hold QLD while the Donchian20 signal remains 1.,0.0,0.0,1229.38,1229.38,759.43,-29.94,-46.82
2008-12-29,24.88,0.39,43.69,33.24,-25.15,0.44,0.34,46.08,1,1,QLD,Hold QLD,No action,,Hold QLD while the Donchian20 signal remains 1.,0.0,0.0,1198.09,1198.09,753.17,-31.72,-47.26
2008-12-30,25.4,0.4,41.67,33.17,-23.41,0.44,0.34,65.28,1,1,QLD,Hold QLD,No action,,Hold QLD while the Donchian20 signal remains 1.,0.0,0.0,1252.61,1252.61,768.82,-28.61,-46.16
2008-12-31,25.62,0.41,40.79,33.09,-22.59,0.44,0.36,65.74,1,1,QLD,Hold QLD,No action,,Hold QLD while the Donchian20 signal remains 1.,0.0,0.0,1274.9,1274.9,775.33,-27.34,-45.71
2009-01-02,26.73,0.45,39.11,33.03,-19.08,0.44,0.36,116.17,1,1,QLD,Hold QLD,No action,,Hold QLD while the Donchian20 signal remains 1.,0.0,0.0,1387.26,1387.26,808.97,-20.94,-43.35
2009-01-05,26.72,0.45,39.07,32.97,-18.95,0.45,0.36,100.0,1,1,QLD,Hold QLD,No action,,Hold QLD while the Donchian20 signal remains 1.,0.0,0.0,1387.26,1387.26,808.7,-20.94,-43.37
2009-01-06,26.99,0.46,39.71,32.91,-17.99,0.45,0.39,115.04,1,1,QLD,Hold QLD,No action,,Hold QLD while the Donchian20 signal remains 1.,0.0,0.0,1415.71,1415.71,816.79,-19.32,-42.8
2009-01-07,26.22,0.43,43.52,32.84,-20.16,0.46,0.39,63.62,1,1,QLD,Hold QLD,No action,,Hold QLD while the Donchian20 signal remains 1.,0.0,0.0,1336.53,1336.53,793.58,-23.83,-44.43
2009-01-08,26.49,0.44,43.23,32.78,-19.16,0.46,0.39,76.91,1,1,QLD,Hold QLD,No action,,Hold QLD while the Donchian20 signal remains 1.,0.0,0.0,1365.45,1365.45,801.93,-22.18,-43.84
2009-01-09,25.9,0.42,43.84,32.71,-20.81,0.46,0.39,49.02,1,1,QLD,Hold QLD,No action,,Hold QLD while the Donchian20 signal remains 1.,0.0,0.0,1304.77,1304.77,783.94,-25.64,-45.1
2009-01-12,25.43,0.4,44.46,32.64,-22.09,0.46,0.39,26.8,1,1,QLD,Hold QLD,No action,,Hold QLD while the Donchian20 signal remains 1.,0.0,0.0,1256.41,1256.41,769.6,-28.4,-46.11
2009-01-13,25.44,0.4,43.11,32.56,-21.89,0.46,0.39,26.14,1,1,QLD,Hold QLD,No action,,Hold QLD while the Donchian20 signal remains 1.,0.0,0.0,1254.98,1254.98,769.86,-28.48,-46.09
2009-01-14,24.66,0.38,47.8,32.49,-24.09,0.46,0.39,-8.5,1,0,Cash,Hold Cash,Reduce QLD to QQQ; Sell QQQ to Cash,QLD->QQQ_on_Donchian_exit; QQQ->Cash_below_EMA200,"QLD exited its channel and QQQ was below EMA200, so the account passed through QQQ and finished in Cash.",1179.6,0.0,0.0,1179.6,746.4,-32.77,-47.73
2009-01-15,25.07,0.39,48.33,32.41,-22.67,0.46,0.38,14.66,0,0,Cash,Hold Cash,No action,,Hold Cash until QLD creates a new Donchian20 breakout; QQQ moving above EMA200 alone is not a re-entry.,1179.6,0.0,0.0,1179.6,758.65,-32.77,-46.87
2009-01-16,25.34,0.4,44.19,32.34,-21.65,0.46,0.38,27.51,0,0,Cash,Hold Cash,No action,,Hold Cash until QLD creates a new Donchian20 breakout; QQQ moving above EMA200 alone is not a re-entry.,1179.6,0.0,0.0,1179.6,766.99,-32.77,-46.29
2009-01-20,24.08,0.36,54.45,32.26,-25.34,0.46,0.38,-22.69,0,0,Cash,Hold Cash,No action,,Hold Cash until QLD creates a new Donchian20 breakout; QQQ moving above EMA200 alone is not a re-entry.,1179.6,0.0,0.0,1179.6,728.93,-32.77,-48.95
2009-01-21,25.11,0.39,47.35,32.19,-21.99,0.46,0.36,29.79,0,0,Cash,Hold Cash,No action,,Hold Cash until QLD creates a new Donchian20 breakout; QQQ moving above EMA200 alone is not a re-entry.,1179.6,0.0,0.0,1179.6,759.95,-32.77,-46.78
2009-01-22,24.77,0.38,45.83,32.11,-22.86,0.46,0.36,20.95,0,0,Cash,Hold Cash,No action,,Hold Cash until QLD creates a new Donchian20 breakout; QQQ moving above EMA200 alone is not a re-entry.,1179.6,0.0,0.0,1179.6,749.79,-32.77,-47.49
2009-01-23,24.89,0.38,46.6,32.04,-22.31,0.46,0.36,22.59,0,0,Cash,Hold Cash,No action,,Hold Cash until QLD creates a new Donchian20 breakout; QQQ moving above EMA200 alone is not a re-entry.,1179.6,0.0,0.0,1179.6,753.44,-32.77,-47.24
2009-01-26,25.07,0.39,45.0,31.97,-21.58,0.46,0.36,28.81,0,0,Cash,Hold Cash,No action,,Hold Cash until QLD creates a new Donchian20 breakout; QQQ moving above EMA200 alone is not a re-entry.,1179.6,0.0,0.0,1179.6,758.91,-32.77,-46.86
2009-01-27,25.25,0.4,43.1,31.91,-20.85,0.46,0.36,35.68,0,0,Cash,Hold Cash,No action,,Hold Cash until QLD creates a new Donchian20 breakout; QQQ moving above EMA200 alone is not a re-entry.,1179.6,0.0,0.0,1179.6,764.39,-32.77,-46.47
2009-01-28,26.14,0.42,39.17,31.85,-17.92,0.46,0.36,63.99,0,0,Cash,Hold Cash,No action,,Hold Cash until QLD creates a new Donchian20 breakout; QQQ moving above EMA200 alone is not a re-entry.,1179.6,0.0,0.0,1179.6,791.24,-32.77,-44.59
2009-01-29,25.48,0.4,42.58,31.79,-19.84,0.46,0.36,42.23,0,0,Cash,Hold Cash,No action,,Hold Cash until QLD creates a new Donchian20 breakout; QQQ moving above EMA200 alone is not a re-entry.,1179.6,0.0,0.0,1179.6,771.16,-32.77,-46.0
2009-01-30,25.03,0.39,44.93,31.72,-21.08,0.46,0.36,25.86,0,0,Cash,Hold Cash,No action,,Hold Cash until QLD creates a new Donchian20 breakout; QQQ moving above EMA200 alone is not a re-entry.,1179.6,0.0,0.0,1179.6,757.61,-32.77,-46.95
2009-02-02,25.33,0.4,46.47,31.65,-19.97,0.46,0.36,36.66,0,0,Cash,Hold Cash,No action,,Hold Cash until QLD creates a new Donchian20 breakout; QQQ moving above EMA200 alone is not a re-entry.,1179.6,0.0,0.0,1179.6,766.73,-32.77,-46.31
2009-02-03,25.73,0.41,42.88,31.6,-18.57,0.46,0.36,50.25,0,0,Cash,Hold Cash,No action,,Hold Cash until QLD creates a new Donchian20 breakout; QQQ moving above EMA200 alone is not a re-entry.,1179.6,0.0,0.0,1179.6,778.72,-32.77,-45.47
2009-02-04,25.76,0.41,42.82,31.54,-18.31,0.46,0.36,50.57,0,0,Cash,Hold Cash,No action,,Hold Cash until QLD creates a new Donchian20 breakout; QQQ moving above EMA200 alone is not a re-entry.,1179.6,0.0,0.0,1179.6,779.77,-32.77,-45.39
2009-02-05,26.33,0.43,43.3,31.49,-16.37,0.44,0.36,85.35,0,0,Cash,Hold Cash,No action,,Hold Cash until QLD creates a new Donchian20 breakout; QQQ moving above EMA200 alone is not a re-entry.,1179.6,0.0,0.0,1179.6,796.97,-32.77,-44.19
2009-02-06,27.02,0.45,41.95,31.44,-14.06,0.44,0.36,113.66,0,1,QLD,Hold QLD,Buy QLD,toQLD,QLD closed above its prior 20-day high; the signal changed to 1 and the account moved fully into QLD.,0.0,0.0,1179.6,1179.6,817.83,-32.77,-42.73
2009-02-09,27.13,0.46,43.51,31.4,-13.59,0.45,0.36,105.75,1,1,QLD,Hold QLD,No action,,Hold QLD while the Donchian20 signal remains 1.,0.0,0.0,1192.8,1192.8,821.22,-32.02,-42.49
2009-02-10,26.13,0.42,45.86,31.35,-16.63,0.46,0.36,63.1,1,1,QLD,Hold QLD,No action,,Hold QLD while the Donchian20 signal remains 1.,0.0,0.0,1103.2,1103.2,790.98,-37.13,-44.61
2009-02-11,26.01,0.42,44.58,31.29,-16.87,0.46,0.36,59.8,1,1,QLD,Hold QLD,No action,,Hold QLD while the Donchian20 signal remains 1.,0.0,0.0,1095.2,1095.2,787.33,-37.58,-44.87
2009-02-12,26.33,0.43,41.99,31.24,-15.72,0.46,0.36,70.02,1,1,QLD,Hold QLD,No action,,Hold QLD while the Donchian20 signal remains 1.,0.0,0.0,1120.0,1120.0,796.97,-36.17,-44.19
2009-02-13,26.21,0.42,43.11,31.19,-15.97,0.46,0.36,65.07,1,1,QLD,Hold QLD,No action,,Hold QLD while the Donchian20 signal remains 1.,0.0,0.0,1108.0,1108.0,793.32,-36.86,-44.45
2009-02-17,25.17,0.39,47.5,31.13,-19.16,0.46,0.36,30.48,1,1,QLD,Hold QLD,No action,,Hold QLD while the Donchian20 signal remains 1.,0.0,0.0,1024.0,1024.0,761.78,-41.64,-46.65
2009-02-18,25.19,0.39,46.68,31.07,-18.95,0.46,0.36,29.32,1,1,QLD,Hold QLD,No action,,Hold QLD while the Donchian20 signal remains 1.,0.0,0.0,1021.2,1021.2,762.3,-41.8,-46.62
2009-02-19,24.8,0.38,45.2,31.01,-20.04,0.46,0.38,-4.8,1,0,Cash,Hold Cash,Reduce QLD to QQQ; Sell QQQ to Cash,QLD->QQQ_on_Donchian_exit; QQQ->Cash_below_EMA200,"QLD exited its channel and QQQ was below EMA200, so the account passed through QQQ and finished in Cash.",992.0,0.0,0.0,992.0,750.57,-43.47,-47.44
2009-02-20,24.87,0.38,47.18,30.95,-19.66,0.46,0.38,1.39,0,0,Cash,Hold Cash,No action,,Hold Cash until QLD creates a new Donchian20 breakout; QQQ moving above EMA200 alone is not a re-entry.,992.0,0.0,0.0,992.0,752.65,-43.47,-47.29
2009-02-23,24.0,0.35,50.06,30.88,-22.29,0.46,0.38,-32.67,0,0,Cash,Hold Cash,No action,,Hold Cash until QLD creates a new Donchian20 breakout; QQQ moving above EMA200 alone is not a re-entry.,992.0,0.0,0.0,992.0,726.32,-43.47,-49.14
2009-02-24,24.79,0.38,44.05,30.82,-19.57,0.46,0.35,21.62,0,0,Cash,Hold Cash,No action,,Hold Cash until QLD creates a new Donchian20 breakout; QQQ moving above EMA200 alone is not a re-entry.,992.0,0.0,0.0,992.0,750.31,-43.47,-47.46
2009-02-25,24.63,0.37,43.95,30.76,-19.94,0.46,0.35,17.42,0,0,Cash,Hold Cash,No action,,Hold Cash until QLD creates a new Donchian20 breakout; QQQ moving above EMA200 alone is not a re-entry.,992.0,0.0,0.0,992.0,745.35,-43.47,-47.8
2009-02-26,23.94,0.35,43.87,30.69,-22.01,0.46,0.35,-2.4,0,0,Cash,Hold Cash,No action,,Hold Cash until QLD creates a new Donchian20 breakout; QQQ moving above EMA200 alone is not a re-entry.,992.0,0.0,0.0,992.0,724.5,-43.47,-49.27
2009-02-27,23.71,0.34,45.28,30.62,-22.56,0.46,0.35,-7.04,0,0,Cash,Hold Cash,No action,,Hold Cash until QLD creates a new Donchian20 breakout; QQQ moving above EMA200 alone is not a re-entry.,992.0,0.0,0.0,992.0,717.72,-43.47,-49.74
2009-03-02,22.95,0.32,50.92,30.55,-24.88,0.46,0.34,-19.45,0,0,Cash,Hold Cash,No action,,Hold Cash until QLD creates a new Donchian20 breakout; QQQ moving above EMA200 alone is not a re-entry.,992.0,0.0,0.0,992.0,694.52,-43.47,-51.36
2009-03-03,22.93,0.32,49.36,30.47,-24.75,0.46,0.32,-0.46,0,0,Cash,Hold Cash,No action,,Hold Cash until QLD creates a new Donchian20 breakout; QQQ moving above EMA200 alone is not a re-entry.,992.0,0.0,0.0,992.0,693.99,-43.47,-51.4
2009-03-04,23.54,0.34,45.66,30.4,-22.57,0.46,0.32,12.21,0,0,Cash,Hold Cash,No action,,Hold Cash until QLD creates a new Donchian20 breakout; QQQ moving above EMA200 alone is not a re-entry.,992.0,0.0,0.0,992.0,712.5,-43.47,-50.1
2009-03-05,22.83,0.32,48.08,30.33,-24.7,0.46,0.32,-2.4,0,0,Cash,Hold Cash,No action,,Hold Cash until QLD creates a new Donchian20 breakout; QQQ moving above EMA200 alone is not a re-entry.,992.0,0.0,0.0,992.0,691.13,-43.47,-51.6
2009-03-06,22.65,0.31,47.99,30.25,-25.11,0.46,0.32,-3.57,0,0,Cash,Hold Cash,No action,,Hold Cash until QLD creates a new Donchian20 breakout; QQQ moving above EMA200 alone is not a re-entry.,992.0,0.0,0.0,992.0,685.65,-43.47,-51.99
2009-03-09,22.17,0.3,48.76,30.17,-26.51,0.46,0.31,-10.01,0,0,Cash,Hold Cash,No action,,Hold Cash until QLD creates a new Donchian20 breakout; QQQ moving above EMA200 alone is not a re-entry.,992.0,0.0,0.0,992.0,671.05,-43.47,-53.01
2009-03-10,23.54,0.34,43.83,30.1,-21.8,0.46,0.3,23.39,0,0,Cash,Hold Cash,No action,,Hold Cash until QLD creates a new Donchian20 breakout; QQQ moving above EMA200 alone is not a re-entry.,992.0,0.0,0.0,992.0,712.5,-43.47,-50.1
2009-03-11,23.9,0.35,42.81,30.04,-20.43,0.43,0.3,36.31,0,0,Cash,Hold Cash,No action,,Hold Cash until QLD creates a new Donchian20 breakout; QQQ moving above EMA200 alone is not a re-entry.,992.0,0.0,0.0,992.0,723.45,-43.47,-49.34
2009-03-12,24.69,0.37,40.77,29.99,-17.65,0.43,0.3,54.52,0,0,Cash,Hold Cash,No action,,Hold Cash until QLD creates a new Donchian20 breakout; QQQ moving above EMA200 alone is not a re-entry.,992.0,0.0,0.0,992.0,747.44,-43.47,-47.66
2009-03-13,24.75,0.37,41.25,29.94,-17.31,0.43,0.3,56.67,0,0,Cash,Hold Cash,No action,,Hold Cash until QLD creates a new Donchian20 breakout; QQQ moving above EMA200 alone is not a re-entry.,992.0,0.0,0.0,992.0,749.26,-43.47,-47.53
2009-03-16,24.34,0.36,43.54,29.88,-18.54,0.42,0.3,47.78,0,0,Cash,Hold Cash,No action,,Hold Cash until QLD creates a new Donchian20 breakout; QQQ moving above EMA200 alone is not a re-entry.,992.0,0.0,0.0,992.0,736.75,-43.47,-48.41
2009-03-17,25.26,0.39,40.36,29.83,-15.32,0.39,0.3,94.0,0,0,Cash,Hold Cash,No action,,Hold Cash until QLD creates a new Donchian20 breakout; QQQ moving above EMA200 alone is not a re-entry.,992.0,0.0,0.0,992.0,764.65,-43.47,-46.45
2009-03-18,25.58,0.4,39.8,29.79,-14.13,0.39,0.3,105.9,0,1,QLD,Hold QLD,Buy QLD,toQLD,QLD closed above its prior 20-day high; the signal changed to 1 and the account moved fully into QLD.,0.0,0.0,992.0,992.0,774.29,-43.47,-45.78
2009-03-19,25.56,0.39,42.46,29.75,-14.07,0.4,0.3,99.84,1,1,QLD,Hold QLD,No action,,Hold QLD while the Donchian20 signal remains 1.,0.0,0.0,991.62,991.62,773.77,-43.49,-45.81
2009-03-20,25.18,0.38,44.66,29.7,-15.25,0.4,0.3,87.9,1,1,QLD,Hold QLD,No action,,Hold QLD while the Donchian20 signal remains 1.,0.0,0.0,962.87,962.87,761.99,-45.13,-46.64
2009-03-23,26.66,0.43,42.01,29.67,-10.16,0.4,0.3,135.03,1,1,QLD,Hold QLD,No action,,Hold QLD while the Donchian20 signal remains 1.,0.0,0.0,1076.33,1076.33,806.91,-38.66,-43.49
2009-03-24,26.17,0.41,42.17,29.64,-11.71,0.43,0.3,88.33,1,1,QLD,Hold QLD,No action,,Hold QLD while the Donchian20 signal remains 1.,0.0,0.0,1038.38,1038.38,792.02,-40.82,-44.54
2009-03-25,26.29,0.42,41.35,29.61,-11.2,0.43,0.3,90.45,1,1,QLD,Hold QLD,No action,,Hold QLD while the Donchian20 signal remains 1.,0.0,0.0,1045.28,1045.28,795.68,-40.43,-44.28
2009-03-26,27.1,0.44,40.58,29.58,-8.39,0.43,0.3,110.61,1,1,QLD,Hold QLD,No action,,Hold QLD while the Donchian20 signal remains 1.,0.0,0.0,1110.83,1110.83,820.23,-36.69,-42.56
2009-03-27,26.59,0.42,41.45,29.55,-10.02,0.44,0.3,87.63,1,1,QLD,Hold QLD,No action,,Hold QLD while the Donchian20 signal remains 1.,0.0,0.0,1066.36,1066.36,804.82,-39.23,-43.64
2009-03-30,25.93,0.4,44.87,29.52,-12.13,0.44,0.3,72.6,1,1,QLD,Hold QLD,No action,,Hold QLD while the Donchian20 signal remains 1.,0.0,0.0,1012.31,1012.31,784.97,-42.31,-45.03
2009-03-31,26.16,0.41,44.2,29.48,-11.27,0.44,0.3,79.0,1,1,QLD,Hold QLD,No action,,Hold QLD while the Donchian20 signal remains 1.,0.0,0.0,1035.31,1035.31,791.76,-41.0,-44.55
2009-04-01,26.55,0.42,42.48,29.45,-9.86,0.44,0.3,86.99,1,1,QLD,Hold QLD,No action,,Hold QLD while the Donchian20 signal remains 1.,0.0,0.0,1064.06,1064.06,803.51,-39.36,-43.73
2009-04-02,27.4,0.45,42.29,29.43,-6.9,0.44,0.3,105.97,1,1,QLD,Hold QLD,No action,,Hold QLD while the Donchian20 signal remains 1.,0.0,0.0,1132.29,1132.29,829.37,-35.47,-41.92
2009-04-03,27.91,0.47,40.6,29.42,-5.12,0.45,0.3,110.87,1,1,QLD,Hold QLD,No action,,Hold QLD while the Donchian20 signal remains 1.,0.0,0.0,1173.69,1173.69,844.77,-33.11,-40.84
2009-04-06,27.84,0.46,41.56,29.4,-5.31,0.47,0.3,98.37,1,1,QLD,Hold QLD,No action,,Hold QLD while the Donchian20 signal remains 1.,0.0,0.0,1166.79,1166.79,842.68,-33.51,-40.99
2009-04-07,27.11,0.44,41.07,29.38,-7.73,0.47,0.34,78.56,1,1,QLD,Hold QLD,No action,,Hold QLD while the Donchian20 signal remains 1.,0.0,0.0,1102.78,1102.78,820.49,-37.15,-42.54
2009-04-08,27.57,0.46,40.5,29.36,-6.11,0.47,0.35,90.46,1,1,QLD,Hold QLD,No action,,Hold QLD while the Donchian20 signal remains 1.,0.0,0.0,1144.56,1144.56,834.33,-34.77,-41.57
2009-04-09,28.42,0.48,38.23,29.35,-3.17,0.47,0.36,114.4,1,1,QLD,Hold QLD,No action,,Hold QLD while the Donchian20 signal remains 1.,0.0,0.0,1213.17,1213.17,860.18,-30.86,-39.76
2009-04-13,28.38,0.48,39.34,29.34,-3.29,0.48,0.36,99.02,1,1,QLD,Hold QLD,No action,,Hold QLD while the Donchian20 signal remains 1.,0.0,0.0,1210.1,1210.1,858.87,-31.04,-39.86
2009-04-14,28.03,0.47,39.43,29.33,-4.42,0.48,0.36,89.12,1,1,QLD,Hold QLD,No action,,Hold QLD while the Donchian20 signal remains 1.,0.0,0.0,1179.05,1179.05,848.43,-32.81,-40.59
2009-04-15,27.95,0.47,38.31,29.31,-4.64,0.48,0.38,85.76,1,1,QLD,Hold QLD,No action,,Hold QLD while the Donchian20 signal remains 1.,0.0,0.0,1177.52,1177.52,846.08,-32.89,-40.75
2009-04-16,28.68,0.49,36.8,29.31,-2.15,0.48,0.38,109.04,1,1,QLD,Hold QLD,No action,,Hold QLD while the Donchian20 signal remains 1.,0.0,0.0,1235.78,1235.78,868.01,-29.57,-39.22
2009-04-17,28.74,0.49,35.29,29.3,-1.92,0.49,0.38,100.28,1,1,QLD,Hold QLD,No action,,Hold QLD while the Donchian20 signal remains 1.,0.0,0.0,1236.55,1236.55,869.84,-29.53,-39.09
2009-04-20,27.82,0.46,39.71,29.29,-5.03,0.49,0.38,70.87,1,1,QLD,Hold QLD,No action,,Hold QLD while the Donchian20 signal remains 1.,0.0,0.0,1156.82,1156.82,841.9,-34.07,-41.04
2009-04-21,28.2,0.47,38.44,29.28,-3.67,0.49,0.4,79.32,1,1,QLD,Hold QLD,No action,,Hold QLD while the Donchian20 signal remains 1.,0.0,0.0,1190.17,1190.17,853.65,-32.17,-40.22
2009-04-22,28.29,0.48,39.24,29.27,-3.34,0.49,0.4,84.1,1,1,QLD,Hold QLD,No action,,Hold QLD while the Donchian20 signal remains 1.,0.0,0.0,1200.9,1200.9,856.26,-31.56,-40.04
2009-04-23,28.57,0.49,37.95,29.26,-2.37,0.49,0.4,95.21,1,1,QLD,Hold QLD,No action,,Hold QLD while the Donchian20 signal remains 1.,0.0,0.0,1225.82,1225.82,864.62,-30.14,-39.45
2009-04-24,29.07,0.5,36.8,29.26,-0.66,0.49,0.4,113.33,1,1,QLD,Hold QLD,No action,,Hold QLD while the Donchian20 signal remains 1.,0.0,0.0,1266.45,1266.45,879.77,-27.83,-38.39
2009-04-27,29.1,0.5,38.79,29.26,-0.53,0.5,0.4,100.45,1,1,QLD,Hold QLD,No action,,Hold QLD while the Donchian20 signal remains 1.,0.0,0.0,1267.6,1267.6,880.81,-27.76,-38.32
2009-04-28,28.89,0.5,38.53,29.25,-1.26,0.5,0.4,93.09,1,1,QLD,Hold QLD,No action,,Hold QLD while the Donchian20 signal remains 1.,0.0,0.0,1249.97,1249.97,874.28,-28.76,-38.78
2009-04-29,29.28,0.51,36.96,29.25,0.1,0.5,0.41,106.77,1,1,QLD,Hold QLD,No action,,Hold QLD while the Donchian20 signal remains 1.,0.0,0.0,1283.31,1283.31,886.29,-26.86,-37.93
2009-04-30,29.58,0.52,36.64,29.26,1.09,0.51,0.42,111.19,1,1,QLD,Hold QLD,No action,,Hold QLD while the Donchian20 signal remains 1.,0.0,0.0,1307.85,1307.85,895.17,-25.47,-37.31
2009-05-01,29.65,0.52,35.05,29.26,1.34,0.52,0.44,103.36,1,1,QLD,Hold QLD,No action,,Hold QLD while the Donchian20 signal remains 1.,0.0,0.0,1314.75,1314.75,897.52,-25.07,-37.15
2009-05-04,30.24,0.55,35.05,29.27,3.31,0.52,0.44,126.22,1,1,QLD,Hold QLD,No action,,Hold QLD while the Donchian20 signal remains 1.,0.0,0.0,1370.33,1370.33,915.28,-21.91,-35.91
2009-05-05,30.21,0.54,33.42,29.28,3.19,0.55,0.44,98.42,1,1,QLD,Hold QLD,No action,,Hold QLD while the Donchian20 signal remains 1.,0.0,0.0,1366.11,1366.11,914.5,-22.15,-35.96
2009-05-06,30.22,0.54,33.28,29.29,3.19,0.55,0.44,98.28,1,1,QLD,Hold QLD,No action,,Hold QLD while the Donchian20 signal remains 1.,0.0,0.0,1365.73,1365.73,914.76,-22.17,-35.94
2009-05-07,29.52,0.52,34.47,29.29,0.76,0.55,0.46,69.1,1,1,QLD,Hold QLD,No action,,Hold QLD while the Donchian20 signal remains 1.,0.0,0.0,1300.56,1300.56,893.34,-25.88,-37.44
2009-05-08,29.53,0.52,33.67,29.29,0.82,0.55,0.46,69.48,1,1,QLD,Hold QLD,No action,,Hold QLD while the Donchian20 signal remains 1.,0.0,0.0,1305.16,1305.16,893.87,-25.62,-37.4
2009-05-11,29.64,0.52,34.29,29.3,1.16,0.55,0.46,73.25,1,1,QLD,Hold QLD,No action,,Hold QLD while the Donchian20 signal remains 1.,0.0,0.0,1313.21,1313.21,897.0,-25.16,-37.19
2009-05-12,29.27,0.51,33.09,29.3,-0.08,0.55,0.46,57.99,1,1,QLD,Hold QLD,No action,,Hold QLD while the Donchian20 signal remains 1.,0.0,0.0,1280.63,1280.63,886.03,-27.02,-37.95
2009-05-13,28.49,0.48,34.98,29.29,-2.73,0.55,0.46,24.77,1,1,QLD,Hold QLD,No action,,Hold QLD while the Donchian20 signal remains 1.,0.0,0.0,1209.72,1209.72,862.27,-31.06,-39.62
2009-05-14,28.81,0.49,32.64,29.28,-1.63,0.55,0.46,36.98,1,1,QLD,Hold QLD,No action,,Hold QLD while the Donchian20 signal remains 1.,0.0,0.0,1235.78,1235.78,871.93,-29.57,-38.94
2009-05-15,28.79,0.49,33.14,29.28,-1.67,0.55,0.46,35.73,1,1,QLD,Hold QLD,No action,,Hold QLD while the Donchian20 signal remains 1.,0.0,0.0,1233.1,1233.1,871.41,-29.73,-38.98
2009-05-18,29.54,0.52,30.22,29.28,0.89,0.55,0.46,66.43,1,1,QLD,Hold QLD,No action,,Hold QLD while the Donchian20 signal remains 1.,0.0,0.0,1298.65,1298.65,894.13,-25.99,-37.39
2009-05-19,29.68,0.52,29.56,29.29,1.34,0.55,0.47,68.51,1,1,QLD,Hold QLD,No action,,Hold QLD while the Donchian20 signal remains 1.,0.0,0.0,1313.6,1313.6,898.31,-25.14,-37.09
2009-05-20,29.58,0.52,29.9,29.29,0.98,0.55,0.48,60.18,1,1,QLD,Hold QLD,No action,,Hold QLD while the Donchian20 signal remains 1.,0.0,0.0,1302.86,1302.86,895.17,-25.75,-37.31
2009-05-21,29.03,0.5,31.2,29.29,-0.87,0.55,0.48,28.4,1,1,QLD,Hold QLD,No action,,Hold QLD while the Donchian20 signal remains 1.,0.0,0.0,1255.33,1255.33,878.72,-28.46,-38.47
2009-05-22,28.94,0.5,31.87,29.28,-1.18,0.55,0.48,22.44,1,1,QLD,Hold QLD,No action,,Hold QLD while the Donchian20 signal remains 1.,0.0,0.0,1245.75,1245.75,875.85,-29.01,-38.67
2009-05-26,30.02,0.53,31.23,29.29,2.48,0.55,0.48,81.62,1,1,QLD,Hold QLD,No action,,Hold QLD while the Donchian20 signal remains 1.,0.0,0.0,1340.81,1340.81,908.49,-23.59,-36.38
2009-05-27,29.81,0.53,32.16,29.3,1.75,0.55,0.48,67.78,1,1,QLD,Hold QLD,No action,,Hold QLD while the Donchian20 signal remains 1.,0.0,0.0,1318.58,1318.58,902.22,-24.85,-36.82
2009-05-28,30.15,0.54,31.52,29.3,2.9,0.55,0.48,89.98,1,1,QLD,Hold QLD,No action,,Hold QLD while the Donchian20 signal remains 1.,0.0,0.0,1354.22,1354.22,912.67,-22.82,-36.09
2009-05-29,30.52,0.55,29.44,29.32,4.12,0.55,0.48,108.35,1,1,QLD,Hold QLD,No action,,Hold QLD while the Donchian20 signal remains 1.,0.0,0.0,1383.74,1383.74,923.9,-21.14,-35.3
2009-06-01,31.4,0.58,30.72,29.34,7.02,0.55,0.48,148.02,1,1,QLD,Hold QLD,No action,,Hold QLD while the Donchian20 signal remains 1.,0.0,0.0,1467.3,1467.3,950.27,-16.38,-33.45
2009-06-02,31.44,0.58,30.61,29.36,7.09,0.58,0.48,100.0,1,1,QLD,Hold QLD,No action,,Hold QLD while the Donchian20 signal remains 1.,0.0,0.0,1467.3,1467.3,951.58,-16.38,-33.36
2009-06-03,31.34,0.58,31.45,29.38,6.7,0.58,0.48,98.51,1,1,QLD,Hold QLD,No action,,Hold QLD while the Donchian20 signal remains 1.,0.0,0.0,1463.47,1463.47,948.71,-16.6,-33.56
2009-06-04,31.7,0.59,31.06,29.4,7.82,0.58,0.48,109.97,1,1,QLD,Hold QLD,No action,,Hold QLD while the Donchian20 signal remains 1.,0.0,0.0,1492.98,1492.98,959.41,-14.92,-32.81
2009-06-05,31.73,0.6,30.71,29.42,7.85,0.59,0.48,101.35,1,1,QLD,Hold QLD,No action,,Hold QLD while the Donchian20 signal remains 1.,0.0,0.0,1496.82,1496.82,960.46,-14.7,-32.74
2009-06-08,31.64,0.59,31.18,29.45,7.44,0.6,0.48,96.0,1,1,QLD,Hold QLD,No action,,Hold QLD while the Donchian20 signal remains 1.,0.0,0.0,1485.32,1485.32,957.58,-15.35,-32.94
2009-06-09,31.88,0.6,29.69,29.47,8.18,0.6,0.48,104.67,1,1,QLD,Hold QLD,No action,,Hold QLD while the Donchian20 signal remains 1.,0.0,0.0,1510.23,1510.23,964.9,-13.93,-32.43
2009-06-10,31.77,0.6,29.77,29.49,7.71,0.6,0.48,96.05,1,1,QLD,Hold QLD,No action,,Hold QLD while the Donchian20 signal remains 1.,0.0,0.0,1498.35,1498.35,961.5,-14.61,-32.67
2009-06-11,31.77,0.6,29.73,29.52,7.63,0.6,0.48,95.54,1,1,QLD,Hold QLD,No action,,Hold QLD while the Donchian20 signal remains 1.,0.0,0.0,1496.82,1496.82,961.5,-14.7,-32.67
2009-06-12,31.62,0.59,29.21,29.54,7.06,0.6,0.49,91.29,1,1,QLD,Hold QLD,No action,,Hold QLD while the Donchian20 signal remains 1.,0.0,0.0,1486.08,1486.08,957.06,-15.31,-32.98
2009-06-15,30.97,0.57,32.54,29.55,4.82,0.6,0.49,68.19,1,1,QLD,Hold QLD,No action,,Hold QLD while the Donchian20 signal remains 1.,0.0,0.0,1422.07,1422.07,937.48,-18.96,-34.35
2009-06-16,30.67,0.56,32.32,29.56,3.75,0.6,0.5,57.25,1,1,QLD,Hold QLD,No action,,Hold QLD while the Donchian20 signal remains 1.,0.0,0.0,1397.16,1397.16,928.34,-20.38,-34.99
2009-06-17,30.96,0.57,31.47,29.58,4.7,0.6,0.5,66.09,1,1,QLD,Hold QLD,No action,,Hold QLD while the Donchian20 signal remains 1.,0.0,0.0,1420.54,1420.54,937.22,-19.04,-34.37
2009-06-18,30.9,0.56,30.03,29.59,4.45,0.6,0.5,63.33,1,1,QLD,Hold QLD,No action,,Hold QLD while the Donchian20 signal remains 1.,0.0,0.0,1413.26,1413.26,935.39,-19.46,-34.5
2009-06-19,31.24,0.58,28.3,29.61,5.51,0.6,0.5,75.36,1,1,QLD,Hold QLD,No action,,Hold QLD while the Donchian20 signal remains 1.,0.0,0.0,1445.07,1445.07,945.43,-17.65,-33.79
2009-06-22,30.3,0.54,31.41,29.61,2.33,0.6,0.5,44.49,1,1,QLD,Hold QLD,No action,,Hold QLD while the Donchian20 signal remains 1.,0.0,0.0,1363.42,1363.42,917.19,-22.3,-35.77
2009-06-23,30.23,0.54,30.69,29.62,2.08,0.6,0.53,19.4,1,1,QLD,Hold QLD,No action,,Hold QLD while the Donchian20 signal remains 1.,0.0,0.0,1355.76,1355.76,915.1,-22.74,-35.92
2009-06-24,30.74,0.56,29.03,29.63,3.76,0.6,0.53,42.4,1,1,QLD,Hold QLD,No action,,Hold QLD while the Donchian20 signal remains 1.,0.0,0.0,1399.84,1399.84,930.52,-20.22,-34.84
2009-06-25,31.35,0.58,27.25,29.65,5.74,0.6,0.54,65.85,1,1,QLD,Hold QLD,No action,,Hold QLD while the Donchian20 signal remains 1.,0.0,0.0,1456.95,1456.95,948.83,-16.97,-33.56
2009-06-26,31.42,0.58,26.53,29.66,5.91,0.6,0.54,68.98,1,1,QLD,Hold QLD,No action,,Hold QLD while the Donchian20 signal remains 1.,0.0,0.0,1462.32,1462.32,950.92,-16.66,-33.41
2009-06-29,31.49,0.58,26.47,29.68,6.08,0.6,0.54,71.71,1,1,QLD,Hold QLD,No action,,Hold QLD while the Donchian20 signal remains 1.,0.0,0.0,1466.54,1466.54,953.01,-16.42,-33.26
2009-06-30,31.43,0.58,26.69,29.7,5.81,0.6,0.54,67.74,1,1,QLD,Hold QLD,No action,,Hold QLD while the Donchian20 signal remains 1.,0.0,0.0,1460.4,1460.4,951.18,-16.77,-33.39
2009-07-01,31.44,0.58,26.86,29.72,5.81,0.6,0.54,69.23,1,1,QLD,Hold QLD,No action,,Hold QLD while the Donchian20 signal remains 1.,0.0,0.0,1462.7,1462.7,951.7,-16.64,-33.35
2009-07-02,30.75,0.56,28.07,29.73,3.45,0.6,0.54,28.54,1,1,QLD,Hold QLD,No action,,Hold QLD while the Donchian20 signal remains 1.,0.0,0.0,1399.84,1399.84,930.79,-20.22,-34.82
2009-07-06,30.59,0.55,29.25,29.74,2.87,0.6,0.54,20.1,1,1,QLD,Hold QLD,No action,,Hold QLD while the Donchian20 signal remains 1.,0.0,0.0,1386.81,1386.81,925.82,-20.97,-35.17
2009-07-07,29.83,0.52,31.2,29.74,0.31,0.6,0.54,-24.81,1,0,QQQ,Hold QQQ,Reduce QLD to QQQ,QLD->QQQ_on_Donchian_exit,QLD closed below its prior 20-day low; the signal changed to 0 and the account reduced to QQQ.,0.0,1317.43,0.0,1317.43,902.81,-24.92,-36.78
2009-07-08,29.98,0.53,31.07,29.74,0.82,0.6,0.52,6.16,0,0,QQQ,Hold QQQ,No action,,Hold QQQ after the Donchian exit while QQQ remains at or above EMA200.,0.0,1324.29,0.0,1324.29,907.52,-24.53,-36.45
2009-07-09,30.04,0.53,30.0,29.74,0.99,0.6,0.52,8.05,0,0,QQQ,Hold QQQ,No action,,Hold QQQ after the Donchian exit while QQQ remains at or above EMA200.,0.0,1326.58,0.0,1326.58,909.08,-24.4,-36.34
2009-07-10,30.16,0.54,29.33,29.75,1.41,0.6,0.52,15.6,0,0,QQQ,Hold QQQ,No action,,Hold QQQ after the Donchian exit while QQQ remains at or above EMA200.,0.0,1332.31,0.0,1332.31,913.01,-24.07,-36.06
2009-07-13,30.74,0.56,26.61,29.76,3.32,0.59,0.52,46.14,0,0,QQQ,Hold QQQ,No action,,Hold QQQ after the Donchian exit while QQQ remains at or above EMA200.,0.0,1357.87,0.0,1357.87,930.52,-22.62,-34.84
2009-07-14,30.86,0.56,26.03,29.77,3.66,0.58,0.52,58.87,0,0,QQQ,Hold QQQ,No action,,Hold QQQ after the Donchian exit while QQQ remains at or above EMA200.,0.0,1362.83,0.0,1362.83,933.92,-22.33,-34.6
2009-07-15,31.89,0.6,25.28,29.79,7.06,0.58,0.52,121.59,0,1,QLD,Hold QLD,Buy QLD,toQLD,QLD closed above its prior 20-day high; the signal changed to 1 and the account moved fully into QLD.,0.0,0.0,1408.61,1408.61,965.3,-19.72,-32.4
2009-07-16,32.27,0.61,24.8,29.81,8.25,0.6,0.52,119.87,1,1,QLD,Hold QLD,No action,,Hold QLD while the Donchian20 signal remains 1.,0.0,0.0,1442.48,1442.48,976.8,-17.79,-31.6
2009-07-17,32.45,0.62,24.28,29.84,8.73,0.61,0.52,107.58,1,1,QLD,Hold QLD,No action,,Hold QLD while the Donchian20 signal remains 1.,0.0,0.0,1457.97,1457.97,982.03,-16.91,-31.23
2009-07-20,32.76,0.63,24.79,29.87,9.67,0.62,0.52,112.95,1,1,QLD,Hold QLD,No action,,Hold QLD while the Donchian20 signal remains 1.,0.0,0.0,1486.43,1486.43,991.44,-15.29,-30.57
2009-07-21,32.98,0.64,24.68,29.9,10.31,0.63,0.52,109.29,1,1,QLD,Hold QLD,No action,,Hold QLD while the Donchian20 signal remains 1.,0.0,0.0,1509.49,1509.49,998.24,-13.97,-30.1
2009-07-22,33.26,0.65,24.99,29.93,11.11,0.64,0.52,107.97,1,1,QLD,Hold QLD,No action,,Hold QLD while the Donchian20 signal remains 1.,0.0,0.0,1531.1,1531.1,1006.61,-12.74,-29.51
2009-07-23,33.99,0.68,25.87,29.97,13.41,0.65,0.52,123.62,1,1,QLD,Hold QLD,No action,,Hold QLD while the Donchian20 signal remains 1.,0.0,0.0,1600.27,1600.27,1028.83,-8.8,-27.95
2009-07-24,33.73,0.68,24.67,30.01,12.4,0.68,0.52,99.6,1,1,QLD,Hold QLD,No action,,Hold QLD while the Donchian20 signal remains 1.,0.0,0.0,1598.83,1598.83,1020.99,-8.88,-28.5
2009-07-27,33.99,0.68,25.65,30.05,13.12,0.68,0.52,100.3,1,1,QLD,Hold QLD,No action,,Hold QLD while the Donchian20 signal remains 1.,0.0,0.0,1601.35,1601.35,1028.83,-8.74,-27.95
2009-07-28,33.76,0.68,25.35,30.09,12.2,0.68,0.52,102.88,1,1,QLD,Hold QLD,No action,,Hold QLD while the Donchian20 signal remains 1.,0.0,0.0,1611.8,1611.8,1021.77,-8.14,-28.45
2009-07-29,33.98,0.68,26.22,30.13,12.8,0.68,0.52,96.53,1,1,QLD,Hold QLD,No action,,Hold QLD while the Donchian20 signal remains 1.,0.0,0.0,1598.83,1598.83,1028.57,-8.88,-27.97
2009-07-30,34.18,0.69,26.63,30.17,13.31,0.68,0.52,101.45,1,1,QLD,Hold QLD,No action,,Hold QLD while the Donchian20 signal remains 1.,0.0,0.0,1617.2,1617.2,1034.58,-7.84,-27.55
2009-07-31,34.08,0.68,26.16,30.21,12.82,0.69,0.52,97.05,1,1,QLD,Hold QLD,No action,,Hold QLD while the Donchian20 signal remains 1.,0.0,0.0,1606.04,1606.04,1031.45,-8.47,-27.77
2009-08-03,34.59,0.7,26.28,30.25,14.34,0.69,0.52,109.89,1,1,QLD,Hold QLD,No action,,Hold QLD while the Donchian20 signal remains 1.,0.0,0.0,1654.67,1654.67,1046.87,-5.7,-26.69
2009-08-04,34.59,0.7,25.17,30.29,14.18,0.7,0.52,99.74,1,1,QLD,Hold QLD,No action,,Hold QLD while the Donchian20 signal remains 1.,0.0,0.0,1653.59,1653.59,1046.87,-5.76,-26.69
2009-08-05,34.32,0.69,25.5,30.33,13.15,0.7,0.53,94.13,1,1,QLD,Hold QLD,No action,,Hold QLD while the Donchian20 signal remains 1.,0.0,0.0,1630.89,1630.89,1038.77,-7.06,-27.26
2009-08-06,34.02,0.68,26.36,30.37,12.02,0.7,0.53,87.03,1,1,QLD,Hold QLD,No action,,Hold QLD while the Donchian20 signal remains 1.,0.0,0.0,1602.43,1602.43,1029.62,-8.68,-27.9
2009-08-07,34.45,0.69,25.02,30.41,13.29,0.7,0.54,96.03,1,1,QLD,Hold QLD,No action,,Hold QLD while the Donchian20 signal remains 1.,0.0,0.0,1639.18,1639.18,1042.69,-6.58,-26.98
2009-08-10,34.21,0.69,25.66,30.45,12.35,0.7,0.56,90.35,1,1,QLD,Hold QLD,No action,,Hold QLD while the Donchian20 signal remains 1.,0.0,0.0,1621.53,1621.53,1035.37,-7.59,-27.5
2009-08-11,33.91,0.67,26.11,30.48,11.26,0.7,0.56,81.34,1,1,QLD,Hold QLD,No action,,Hold QLD while the Donchian20 signal remains 1.,0.0,0.0,1592.35,1592.35,1026.48,-9.25,-28.12
2009-08-12,34.44,0.7,25.68,30.52,12.84,0.7,0.6,94.58,1,1,QLD,Hold QLD,No action,,Hold QLD while the Donchian20 signal remains 1.,0.0,0.0,1641.34,1641.34,1042.43,-6.46,-27.0
2009-08-13,34.63,0.7,25.09,30.56,13.31,0.7,0.61,101.53,1,1,QLD,Hold QLD,No action,,Hold QLD while the Donchian20 signal remains 1.,0.0,0.0,1657.91,1657.91,1048.18,-5.52,-26.6
2009-08-14,34.23,0.69,25.24,30.6,11.88,0.7,0.62,81.08,1,1,QLD,Hold QLD,No action,,Hold QLD while the Donchian20 signal remains 1.,0.0,0.0,1620.08,1620.08,1036.15,-7.67,-27.44
2009-08-17,33.24,0.65,27.59,30.62,8.54,0.7,0.63,22.9,1,1,QLD,Hold QLD,No action,,Hold QLD while the Donchian20 signal remains 1.,0.0,0.0,1525.7,1525.7,1006.08,-13.05,-29.55
2009-08-18,33.72,0.66,26.18,30.66,9.98,0.7,0.64,39.81,1,1,QLD,Hold QLD,No action,,Hold QLD while the Donchian20 signal remains 1.,0.0,0.0,1568.57,1568.57,1020.47,-10.61,-28.54
2009-08-19,33.95,0.67,26.21,30.69,10.62,0.7,0.65,49.05,1,1,QLD,Hold QLD,No action,,Hold QLD while the Donchian20 signal remains 1.,0.0,0.0,1590.54,1590.54,1027.52,-9.36,-28.04
2009-08-20,34.35,0.69,24.97,30.72,11.79,0.7,0.65,78.2,1,1,QLD,Hold QLD,No action,,Hold QLD while the Donchian20 signal remains 1.,0.0,0.0,1629.09,1629.09,1039.55,-7.16,-27.2
2009-08-21,34.8,0.71,24.69,30.77,13.13,0.7,0.65,108.72,1,1,QLD,Hold QLD,No action,,Hold QLD while the Donchian20 signal remains 1.,0.0,0.0,1669.44,1669.44,1053.41,-4.86,-26.23
2009-08-24,34.77,0.71,25.27,30.8,12.87,0.71,0.65,98.25,1,1,QLD,Hold QLD,No action,,Hold QLD while the Donchian20 signal remains 1.,0.0,0.0,1666.92,1666.92,1052.36,-5.0,-26.31
2009-08-25,34.87,0.71,25.13,30.85,13.06,0.71,0.65,106.02,1,1,QLD,Hold QLD,No action,,Hold QLD while the Donchian20 signal remains 1.,0.0,0.0,1678.09,1678.09,1055.5,-4.37,-26.09
2009-08-26,34.81,0.71,25.6,30.88,12.72,0.71,0.65,97.16,1,1,QLD,Hold QLD,No action,,Hold QLD while the Donchian20 signal remains 1.,0.0,0.0,1673.76,1673.76,1053.67,-4.61,-26.21
2009-08-27,34.9,0.71,25.01,30.92,12.85,0.71,0.65,101.65,1,1,QLD,Hold QLD,No action,,Hold QLD while the Donchian20 signal remains 1.,0.0,0.0,1680.61,1680.61,1056.29,-4.22,-26.03
2009-08-28,34.93,0.71,24.93,30.96,12.82,0.71,0.65,102.56,1,1,QLD,Hold QLD,No action,,Hold QLD while the Donchian20 signal remains 1.,0.0,0.0,1684.57,1684.57,1057.33,-4.0,-25.96
2009-08-31,34.58,0.7,27.17,31.0,11.54,0.71,0.65,77.55,1,1,QLD,Hold QLD,No action,,Hold QLD while the Donchian20 signal remains 1.,0.0,0.0,1648.9,1648.9,1046.61,-6.03,-26.71
2009-09-01,33.93,0.67,29.31,31.03,9.35,0.71,0.65,39.0,1,1,QLD,Hold QLD,No action,,Hold QLD while the Donchian20 signal remains 1.,0.0,0.0,1587.66,1587.66,1027.0,-9.52,-28.08
2009-09-02,33.91,0.67,29.38,31.06,9.17,0.71,0.65,36.96,1,1,QLD,Hold QLD,No action,,Hold QLD while the Donchian20 signal remains 1.,0.0,0.0,1584.42,1584.42,1026.22,-9.7,-28.14
2009-09-03,34.13,0.68,28.1,31.09,9.78,0.71,0.65,50.57,1,1,QLD,Hold QLD,No action,,Hold QLD while the Donchian20 signal remains 1.,0.0,0.0,1606.04,1606.04,1033.02,-8.47,-27.66
2009-09-04,34.86,0.71,25.85,31.13,12.01,0.71,0.65,93.2,1,1,QLD,Hold QLD,No action,,Hold QLD while the Donchian20 signal remains 1.,0.0,0.0,1673.76,1673.76,1055.24,-4.61,-26.1
2009-09-08,35.19,0.72,26.43,31.17,12.92,0.71,0.65,114.29,1,1,QLD,Hold QLD,No action,,Hold QLD while the Donchian20 signal remains 1.,0.0,0.0,1707.27,1707.27,1065.17,-2.7,-25.41
2009-09-09,35.49,0.74,25.77,31.21,13.73,0.72,0.65,115.68,1,1,QLD,Hold QLD,No action,,Hold QLD while the Donchian20 signal remains 1.,0.0,0.0,1735.73,1735.73,1074.33,-1.08,-24.77
2009-09-10,35.83,0.75,24.83,31.26,14.64,0.74,0.65,115.44,1,1,QLD,Hold QLD,No action,,Hold QLD while the Donchian20 signal remains 1.,0.0,0.0,1768.15,1768.15,1084.52,0.0,-24.05
2009-09-11,35.87,0.75,25.29,31.3,14.58,0.75,0.65,101.19,1,1,QLD,Hold QLD,No action,,Hold QLD while the Donchian20 signal remains 1.,0.0,0.0,1771.03,1771.03,1085.57,0.0,-23.98
2009-09-14,36.0,0.76,24.93,31.35,14.85,0.75,0.65,105.73,1,1,QLD,Hold QLD,No action,,Hold QLD while the Donchian20 signal remains 1.,0.0,0.0,1785.08,1785.08,1089.75,0.0,-23.69
2009-09-15,36.12,0.76,24.61,31.4,15.04,0.76,0.65,104.58,1,1,QLD,Hold QLD,No action,,Hold QLD while the Donchian20 signal remains 1.,0.0,0.0,1796.97,1796.97,1093.15,0.0,-23.45
2009-09-16,36.64,0.78,24.02,31.45,16.52,0.76,0.66,123.03,1,1,QLD,Hold QLD,No action,,Hold QLD while the Donchian20 signal remains 1.,0.0,0.0,1849.57,1849.57,1109.1,0.0,-22.33
2009-09-17,36.63,0.78,24.26,31.5,16.3,0.78,0.67,99.46,1,1,QLD,Hold QLD,No action,,Hold QLD while the Donchian20 signal remains 1.,0.0,0.0,1848.13,1848.13,1108.84,-0.08,-22.35
2009-09-18,36.7,0.79,24.69,31.55,16.31,0.78,0.67,102.85,1,1,QLD,Hold QLD,No action,,Hold QLD while the Donchian20 signal remains 1.,0.0,0.0,1857.14,1857.14,1110.7,0.0,-22.22
2009-09-21,36.81,0.79,24.92,31.6,16.47,0.79,0.67,102.91,1,1,QLD,Hold QLD,No action,,Hold QLD while the Donchian20 signal remains 1.,0.0,0.0,1865.06,1865.06,1114.1,0.0,-21.98
2009-09-22,36.88,0.79,24.08,31.66,16.49,0.79,0.67,102.82,1,1,QLD,Hold QLD,No action,,Hold QLD while the Donchian20 signal remains 1.,0.0,0.0,1872.99,1872.99,1116.19,0.0,-21.84
2009-09-23,36.7,0.79,24.47,31.71,15.76,0.79,0.67,93.26,1,1,QLD,Hold QLD,No action,,Hold QLD while the Donchian20 signal remains 1.,0.0,0.0,1853.53,1853.53,1110.96,-1.04,-22.2
2009-09-24,36.38,0.77,25.9,31.75,14.56,0.79,0.67,82.27,1,1,QLD,Hold QLD,No action,,Hold QLD while the Donchian20 signal remains 1.,0.0,0.0,1821.83,1821.83,1101.01,-2.73,-22.9
2009-09-25,36.06,0.76,25.77,31.8,13.4,0.79,0.67,71.29,1,1,QLD,Hold QLD,No action,,Hold QLD while the Donchian20 signal remains 1.,0.0,0.0,1790.13,1790.13,1091.33,-4.42,-23.58
2009-09-28,36.67,0.78,26.21,31.84,15.15,0.79,0.67,92.26,1,1,QLD,Hold QLD,No action,,Hold QLD while the Donchian20 signal remains 1.,0.0,0.0,1850.65,1850.65,1109.91,-1.19,-22.28
2009-09-29,36.51,0.78,26.11,31.89,14.47,0.79,0.67,86.89,1,1,QLD,Hold QLD,No action,,Hold QLD while the Donchian20 signal remains 1.,0.0,0.0,1835.16,1835.16,1104.94,-2.02,-22.62
2009-09-30,36.53,0.78,26.5,31.94,14.39,0.79,0.67,87.27,1,1,QLD,Hold QLD,No action,,Hold QLD while the Donchian20 signal remains 1.,0.0,0.0,1836.24,1836.24,1105.72,-1.96,-22.57
2009-10-01,35.45,0.73,28.95,31.97,10.88,0.79,0.67,50.19,1,1,QLD,Hold QLD,No action,,Hold QLD while the Donchian20 signal remains 1.,0.0,0.0,1729.24,1729.24,1073.01,-7.67,-24.86
2009-10-02,35.35,0.73,29.02,32.01,10.44,0.79,0.68,41.7,1,1,QLD,Hold QLD,No action,,Hold QLD while the Donchian20 signal remains 1.,0.0,0.0,1717.36,1717.36,1069.87,-8.31,-25.08
2009-10-05,35.63,0.74,28.23,32.04,11.21,0.79,0.71,36.17,1,1,QLD,Hold QLD,No action,,Hold QLD while the Donchian20 signal remains 1.,0.0,0.0,1745.82,1745.82,1078.51,-6.79,-24.47
2009-10-06,36.26,0.77,26.87,32.08,13.03,0.79,0.72,59.78,1,1,QLD,Hold QLD,No action,,Hold QLD while the Donchian20 signal remains 1.,0.0,0.0,1806.34,1806.34,1097.61,-3.56,-23.14
2009-10-07,36.37,0.77,25.88,32.13,13.2,0.79,0.73,63.89,1,1,QLD,Hold QLD,No action,,Hold QLD while the Donchian20 signal remains 1.,0.0,0.0,1816.79,1816.79,1100.75,-3.0,-22.92
2009-10-08,36.52,0.78,25.68,32.17,13.53,0.79,0.73,74.54,1,1,QLD,Hold QLD,No action,,Hold QLD while the Donchian20 signal remains 1.,0.0,0.0,1833.36,1833.36,1105.46,-2.12,-22.59
2009-10-09,36.73,0.78,24.18,32.22,14.02,0.79,0.73,86.57,1,1,QLD,Hold QLD,No action,,Hold QLD while the Donchian20 signal remains 1.,0.0,0.0,1852.09,1852.09,1111.74,-1.12,-22.15
2009-10-12,36.81,0.79,23.78,32.26,14.1,0.79,0.73,92.36,1,1,QLD,Hold QLD,No action,,Hold QLD while the Donchian20 signal remains 1.,0.0,0.0,1861.1,1861.1,1114.1,-0.63,-21.98
2009-10-13,36.82,0.79,23.84,32.31,13.96,0.79,0.73,92.13,1,1,QLD,Hold QLD,No action,,Hold QLD while the Donchian20 signal remains 1.,0.0,0.0,1860.74,1860.74,1114.36,-0.65,-21.96
2009-10-14,37.32,0.81,23.51,32.36,15.34,0.79,0.73,125.0,1,1,QLD,Hold QLD,No action,,Hold QLD while the Donchian20 signal remains 1.,0.0,0.0,1911.89,1911.89,1129.54,0.0,-20.9
2009-10-15,37.23,0.81,22.51,32.4,14.9,0.81,0.73,96.48,1,1,QLD,Hold QLD,No action,,Hold QLD while the Donchian20 signal remains 1.,0.0,0.0,1905.05,1905.05,1126.92,-0.36,-21.08
2009-10-16,36.99,0.8,22.22,32.45,13.99,0.81,0.73,83.89,1,1,QLD,Hold QLD,No action,,Hold QLD while the Donchian20 signal remains 1.,0.0,0.0,1880.55,1880.55,1119.59,-1.64,-21.6
2009-10-19,37.36,0.81,22.11,32.5,14.96,0.81,0.73,101.67,1,1,QLD,Hold QLD,No action,,Hold QLD while the Donchian20 signal remains 1.,0.0,0.0,1915.14,1915.14,1130.85,0.0,-20.81
2009-10-20,37.37,0.81,21.62,32.55,14.82,0.81,0.73,101.09,1,1,QLD,Hold QLD,No action,,Hold QLD while the Donchian20 signal remains 1.,0.0,0.0,1917.3,1917.3,1131.11,0.0,-20.79
2009-10-21,37.3,0.81,23.14,32.6,14.44,0.81,0.73,96.22,1,1,QLD,Hold QLD,No action,,Hold QLD while the Donchian20 signal remains 1.,0.0,0.0,1909.73,1909.73,1129.02,-0.39,-20.94
2009-10-22,37.45,0.82,21.58,32.64,14.72,0.81,0.73,104.68,1,1,QLD,Hold QLD,No action,,Hold QLD while the Donchian20 signal remains 1.,0.0,0.0,1926.67,1926.67,1133.46,0.0,-20.63
2009-10-23,37.29,0.81,22.62,32.69,14.08,0.82,0.73,92.6,1,1,QLD,Hold QLD,No action,,Hold QLD while the Donchian20 signal remains 1.,0.0,0.0,1911.17,1911.17,1128.75,-0.8,-20.96
2009-10-26,37.17,0.8,24.52,32.73,13.56,0.82,0.73,86.06,1,1,QLD,Hold QLD,No action,,Hold QLD while the Donchian20 signal remains 1.,0.0,0.0,1897.48,1897.48,1125.09,-1.51,-21.21
2009-10-27,36.61,0.78,25.4,32.77,11.71,0.82,0.73,59.21,1,1,QLD,Hold QLD,No action,,Hold QLD while the Donchian20 signal remains 1.,0.0,0.0,1841.28,1841.28,1108.08,-4.43,-22.4
2009-10-28,35.79,0.74,28.27,32.8,9.1,0.82,0.73,19.11,1,1,QLD,Hold QLD,No action,,Hold QLD while the Donchian20 signal remains 1.,0.0,0.0,1757.34,1757.34,1083.22,-8.79,-24.14
2009-10-29,36.39,0.77,25.4,32.84,10.83,0.82,0.73,46.82,1,1,QLD,Hold QLD,No action,,Hold QLD while the Donchian20 signal remains 1.,0.0,0.0,1815.35,1815.35,1101.54,-5.78,-22.86
2009-10-30,35.42,0.73,29.81,32.86,7.77,0.82,0.73,0.52,1,1,QLD,Hold QLD,No action,,Hold QLD while the Donchian20 signal remains 1.,0.0,0.0,1718.44,1718.44,1071.96,-10.81,-24.93
2009-11-02,35.56,0.73,29.88,32.89,8.13,0.82,0.73,6.57,1,1,QLD,Hold QLD,No action,,Hold QLD while the Donchian20 signal remains 1.,0.0,0.0,1732.13,1732.13,1076.41,-10.1,-24.62
2009-11-03,35.68,0.74,28.88,32.92,8.38,0.82,0.73,12.28,1,1,QLD,Hold QLD,No action,,Hold QLD while the Donchian20 signal remains 1.,0.0,0.0,1744.01,1744.01,1079.81,-9.48,-24.38
2009-11-04,35.74,0.74,27.89,32.95,8.47,0.82,0.73,15.05,1,1,QLD,Hold QLD,No action,,Hold QLD while the Donchian20 signal remains 1.,0.0,0.0,1749.78,1749.78,1081.65,-9.18,-24.25
2009-11-05,36.62,0.78,25.84,32.98,11.02,0.82,0.73,55.71,1,1,QLD,Hold QLD,No action,,Hold QLD while the Donchian20 signal remains 1.,0.0,0.0,1834.44,1834.44,1108.34,-4.79,-22.39
2009-11-06,36.83,0.79,24.6,33.02,11.55,0.82,0.73,66.61,1,1,QLD,Hold QLD,No action,,Hold QLD while the Donchian20 signal remains 1.,0.0,0.0,1857.14,1857.14,1114.88,-3.61,-21.93
2009-11-09,37.62,0.82,23.55,33.07,13.77,0.82,0.73,104.84,1,1,QLD,Hold QLD,No action,,Hold QLD while the Donchian20 signal remains 1.,0.0,0.0,1936.75,1936.75,1138.7,0.0,-20.26
2009-11-10,37.72,0.82,23.39,33.11,13.9,0.82,0.73,102.81,1,1,QLD,Hold QLD,No action,,Hold QLD while the Donchian20 signal remains 1.,0.0,0.0,1942.88,1942.88,1141.58,0.0,-20.06
2009-11-11,37.96,0.83,23.06,33.16,14.46,0.82,0.73,111.88,1,1,QLD,Hold QLD,No action,,Hold QLD while the Donchian20 signal remains 1.,0.0,0.0,1969.54,1969.54,1148.91,0.0,-19.54
2009-11-12,37.74,0.83,24.05,33.21,13.66,0.83,0.73,91.82,1,1,QLD,Hold QLD,No action,,Hold QLD while the Donchian20 signal remains 1.,0.0,0.0,1949.0,1949.0,1142.36,-1.04,-20.0
2009-11-13,38.05,0.84,22.92,33.26,14.43,0.83,0.73,104.88,1,1,QLD,Hold QLD,No action,,Hold QLD while the Donchian20 signal remains 1.,0.0,0.0,1981.78,1981.78,1151.78,0.0,-19.34
2009-11-16,38.44,0.86,23.13,33.31,15.42,0.84,0.73,115.32,1,1,QLD,Hold QLD,No action,,Hold QLD while the Donchian20 signal remains 1.,0.0,0.0,2022.13,2022.13,1163.56,0.0,-18.52
2009-11-17,38.56,0.86,22.14,33.36,15.6,0.86,0.73,103.56,1,1,QLD,Hold QLD,No action,,Hold QLD while the Donchian20 signal remains 1.,0.0,0.0,2032.94,2032.94,1167.23,0.0,-18.26
2009-11-18,38.35,0.85,22.03,33.41,14.78,0.86,0.73,93.36,1,1,QLD,Hold QLD,No action,,Hold QLD while the Donchian20 signal remains 1.,0.0,0.0,2012.05,2012.05,1160.68,-1.03,-18.72
2009-11-19,37.75,0.82,23.3,33.45,12.85,0.86,0.73,72.74,1,1,QLD,Hold QLD,No action,,Hold QLD while the Donchian20 signal remains 1.,0.0,0.0,1947.2,1947.2,1142.62,-4.22,-19.98
2009-11-20,37.56,0.82,22.49,33.49,12.14,0.86,0.73,67.35,1,1,QLD,Hold QLD,No action,,Hold QLD while the Donchian20 signal remains 1.,0.0,0.0,1930.27,1930.27,1136.87,-5.05,-20.39
2009-11-23,38.17,0.84,22.03,33.54,13.79,0.86,0.73,85.91,1,1,QLD,Hold QLD,No action,,Hold QLD while the Donchian20 signal remains 1.,0.0,0.0,1988.63,1988.63,1155.19,-2.18,-19.11
2009-11-24,38.04,0.84,21.5,33.58,13.26,0.86,0.73,81.9,1,1,QLD,Hold QLD,No action,,Hold QLD while the Donchian20 signal remains 1.,0.0,0.0,1976.02,1976.02,1151.26,-2.8,-19.38
2009-11-25,38.2,0.84,21.32,33.63,13.59,0.86,0.73,87.17,1,1,QLD,Hold QLD,No action,,Hold QLD while the Donchian20 signal remains 1.,0.0,0.0,1992.59,1992.59,1156.23,-1.98,-19.03
2009-11-27,37.62,0.82,25.41,33.67,11.73,0.86,0.73,68.27,1,1,QLD,Hold QLD,No action,,Hold QLD while the Donchian20 signal remains 1.,0.0,0.0,1933.15,1933.15,1138.7,-4.91,-20.26
2009-11-30,37.66,0.82,24.73,33.71,11.73,0.86,0.73,68.96,1,1,QLD,Hold QLD,No action,,Hold QLD while the Donchian20 signal remains 1.,0.0,0.0,1935.31,1935.31,1140.01,-4.8,-20.17
2009-12-01,38.05,0.84,23.28,33.75,12.74,0.86,0.73,81.2,1,1,QLD,Hold QLD,No action,,Hold QLD while the Donchian20 signal remains 1.,0.0,0.0,1976.38,1976.38,1151.78,-2.78,-19.34
2009-12-02,38.11,0.84,22.58,33.8,12.75,0.86,0.74,82.79,1,1,QLD,Hold QLD,No action,,Hold QLD while the Donchian20 signal remains 1.,0.0,0.0,1983.23,1983.23,1153.35,-2.45,-19.23
2009-12-03,37.95,0.83,24.0,33.84,12.15,0.86,0.74,76.72,1,1,QLD,Hold QLD,No action,,Hold QLD while the Donchian20 signal remains 1.,0.0,0.0,1967.01,1967.01,1148.64,-3.24,-19.56
2009-12-04,38.15,0.84,23.1,33.88,12.6,0.86,0.78,76.59,1,1,QLD,Hold QLD,No action,,Hold QLD while the Donchian20 signal remains 1.,0.0,0.0,1986.47,1986.47,1154.66,-2.29,-19.14
2009-12-07,37.97,0.83,23.69,33.92,11.93,0.86,0.79,62.5,1,1,QLD,Hold QLD,No action,,Hold QLD while the Donchian20 signal remains 1.,0.0,0.0,1967.01,1967.01,1149.17,-3.24,-19.53
2009-12-08,37.73,0.82,24.8,33.96,11.11,0.86,0.82,12.28,1,1,QLD,Hold QLD,No action,,Hold QLD while the Donchian20 signal remains 1.,0.0,0.0,1942.88,1942.88,1142.1,-4.43,-20.02
2009-12-09,38.11,0.84,23.28,34.0,12.1,0.86,0.82,50.17,1,1,QLD,Hold QLD,No action,,Hold QLD while the Donchian20 signal remains 1.,0.0,0.0,1981.78,1981.78,1153.62,-2.52,-19.21
2009-12-10,38.3,0.85,23.13,34.04,12.52,0.86,0.82,69.82,1,1,QLD,Hold QLD,No action,,Hold QLD while the Donchian20 signal remains 1.,0.0,0.0,2001.96,2001.96,1159.37,-1.52,-18.81
2009-12-11,38.16,0.84,22.38,34.08,11.95,0.86,0.82,55.79,1,1,QLD,Hold QLD,No action,,Hold QLD while the Donchian20 signal remains 1.,0.0,0.0,1987.55,1987.55,1154.92,-2.23,-19.12
2009-12-14,38.52,0.86,22.03,34.13,12.87,0.86,0.82,91.23,1,1,QLD,Hold QLD,No action,,Hold QLD while the Donchian20 signal remains 1.,0.0,0.0,2023.94,2023.94,1165.92,-0.44,-18.35
2009-12-15,38.3,0.85,22.46,34.17,12.1,0.86,0.82,70.53,1,1,QLD,Hold QLD,No action,,Hold QLD while the Donchian20 signal remains 1.,0.0,0.0,2002.68,2002.68,1159.37,-1.49,-18.81
2009-12-16,38.36,0.85,21.95,34.21,12.11,0.86,0.82,75.79,1,1,QLD,Hold QLD,No action,,Hold QLD while the Donchian20 signal remains 1.,0.0,0.0,2008.09,2008.09,1160.94,-1.22,-18.7
2009-12-17,37.89,0.83,22.84,34.25,10.63,0.86,0.82,31.54,1,1,QLD,Hold QLD,No action,,Hold QLD while the Donchian20 signal remains 1.,0.0,0.0,1959.81,1959.81,1146.81,-3.6,-19.69
2009-12-18,38.51,0.86,21.78,34.29,12.3,0.86,0.82,96.92,1,1,QLD,Hold QLD,No action,,Hold QLD while the Donchian20 signal remains 1.,0.0,0.0,2021.05,2021.05,1165.5,-0.58,-18.38
2009-12-21,38.94,0.88,20.82,34.34,13.41,0.86,0.82,146.92,1,1,QLD,Hold QLD,No action,,Hold QLD while the Donchian20 signal remains 1.,0.0,0.0,2067.89,2067.89,1178.61,0.0,-17.46
2009-12-22,39.17,0.89,19.7,34.39,13.93,0.88,0.82,118.18,1,1,QLD,Hold QLD,No action,,Hold QLD while the Donchian20 signal remains 1.,0.0,0.0,2092.38,2092.38,1185.69,0.0,-16.97
2009-12-23,39.46,0.9,19.67,34.44,14.59,0.89,0.82,118.55,1,1,QLD,Hold QLD,No action,,Hold QLD while the Donchian20 signal remains 1.,0.0,0.0,2121.93,2121.93,1194.34,0.0,-16.36
2009-12-24,39.82,0.92,19.47,34.49,15.47,0.9,0.82,120.61,1,1,QLD,Hold QLD,No action,,Hold QLD while the Donchian20 signal remains 1.,0.0,0.0,2160.84,2160.84,1205.35,0.0,-15.59
2009-12-28,40.03,0.92,20.45,34.54,15.88,0.92,0.82,109.49,1,1,QLD,Hold QLD,No action,,Hold QLD while the Donchian20 signal remains 1.,0.0,0.0,2182.45,2182.45,1211.64,0.0,-15.15
2009-12-29,39.87,0.92,20.43,34.6,15.23,0.92,0.82,93.15,1,1,QLD,Hold QLD,No action,,Hold QLD while the Donchian20 signal remains 1.,0.0,0.0,2165.52,2165.52,1206.66,-0.78,-15.5
2009-12-30,39.99,0.92,20.52,34.65,15.4,0.92,0.82,98.2,1,1,QLD,Hold QLD,No action,,Hold QLD while the Donchian20 signal remains 1.,0.0,0.0,2178.13,2178.13,1210.33,-0.2,-15.24
2009-12-31,39.62,0.91,21.65,34.7,14.19,0.92,0.82,83.46,1,1,QLD,Hold QLD,No action,,Hold QLD while the Donchian20 signal remains 1.,0.0,0.0,2142.82,2142.82,1199.32,-1.82,-16.01
2010-01-04,40.2,0.93,21.2,34.76,15.68,0.92,0.82,107.37,1,1,QLD,Hold QLD,No action,,Hold QLD while the Donchian20 signal remains 1.,0.0,0.0,2200.1,2200.1,1216.88,0.0,-14.78
2010-01-05,40.2,0.93,20.5,34.81,15.5,0.93,0.82,100.56,1,1,QLD,Hold QLD,No action,,Hold QLD while the Donchian20 signal remains 1.,0.0,0.0,2201.54,2201.54,1216.88,0.0,-14.78
2010-01-06,39.96,0.92,20.21,34.86,14.63,0.93,0.82,90.67,1,1,QLD,Hold QLD,No action,,Hold QLD while the Donchian20 signal remains 1.,0.0,0.0,2177.41,2177.41,1209.54,-1.1,-15.3
2010-01-07,39.99,0.92,19.99,34.91,14.54,0.93,0.82,90.81,1,1,QLD,Hold QLD,No action,,Hold QLD while the Donchian20 signal remains 1.,0.0,0.0,2177.77,2177.77,1210.33,-1.08,-15.24
2010-01-08,40.32,0.94,18.92,34.97,15.31,0.93,0.83,104.77,1,1,QLD,Hold QLD,No action,,Hold QLD while the Donchian20 signal remains 1.,0.0,0.0,2213.07,2213.07,1220.29,0.0,-14.55
2010-01-11,40.15,0.93,18.47,35.02,14.67,0.94,0.83,93.6,1,1,QLD,Hold QLD,No action,,Hold QLD while the Donchian20 signal remains 1.,0.0,0.0,2196.86,2196.86,1215.31,-0.73,-14.89
2010-01-12,39.65,0.91,19.29,35.06,13.08,0.94,0.83,71.98,1,1,QLD,Hold QLD,No action,,Hold QLD while the Donchian20 signal remains 1.,0.0,0.0,2142.1,2142.1,1200.11,-3.21,-15.96
2010-01-13,40.14,0.93,18.4,35.11,14.33,0.94,0.83,92.18,1,1,QLD,Hold QLD,No action,,Hold QLD while the Donchian20 signal remains 1.,0.0,0.0,2193.26,2193.26,1215.05,-0.9,-14.91
2010-01-14,40.18,0.93,18.2,35.16,14.26,0.94,0.83,93.31,1,1,QLD,Hold QLD,No action,,Hold QLD while the Donchian20 signal remains 1.,0.0,0.0,2196.14,2196.14,1216.1,-0.77,-14.84
2010-01-15,39.71,0.91,18.73,35.21,12.78,0.94,0.83,73.97,1,1,QLD,Hold QLD,No action,,Hold QLD while the Donchian20 signal remains 1.,0.0,0.0,2147.14,2147.14,1201.94,-2.98,-15.83
2010-01-19,40.35,0.94,18.74,35.26,14.44,0.94,0.83,100.57,1,1,QLD,Hold QLD,No action,,Hold QLD while the Donchian20 signal remains 1.,0.0,0.0,2214.51,2214.51,1221.34,0.0,-14.47
2010-01-20,39.77,0.91,20.01,35.31,12.65,0.94,0.86,67.97,1,1,QLD,Hold QLD,No action,,Hold QLD while the Donchian20 signal remains 1.,0.0,0.0,2152.55,2152.55,1203.78,-2.8,-15.7
2010-01-21,39.4,0.89,23.19,35.35,11.47,0.94,0.88,28.99,1,1,QLD,Hold QLD,No action,,Hold QLD while the Donchian20 signal remains 1.,0.0,0.0,2110.4,2110.4,1192.5,-4.7,-16.49
2010-01-22,38.25,0.84,28.37,35.38,8.12,0.94,0.89,-84.66,1,0,QQQ,Hold QQQ,Reduce QLD to QQQ,QLD->QQQ_on_Donchian_exit,QLD closed below its prior 20-day low; the signal changed to 0 and the account reduced to QQQ.,0.0,1988.99,0.0,1988.99,1157.64,-10.18,-18.93
2010-01-25,38.38,0.85,27.04,35.41,8.39,0.94,0.84,5.11,0,0,QQQ,Hold QQQ,No action,,Hold QQQ after the Donchian exit while QQQ remains at or above EMA200.,0.0,1995.75,0.0,1995.75,1161.57,-9.88,-18.66
2010-01-26,38.41,0.85,25.47,35.43,8.4,0.94,0.84,7.03,0,0,QQQ,Hold QQQ,No action,,Hold QQQ after the Donchian exit while QQQ remains at or above EMA200.,0.0,1997.55,0.0,1997.55,1162.62,-9.8,-18.58
2010-01-27,38.71,0.86,24.21,35.47,9.16,0.94,0.84,20.29,0,0,QQQ,Hold QQQ,No action,,Hold QQQ after the Donchian exit while QQQ remains at or above EMA200.,0.0,2013.31,0.0,2013.31,1171.79,-9.09,-17.94
2010-01-28,37.72,0.82,24.91,35.49,6.28,0.94,0.84,-24.76,0,0,QQQ,Hold QQQ,No action,,Hold QQQ after the Donchian exit while QQQ remains at or above EMA200.,0.0,1961.52,0.0,1961.52,1141.65,-11.42,-20.05
2010-01-29,37.06,0.79,25.8,35.51,4.38,0.94,0.82,-24.58,0,0,QQQ,Hold QQQ,No action,,Hold QQQ after the Donchian exit while QQQ remains at or above EMA200.,0.0,1927.28,0.0,1927.28,1121.72,-12.97,-21.45
2010-02-01,37.47,0.81,24.33,35.53,5.47,0.94,0.79,11.1,0,0,QQQ,Hold QQQ,No action,,Hold QQQ after the Donchian exit while QQQ remains at or above EMA200.,0.0,1948.45,0.0,1948.45,1134.05,-12.01,-20.59
2010-02-02,37.81,0.82,23.01,35.55,6.35,0.94,0.79,21.07,0,0,QQQ,Hold QQQ,No action,,Hold QQQ after the Donchian exit while QQQ remains at or above EMA200.,0.0,1966.02,0.0,1966.02,1144.27,-11.22,-19.87
2010-02-03,38.01,0.83,22.34,35.57,6.86,0.94,0.79,27.44,0,0,QQQ,Hold QQQ,No action,,Hold QQQ after the Donchian exit while QQQ remains at or above EMA200.,0.0,1976.83,0.0,1976.83,1150.56,-10.73,-19.43
2010-02-04,36.91,0.78,25.99,35.59,3.73,0.94,0.79,-4.32,0,0,QQQ,Hold QQQ,No action,,Hold QQQ after the Donchian exit while QQQ remains at or above EMA200.,0.0,1919.63,0.0,1919.63,1117.27,-13.32,-21.76
2010-02-05,37.23,0.79,25.96,35.6,4.56,0.94,0.78,7.19,0,0,QQQ,Hold QQQ,No action,,Hold QQQ after the Donchian exit while QQQ remains at or above EMA200.,0.0,1935.84,0.0,1935.84,1126.7,-12.58,-21.1
2010-02-08,36.96,0.78,26.92,35.62,3.77,0.94,0.78,0.69,0,0,QQQ,Hold QQQ,No action,,Hold QQQ after the Donchian exit while QQQ remains at or above EMA200.,0.0,1921.88,0.0,1921.88,1118.58,-13.21,-21.67
2010-02-09,37.34,0.8,25.58,35.63,4.79,0.94,0.78,11.13,0,0,QQQ,Hold QQQ,No action,,Hold QQQ after the Donchian exit while QQQ remains at or above EMA200.,0.0,1941.7,0.0,1941.7,1130.11,-12.32,-20.86
2010-02-10,37.26,0.8,25.23,35.65,4.52,0.94,0.78,8.97,0,0,QQQ,Hold QQQ,No action,,Hold QQQ after the Donchian exit while QQQ remains at or above EMA200.,0.0,1937.64,0.0,1937.64,1127.75,-12.5,-21.03
2010-02-11,37.82,0.82,23.43,35.67,6.03,0.94,0.78,24.04,0,0,QQQ,Hold QQQ,No action,,Hold QQQ after the Donchian exit while QQQ remains at or above EMA200.,0.0,1966.92,0.0,1966.92,1144.79,-11.18,-19.83
2010-02-12,37.9,0.82,22.97,35.69,6.19,0.94,0.78,26.6,0,0,QQQ,Hold QQQ,No action,,Hold QQQ after the Donchian exit while QQQ remains at or above EMA200.,0.0,1970.97,0.0,1970.97,1147.15,-11.0,-19.67
2010-02-16,38.39,0.85,21.92,35.72,7.46,0.94,0.78,40.0,0,0,QQQ,Hold QQQ,No action,,Hold QQQ after the Donchian exit while QQQ remains at or above EMA200.,0.0,1996.2,0.0,1996.2,1161.83,-9.86,-18.64
2010-02-17,38.6,0.85,21.4,35.75,7.98,0.94,0.78,45.81,0,0,QQQ,Hold QQQ,No action,,Hold QQQ after the Donchian exit while QQQ remains at or above EMA200.,0.0,2007.46,0.0,2007.46,1168.39,-9.35,-18.18
2010-02-18,38.84,0.87,20.65,35.78,8.57,0.91,0.78,63.7,0,0,QQQ,Hold QQQ,No action,,Hold QQQ after the Donchian exit while QQQ remains at or above EMA200.,0.0,2020.07,0.0,2020.07,1175.73,-8.78,-17.67
2010-02-19,38.83,0.86,20.81,35.81,8.43,0.89,0.78,73.0,0,0,QQQ,Hold QQQ,No action,,Hold QQQ after the Donchian exit while QQQ remains at or above EMA200.,0.0,2019.17,0.0,2019.17,1175.2,-8.82,-17.7
2010-02-22,38.75,0.86,20.43,35.84,8.12,0.87,0.78,94.23,0,0,QQQ,Hold QQQ,No action,,Hold QQQ after the Donchian exit while QQQ remains at or above EMA200.,0.0,2015.11,0.0,2015.11,1172.84,-9.0,-17.87
2010-02-23,38.25,0.84,21.55,35.86,6.65,0.87,0.78,67.6,0,0,QQQ,Hold QQQ,No action,,Hold QQQ after the Donchian exit while QQQ remains at or above EMA200.,0.0,1988.99,0.0,1988.99,1157.64,-10.18,-18.93
2010-02-24,38.64,0.86,20.63,35.89,7.65,0.87,0.78,87.71,0,0,QQQ,Hold QQQ,No action,,Hold QQQ after the Donchian exit while QQQ remains at or above EMA200.,0.0,2009.26,0.0,2009.26,1169.43,-9.27,-18.11
2010-02-25,38.63,0.86,20.52,35.92,7.55,0.87,0.78,89.94,0,0,QQQ,Hold QQQ,No action,,Hold QQQ after the Donchian exit while QQQ remains at or above EMA200.,0.0,2008.81,0.0,2008.81,1169.17,-9.29,-18.13
2010-02-26,38.77,0.86,19.78,35.95,7.85,0.87,0.78,96.09,0,0,QQQ,Hold QQQ,No action,,Hold QQQ after the Donchian exit while QQQ remains at or above EMA200.,0.0,2016.01,0.0,2016.01,1173.37,-8.96,-17.83
2010-03-01,39.33,0.89,19.59,35.98,9.31,0.87,0.78,125.7,0,1,QLD,Hold QLD,Buy QLD,toQLD,QLD closed above its prior 20-day high; the signal changed to 1 and the account moved fully into QLD.,0.0,0.0,2045.29,2045.29,1190.41,-7.64,-16.64
2010-03-02,39.45,0.89,19.51,36.01,9.54,0.89,0.78,105.19,1,1,QLD,Hold QLD,No action,,Hold QLD while the Donchian20 signal remains 1.,0.0,0.0,2057.62,2057.62,1194.08,-7.08,-16.38
2010-03-03,39.49,0.89,19.35,36.05,9.56,0.89,0.78,101.97,1,1,QLD,Hold QLD,No action,,Hold QLD while the Donchian20 signal remains 1.,0.0,0.0,2062.55,2062.55,1195.39,-6.86,-16.29
2010-03-04,39.62,0.9,19.1,36.08,9.81,0.89,0.78,105.11,1,1,QLD,Hold QLD,No action,,Hold QLD while the Donchian20 signal remains 1.,0.0,0.0,2075.58,2075.58,1199.32,-6.27,-16.01
2010-03-05,40.22,0.93,17.92,36.13,11.34,0.9,0.78,122.87,1,1,QLD,Hold QLD,No action,,Hold QLD while the Donchian20 signal remains 1.,0.0,0.0,2136.87,2136.87,1217.41,-3.51,-14.75
2010-03-08,40.3,0.93,18.67,36.17,11.43,0.93,0.78,103.02,1,1,QLD,Hold QLD,No action,,Hold QLD while the Donchian20 signal remains 1.,0.0,0.0,2146.73,2146.73,1219.77,-3.06,-14.58
2010-03-09,40.53,0.94,18.76,36.21,11.92,0.93,0.78,108.68,1,1,QLD,Hold QLD,No action,,Hold QLD while the Donchian20 signal remains 1.,0.0,0.0,2175.96,2175.96,1226.58,-1.74,-14.11
2010-03-10,40.85,0.96,19.08,36.26,12.68,0.94,0.8,108.8,1,1,QLD,Hold QLD,No action,,Hold QLD while the Donchian20 signal remains 1.,0.0,0.0,2205.55,2205.55,1236.54,-0.4,-13.41
2010-03-11,41.01,0.96,19.09,36.3,12.96,0.96,0.8,104.33,1,1,QLD,Hold QLD,No action,,Hold QLD while the Donchian20 signal remains 1.,0.0,0.0,2221.4,2221.4,1241.26,0.0,-13.08
2010-03-12,41.02,0.96,19.14,36.35,12.84,0.96,0.82,100.97,1,1,QLD,Hold QLD,No action,,Hold QLD while the Donchian20 signal remains 1.,0.0,0.0,2224.57,2224.57,1241.53,0.0,-13.06
2010-03-15,40.91,0.96,19.05,36.4,12.42,0.96,0.82,97.16,1,1,QLD,Hold QLD,No action,,Hold QLD while the Donchian20 signal remains 1.,0.0,0.0,2215.41,2215.41,1238.38,-0.41,-13.28
2010-03-16,41.17,0.97,18.31,36.44,12.98,0.96,0.84,106.21,1,1,QLD,Hold QLD,No action,,Hold QLD while the Donchian20 signal remains 1.,0.0,0.0,2242.53,2242.53,1246.24,0.0,-12.73
2010-03-17,41.29,0.98,17.56,36.49,13.14,0.97,0.84,102.64,1,1,QLD,Hold QLD,No action,,Hold QLD while the Donchian20 signal remains 1.,0.0,0.0,2250.63,2250.63,1249.65,0.0,-12.49
2010-03-18,41.43,0.98,17.24,36.54,13.37,0.98,0.84,105.03,1,1,QLD,Hold QLD,No action,,Hold QLD while the Donchian20 signal remains 1.,0.0,0.0,2266.48,2266.48,1253.85,0.0,-12.2
2010-03-19,41.18,0.97,17.87,36.59,12.54,0.98,0.84,92.13,1,1,QLD,Hold QLD,No action,,Hold QLD while the Donchian20 signal remains 1.,0.0,0.0,2240.41,2240.41,1246.26,-1.15,-12.73
2010-03-22,41.55,0.99,18.03,36.64,13.41,0.98,0.84,104.26,1,1,QLD,Hold QLD,No action,,Hold QLD while the Donchian20 signal remains 1.,0.0,0.0,2280.57,2280.57,1257.55,0.0,-11.94
2010-03-23,41.83,1.0,17.43,36.69,14.03,0.99,0.84,109.49,1,1,QLD,Hold QLD,No action,,Hold QLD while the Donchian20 signal remains 1.,0.0,0.0,2313.32,2313.32,1266.21,0.0,-11.33
2010-03-24,41.63,0.99,18.01,36.74,13.33,1.0,0.86,93.47,1,1,QLD,Hold QLD,No action,,Hold QLD while the Donchian20 signal remains 1.,0.0,0.0,2291.13,2291.13,1260.17,-0.96,-11.75
2010-03-25,41.57,0.99,18.82,36.79,13.02,1.0,0.86,90.45,1,1,QLD,Hold QLD,No action,,Hold QLD while the Donchian20 signal remains 1.,0.0,0.0,2281.27,2281.27,1258.33,-1.39,-11.88
2010-03-26,41.62,0.99,18.67,36.83,12.99,1.0,0.86,92.61,1,1,QLD,Hold QLD,No action,,Hold QLD while the Donchian20 signal remains 1.,0.0,0.0,2289.37,2289.37,1259.65,-1.04,-11.79
2010-03-29,41.82,1.0,18.6,36.88,13.38,1.0,0.89,98.69,1,1,QLD,Hold QLD,No action,,Hold QLD while the Donchian20 signal remains 1.,0.0,0.0,2309.8,2309.8,1265.68,-0.15,-11.37
2010-03-30,41.96,1.01,18.23,36.93,13.6,1.0,0.89,104.41,1,1,QLD,Hold QLD,No action,,Hold QLD while the Donchian20 signal remains 1.,0.0,0.0,2324.59,2324.59,1269.88,0.0,-11.07
2010-03-31,41.76,1.0,18.32,36.98,12.91,1.01,0.89,92.47,1,1,QLD,Hold QLD,No action,,Hold QLD while the Donchian20 signal remains 1.,0.0,0.0,2304.87,2304.87,1263.84,-0.85,-11.5
2010-04-01,41.76,1.0,18.76,37.03,12.77,1.01,0.9,91.23,1,1,QLD,Hold QLD,No action,,Hold QLD while the Donchian20 signal remains 1.,0.0,0.0,2302.76,2302.76,1263.84,-0.94,-11.5
2010-04-05,42.15,1.02,18.52,37.08,13.66,1.01,0.93,110.13,1,1,QLD,Hold QLD,No action,,Hold QLD while the Donchian20 signal remains 1.,0.0,0.0,2343.61,2343.61,1275.65,0.0,-10.67
2010-04-06,42.27,1.02,17.83,37.13,13.83,1.02,0.93,106.62,1,1,QLD,Hold QLD,No action,,Hold QLD while the Donchian20 signal remains 1.,0.0,0.0,2356.65,2356.65,1279.33,0.0,-10.41
2010-04-07,42.16,1.02,17.7,37.18,13.4,1.02,0.94,95.13,1,1,QLD,Hold QLD,No action,,Hold QLD while the Donchian20 signal remains 1.,0.0,0.0,2347.84,2347.84,1276.18,-0.37,-10.63
2010-04-08,42.26,1.02,17.29,37.23,13.5,1.02,0.96,98.6,1,1,QLD,Hold QLD,No action,,Hold QLD while the Donchian20 signal remains 1.,0.0,0.0,2354.53,2354.53,1279.07,-0.09,-10.43
2010-04-09,42.51,1.03,16.54,37.28,14.02,1.02,0.96,119.2,1,1,QLD,Hold QLD,No action,,Hold QLD while the Donchian20 signal remains 1.,0.0,0.0,2383.76,2383.76,1286.68,0.0,-9.9
2010-04-12,42.55,1.03,16.37,37.34,13.95,1.03,0.96,102.09,1,1,QLD,Hold QLD,No action,,Hold QLD while the Donchian20 signal remains 1.,0.0,0.0,2387.29,2387.29,1287.73,0.0,-9.82
2010-04-13,42.76,1.05,15.97,37.39,14.36,1.03,0.96,114.34,1,1,QLD,Hold QLD,No action,,Hold QLD while the Donchian20 signal remains 1.,0.0,0.0,2411.94,2411.94,1294.29,0.0,-9.36
2010-04-14,43.27,1.07,16.02,37.45,15.55,1.05,0.97,133.88,1,1,QLD,Hold QLD,No action,,Hold QLD while the Donchian20 signal remains 1.,0.0,0.0,2470.06,2470.06,1309.77,0.0,-8.28
2010-04-15,43.46,1.08,16.54,37.51,15.88,1.07,0.97,109.36,1,1,QLD,Hold QLD,No action,,Hold QLD while the Donchian20 signal remains 1.,0.0,0.0,2491.54,2491.54,1315.54,0.0,-7.88
2010-04-16,42.94,1.05,17.78,37.56,14.32,1.08,0.97,76.58,1,1,QLD,Hold QLD,No action,,Hold QLD while the Donchian20 signal remains 1.,0.0,0.0,2432.72,2432.72,1299.8,-2.36,-8.98
2010-04-19,42.92,1.05,17.89,37.62,14.09,1.08,0.97,74.89,1,1,QLD,Hold QLD,No action,,Hold QLD while the Donchian20 signal remains 1.,0.0,0.0,2428.5,2428.5,1299.01,-2.53,-9.03
2010-04-20,43.13,1.06,16.43,37.67,14.5,1.08,0.99,82.14,1,1,QLD,Hold QLD,No action,,Hold QLD while the Donchian20 signal remains 1.,0.0,0.0,2453.86,2453.86,1305.57,-1.51,-8.57
2010-04-21,43.38,1.08,16.3,37.73,14.97,1.08,0.99,95.14,1,1,QLD,Hold QLD,No action,,Hold QLD while the Donchian20 signal remains 1.,0.0,0.0,2481.33,2481.33,1312.92,-0.41,-8.06
2010-04-22,43.62,1.09,16.83,37.79,15.44,1.08,0.99,107.54,1,1,QLD,Hold QLD,No action,,Hold QLD while the Donchian20 signal remains 1.,0.0,0.0,2507.39,2507.39,1320.27,0.0,-7.54
2010-04-23,43.8,1.1,16.6,37.85,15.74,1.09,0.99,109.5,1,1,QLD,Hold QLD,No action,,Hold QLD while the Donchian20 signal remains 1.,0.0,0.0,2528.88,2528.88,1325.78,0.0,-7.16
2010-04-26,43.71,1.09,17.81,37.91,15.31,1.1,0.99,94.85,1,1,QLD,Hold QLD,No action,,Hold QLD while the Donchian20 signal remains 1.,0.0,0.0,2516.55,2516.55,1322.89,-0.49,-7.36
2010-04-27,42.78,1.05,21.3,37.95,12.71,1.1,1.0,48.75,1,1,QLD,Hold QLD,No action,,Hold QLD while the Donchian20 signal remains 1.,0.0,0.0,2413.0,2413.0,1294.81,-4.58,-9.33
2010-04-28,42.81,1.05,20.51,38.0,12.64,1.1,1.0,49.69,1,1,QLD,Hold QLD,No action,,Hold QLD while the Donchian20 signal remains 1.,0.0,0.0,2415.11,2415.11,1295.6,-4.5,-9.27
2010-04-29,43.55,1.08,18.96,38.06,14.44,1.1,1.0,85.67,1,1,QLD,Hold QLD,No action,,Hold QLD while the Donchian20 signal remains 1.,0.0,0.0,2496.47,2496.47,1318.17,-1.28,-7.69
2010-04-30,42.69,1.04,22.06,38.1,12.04,1.1,1.0,43.92,1,1,QLD,Hold QLD,No action,,Hold QLD while the Donchian20 signal remains 1.,0.0,0.0,2402.08,2402.08,1292.19,-5.01,-9.51
2010-05-03,43.29,1.07,21.16,38.15,13.46,1.1,1.02,66.35,1,1,QLD,Hold QLD,No action,,Hold QLD while the Donchian20 signal remains 1.,0.0,0.0,2466.54,2466.54,1310.29,-2.47,-8.24
2010-05-04,41.99,1.0,26.09,38.19,9.94,1.1,1.02,-16.73,1,0,QQQ,Hold QQQ,Reduce QLD to QQQ,QLD->QQQ_on_Donchian_exit,QLD closed below its prior 20-day low; the signal changed to 0 and the account reduced to QQQ.,0.0,2317.55,0.0,2317.55,1270.93,-8.36,-11.0
2010-05-05,41.77,0.99,26.32,38.23,9.27,1.1,1.0,-10.67,0,0,QQQ,Hold QQQ,No action,,Hold QQQ after the Donchian exit while QQQ remains at or above EMA200.,0.0,2305.59,0.0,2305.59,1264.37,-8.83,-11.46
2010-05-06,40.38,0.93,31.25,38.25,5.56,1.1,0.99,-64.91,0,0,QQQ,Hold QQQ,No action,,Hold QQQ after the Donchian exit while QQQ remains at or above EMA200.,0.0,2228.54,0.0,2228.54,1222.12,-11.88,-14.42
2010-05-07,39.37,0.88,41.52,38.26,2.9,1.1,0.93,-26.76,0,0,QQQ,Hold QQQ,No action,,Hold QQQ after the Donchian exit while QQQ remains at or above EMA200.,0.0,2173.03,0.0,2173.03,1191.68,-14.07,-16.55
2010-05-10,41.42,0.97,30.36,38.29,8.16,1.1,0.88,41.64,0,0,QQQ,Hold QQQ,No action,,Hold QQQ after the Donchian exit while QQQ remains at or above EMA200.,0.0,2285.97,0.0,2285.97,1253.61,-9.61,-12.21
2010-05-11,41.37,0.97,29.59,38.32,7.96,1.1,0.88,41.14,0,0,QQQ,Hold QQQ,No action,,Hold QQQ after the Donchian exit while QQQ remains at or above EMA200.,0.0,2283.57,0.0,2283.57,1252.3,-9.7,-12.3
2010-05-12,42.16,1.01,27.0,38.36,9.89,1.1,0.88,58.21,0,0,QQQ,Hold QQQ,No action,,Hold QQQ after the Donchian exit while QQQ remains at or above EMA200.,0.0,2326.64,0.0,2326.64,1275.92,-8.0,-10.65
2010-05-13,41.49,0.98,28.05,38.39,8.06,1.1,0.88,43.37,0,0,QQQ,Hold QQQ,No action,,Hold QQQ after the Donchian exit while QQQ remains at or above EMA200.,0.0,2289.79,0.0,2289.79,1255.71,-9.45,-12.07
2010-05-14,40.69,0.94,31.55,38.42,5.92,1.1,0.88,26.08,0,0,QQQ,Hold QQQ,No action,,Hold QQQ after the Donchian exit while QQQ remains at or above EMA200.,0.0,2245.77,0.0,2245.77,1231.57,-11.19,-13.76
2010-05-17,40.82,0.95,31.78,38.44,6.19,1.1,0.88,28.82,0,0,QQQ,Hold QQQ,No action,,Hold QQQ after the Donchian exit while QQQ remains at or above EMA200.,0.0,2252.95,0.0,2252.95,1235.5,-10.91,-13.48
2010-05-18,40.26,0.92,35.48,38.46,4.68,1.1,0.88,16.5,0,0,QQQ,Hold QQQ,No action,,Hold QQQ after the Donchian exit while QQQ remains at or above EMA200.,0.0,2221.84,0.0,2221.84,1218.44,-12.14,-14.68
2010-05-19,39.94,0.9,37.79,38.47,3.8,1.1,0.88,8.86,0,0,QQQ,Hold QQQ,No action,,Hold QQQ after the Donchian exit while QQQ remains at or above EMA200.,0.0,2204.14,0.0,2204.14,1208.74,-12.84,-15.36
2010-05-20,38.45,0.84,46.63,38.47,-0.05,1.1,0.88,-21.9,0,0,Cash,Hold Cash,Sell QQQ to Cash,QQQ->Cash_below_EMA200,QQQ closed below EMA200 while held; the account moved fully to Cash.,2122.31,0.0,0.0,2122.31,1163.86,-16.08,-18.5
2010-05-21,38.88,0.85,42.81,38.48,1.04,1.1,0.84,6.68,0,0,Cash,Hold Cash,No action,,Hold Cash until QLD creates a new Donchian20 breakout; QQQ moving above EMA200 alone is not a re-entry.,2122.31,0.0,0.0,2122.31,1176.72,-16.08,-17.6
2010-05-24,38.72,0.85,39.84,38.48,0.63,1.09,0.84,3.74,0,0,Cash,Hold Cash,No action,,Hold Cash until QLD creates a new Donchian20 breakout; QQQ moving above EMA200 alone is not a re-entry.,2122.31,0.0,0.0,2122.31,1172.0,-16.08,-17.93
2010-05-25,38.76,0.85,36.28,38.48,0.71,1.08,0.84,4.69,0,0,Cash,Hold Cash,No action,,Hold Cash until QLD creates a new Donchian20 breakout; QQQ moving above EMA200 alone is not a re-entry.,2122.31,0.0,0.0,2122.31,1173.04,-16.08,-17.85
2010-05-26,38.32,0.83,36.32,38.48,-0.41,1.08,0.84,-3.75,0,0,Cash,Hold Cash,No action,,Hold Cash until QLD creates a new Donchian20 breakout; QQQ moving above EMA200 alone is not a re-entry.,2122.31,0.0,0.0,2122.31,1159.92,-16.08,-18.77
2010-05-27,39.77,0.89,30.3,38.49,3.32,1.08,0.83,25.66,0,0,Cash,Hold Cash,No action,,Hold Cash until QLD creates a new Donchian20 breakout; QQQ moving above EMA200 alone is not a re-entry.,2122.31,0.0,0.0,2122.31,1203.75,-16.08,-15.7
2010-05-28,39.54,0.88,31.61,38.5,2.68,1.07,0.83,22.29,0,0,Cash,Hold Cash,No action,,Hold Cash until QLD creates a new Donchian20 breakout; QQQ moving above EMA200 alone is not a re-entry.,2122.31,0.0,0.0,2122.31,1196.66,-16.08,-16.2
2010-06-01,39.17,0.87,36.23,38.51,1.72,1.07,0.83,15.24,0,0,Cash,Hold Cash,No action,,Hold Cash until QLD creates a new Donchian20 breakout; QQQ moving above EMA200 alone is not a re-entry.,2122.31,0.0,0.0,2122.31,1185.64,-16.08,-16.97
2010-06-02,40.1,0.91,31.0,38.53,4.09,1.01,0.83,44.2,0,0,Cash,Hold Cash,No action,,Hold Cash until QLD creates a new Donchian20 breakout; QQQ moving above EMA200 alone is not a re-entry.,2122.31,0.0,0.0,2122.31,1213.72,-16.08,-15.01
2010-06-03,40.48,0.92,29.38,38.54,5.02,1.01,0.83,53.16,0,0,Cash,Hold Cash,No action,,Hold Cash until QLD creates a new Donchian20 breakout; QQQ moving above EMA200 alone is not a re-entry.,2122.31,0.0,0.0,2122.31,1225.27,-16.08,-14.2
2010-06-04,39.09,0.86,34.16,38.55,1.41,1.01,0.83,19.2,0,0,Cash,Hold Cash,No action,,Hold Cash until QLD creates a new Donchian20 breakout; QQQ moving above EMA200 alone is not a re-entry.,2122.31,0.0,0.0,2122.31,1183.28,-16.08,-17.14
2010-06-07,38.38,0.83,37.29,38.55,-0.43,1.01,0.83,1.19,0,0,Cash,Hold Cash,No action,,Hold Cash until QLD creates a new Donchian20 breakout; QQQ moving above EMA200 alone is not a re-entry.,2122.31,0.0,0.0,2122.31,1161.76,-16.08,-18.64
2010-06-08,38.31,0.83,35.22,38.55,-0.6,1.01,0.83,-0.77,0,0,Cash,Hold Cash,No action,,Hold Cash until QLD creates a new Donchian20 breakout; QQQ moving above EMA200 alone is not a re-entry.,2122.31,0.0,0.0,2122.31,1159.66,-16.08,-18.79
2010-06-09,37.99,0.81,34.82,38.54,-1.42,1.01,0.83,-8.13,0,0,Cash,Hold Cash,No action,,Hold Cash until QLD creates a new Donchian20 breakout; QQQ moving above EMA200 alone is not a re-entry.,2122.31,0.0,0.0,2122.31,1149.95,-16.08,-19.47
2010-06-10,39.08,0.86,31.3,38.55,1.38,1.01,0.81,23.73,0,0,Cash,Hold Cash,No action,,Hold Cash until QLD creates a new Donchian20 breakout; QQQ moving above EMA200 alone is not a re-entry.,2122.31,0.0,0.0,2122.31,1182.75,-16.08,-17.17
2010-06-11,39.45,0.87,28.8,38.56,2.32,0.98,0.81,38.1,0,0,Cash,Hold Cash,No action,,Hold Cash until QLD creates a new Donchian20 breakout; QQQ moving above EMA200 alone is not a re-entry.,2122.31,0.0,0.0,2122.31,1194.04,-16.08,-16.38
2010-06-14,39.44,0.87,28.94,38.56,2.27,0.95,0.81,47.07,0,0,Cash,Hold Cash,No action,,Hold Cash until QLD creates a new Donchian20 breakout; QQQ moving above EMA200 alone is not a re-entry.,2122.31,0.0,0.0,2122.31,1193.78,-16.08,-16.4
2010-06-15,40.5,0.92,26.37,38.58,4.97,0.95,0.81,82.16,0,0,Cash,Hold Cash,No action,,Hold Cash until QLD creates a new Donchian20 breakout; QQQ moving above EMA200 alone is not a re-entry.,2122.31,0.0,0.0,2122.31,1225.79,-16.08,-14.16
2010-06-16,40.66,0.93,25.92,38.6,5.34,0.92,0.81,106.04,0,1,QLD,Hold QLD,Buy QLD,toQLD,QLD closed above its prior 20-day high; the signal changed to 1 and the account moved fully into QLD.,0.0,0.0,2122.31,2122.31,1230.78,-16.08,-13.81
2010-06-17,40.79,0.94,25.15,38.63,5.61,0.93,0.81,104.53,1,1,QLD,Hold QLD,No action,,Hold QLD while the Donchian20 signal remains 1.,0.0,0.0,2134.49,2134.49,1234.72,-15.6,-13.54
2010-06-18,40.83,0.94,24.15,38.65,5.64,0.94,0.81,102.11,1,1,QLD,Hold QLD,No action,,Hold QLD while the Donchian20 signal remains 1.,0.0,0.0,2140.41,2140.41,1235.74,-15.36,-13.46
2010-06-21,40.48,0.92,25.57,38.67,4.69,0.94,0.81,89.2,1,1,QLD,Hold QLD,No action,,Hold QLD while the Donchian20 signal remains 1.,0.0,0.0,2109.42,2109.42,1225.22,-16.59,-14.2
2010-06-22,40.17,0.91,26.83,38.68,3.84,0.94,0.81,74.76,1,1,QLD,Hold QLD,No action,,Hold QLD while the Donchian20 signal remains 1.,0.0,0.0,2067.99,2067.99,1215.76,-18.23,-14.86
2010-06-23,40.0,0.9,26.57,38.69,3.38,0.94,0.81,69.66,1,1,QLD,Hold QLD,No action,,Hold QLD while the Donchian20 signal remains 1.,0.0,0.0,2053.36,2053.36,1210.76,-18.8,-15.21
2010-06-24,39.39,0.87,29.09,38.7,1.79,0.94,0.81,47.33,1,1,QLD,Hold QLD,No action,,Hold QLD while the Donchian20 signal remains 1.,0.0,0.0,1989.29,1989.29,1192.36,-21.34,-16.5
2010-06-25,39.4,0.87,28.58,38.71,1.79,0.94,0.81,44.54,1,1,QLD,Hold QLD,No action,,Hold QLD while the Donchian20 signal remains 1.,0.0,0.0,1981.28,1981.28,1192.59,-21.65,-16.49
2010-06-28,39.26,0.86,29.37,38.71,1.42,0.94,0.81,40.29,1,1,QLD,Hold QLD,No action,,Hold QLD while the Donchian20 signal remains 1.,0.0,0.0,1969.1,1969.1,1188.38,-22.14,-16.78
2010-06-29,37.75,0.8,35.02,38.7,-2.47,0.94,0.81,-12.62,1,0,Cash,Hold Cash,Reduce QLD to QQQ; Sell QQQ to Cash,QLD->QQQ_on_Donchian_exit; QQQ->Cash_below_EMA200,"QLD exited its channel and QQQ was below EMA200, so the account passed through QQQ and finished in Cash.",1817.28,0.0,0.0,1817.28,1142.54,-28.14,-19.99
2010-06-30,37.17,0.77,35.14,38.69,-3.91,0.94,0.8,-17.13,0,0,Cash,Hold Cash,No action,,Hold Cash until QLD creates a new Donchian20 breakout; QQQ moving above EMA200 alone is not a re-entry.,1817.28,0.0,0.0,1817.28,1125.15,-28.14,-21.21
2010-07-01,37.07,0.77,34.56,38.67,-4.14,0.94,0.77,-2.76,0,0,Cash,Hold Cash,No action,,Hold Cash until QLD creates a new Donchian20 breakout; QQQ moving above EMA200 alone is not a re-entry.,1817.28,0.0,0.0,1817.28,1121.99,-28.14,-21.43
2010-07-02,36.97,0.76,32.19,38.66,-4.37,0.94,0.77,-2.6,0,0,Cash,Hold Cash,No action,,Hold Cash until QLD creates a new Donchian20 breakout; QQQ moving above EMA200 alone is not a re-entry.,1817.28,0.0,0.0,1817.28,1118.83,-28.14,-21.65
2010-07-06,37.08,0.77,31.65,38.64,-4.04,0.94,0.76,2.27,0,0,Cash,Hold Cash,No action,,Hold Cash until QLD creates a new Donchian20 breakout; QQQ moving above EMA200 alone is not a re-entry.,1817.28,0.0,0.0,1817.28,1122.26,-28.14,-21.41
2010-07-07,38.26,0.82,28.06,38.64,-0.97,0.94,0.76,30.11,0,0,Cash,Hold Cash,No action,,Hold Cash until QLD creates a new Donchian20 breakout; QQQ moving above EMA200 alone is not a re-entry.,1817.28,0.0,0.0,1817.28,1158.08,-28.14,-18.9
2010-07-08,38.47,0.82,27.05,38.63,-0.42,0.94,0.76,34.99,0,0,Cash,Hold Cash,No action,,Hold Cash until QLD creates a new Donchian20 breakout; QQQ moving above EMA200 alone is not a re-entry.,1817.28,0.0,0.0,1817.28,1164.41,-28.14,-18.46
2010-07-09,38.84,0.84,25.99,38.64,0.52,0.94,0.76,44.42,0,0,Cash,Hold Cash,No action,,Hold Cash until QLD creates a new Donchian20 breakout; QQQ moving above EMA200 alone is not a re-entry.,1817.28,0.0,0.0,1817.28,1175.47,-28.14,-17.68
2010-07-12,38.95,0.85,25.5,38.64,0.8,0.94,0.76,47.03,0,0,Cash,Hold Cash,No action,,Hold Cash until QLD creates a new Donchian20 breakout; QQQ moving above EMA200 alone is not a re-entry.,1817.28,0.0,0.0,1817.28,1178.9,-28.14,-17.44
2010-07-13,39.45,0.87,25.37,38.65,2.09,0.94,0.76,58.9,0,0,Cash,Hold Cash,No action,,Hold Cash until QLD creates a new Donchian20 breakout; QQQ moving above EMA200 alone is not a re-entry.,1817.28,0.0,0.0,1817.28,1194.18,-28.14,-16.37
2010-07-14,39.65,0.88,25.96,38.66,2.58,0.94,0.76,64.66,0,0,Cash,Hold Cash,No action,,Hold Cash until QLD creates a new Donchian20 breakout; QQQ moving above EMA200 alone is not a re-entry.,1817.28,0.0,0.0,1817.28,1200.23,-28.14,-15.95
2010-07-15,39.69,0.88,26.57,38.67,2.64,0.94,0.76,65.88,0,0,Cash,Hold Cash,No action,,Hold Cash until QLD creates a new Donchian20 breakout; QQQ moving above EMA200 alone is not a re-entry.,1817.28,0.0,0.0,1817.28,1201.29,-28.14,-15.88
2010-07-16,38.59,0.83,26.87,38.67,-0.19,0.94,0.76,38.22,0,0,Cash,Hold Cash,No action,,Hold Cash until QLD creates a new Donchian20 breakout; QQQ moving above EMA200 alone is not a re-entry.,1817.28,0.0,0.0,1817.28,1168.1,-28.14,-18.2
2010-07-19,38.92,0.84,27.25,38.67,0.66,0.94,0.76,45.9,0,0,Cash,Hold Cash,No action,,Hold Cash until QLD creates a new Donchian20 breakout; QQQ moving above EMA200 alone is not a re-entry.,1817.28,0.0,0.0,1817.28,1178.11,-28.14,-17.5
2010-07-20,39.39,0.86,25.21,38.68,1.85,0.92,0.76,61.78,0,0,Cash,Hold Cash,No action,,Hold Cash until QLD creates a new Donchian20 breakout; QQQ moving above EMA200 alone is not a re-entry.,1817.28,0.0,0.0,1817.28,1192.33,-28.14,-16.5
2010-07-21,38.85,0.84,26.7,38.68,0.45,0.91,0.76,53.94,0,0,Cash,Hold Cash,No action,,Hold Cash until QLD creates a new Donchian20 breakout; QQQ moving above EMA200 alone is not a re-entry.,1817.28,0.0,0.0,1817.28,1176.0,-28.14,-17.65
2010-07-22,39.84,0.88,25.22,38.69,2.97,0.9,0.76,87.28,0,0,Cash,Hold Cash,No action,,Hold Cash until QLD creates a new Donchian20 breakout; QQQ moving above EMA200 alone is not a re-entry.,1817.28,0.0,0.0,1817.28,1205.77,-28.14,-15.56
2010-07-23,40.09,0.89,24.16,38.7,3.58,0.88,0.76,109.46,0,1,QLD,Hold QLD,Buy QLD,toQLD,QLD closed above its prior 20-day high; the signal changed to 1 and the account moved fully into QLD.,0.0,0.0,1817.28,1817.28,1213.41,-28.14,-15.03
2010-07-26,40.42,0.91,24.11,38.72,4.39,0.89,0.76,110.63,1,1,QLD,Hold QLD,No action,,Hold QLD while the Donchian20 signal remains 1.,0.0,0.0,1845.52,1845.52,1223.42,-27.02,-14.33
2010-07-27,40.4,0.91,24.33,38.74,4.3,0.91,0.76,99.58,1,1,QLD,Hold QLD,No action,,Hold QLD while the Donchian20 signal remains 1.,0.0,0.0,1844.27,1844.27,1222.89,-27.07,-14.36
2010-07-28,40.08,0.89,25.03,38.75,3.43,0.91,0.76,89.97,1,1,QLD,Hold QLD,No action,,Hold QLD while the Donchian20 signal remains 1.,0.0,0.0,1816.04,1816.04,1213.14,-28.19,-15.05
2010-07-29,39.79,0.88,25.18,38.76,2.64,0.91,0.76,80.68,1,1,QLD,Hold QLD,No action,,Hold QLD while the Donchian20 signal remains 1.,0.0,0.0,1788.73,1788.73,1204.19,-29.27,-15.67
2010-07-30,39.87,0.88,24.52,38.77,2.84,0.91,0.76,83.74,1,1,QLD,Hold QLD,No action,,Hold QLD while the Donchian20 signal remains 1.,0.0,0.0,1797.73,1797.73,1206.82,-28.91,-15.49
2010-08-02,40.62,0.92,23.48,38.79,4.72,0.91,0.76,106.12,1,1,QLD,Hold QLD,No action,,Hold QLD while the Donchian20 signal remains 1.,0.0,0.0,1863.51,1863.51,1229.48,-26.31,-13.9
2010-08-03,40.45,0.91,23.61,38.81,4.22,0.92,0.77,95.2,1,1,QLD,Hold QLD,No action,,Hold QLD while the Donchian20 signal remains 1.,0.0,0.0,1848.93,1848.93,1224.21,-26.89,-14.27
2010-08-04,40.86,0.93,23.22,38.83,5.22,0.92,0.82,111.21,1,1,QLD,Hold QLD,No action,,Hold QLD while the Donchian20 signal remains 1.,0.0,0.0,1886.47,1886.47,1236.59,-25.4,-13.4
2010-08-05,40.76,0.92,23.27,38.85,4.92,0.93,0.82,95.72,1,1,QLD,Hold QLD,No action,,Hold QLD while the Donchian20 signal remains 1.,0.0,0.0,1877.47,1877.47,1233.69,-25.76,-13.61
2010-08-06,40.7,0.92,22.84,38.87,4.72,0.93,0.83,92.36,1,1,QLD,Hold QLD,No action,,Hold QLD while the Donchian20 signal remains 1.,0.0,0.0,1871.27,1871.27,1231.85,-26.0,-13.74
2010-08-09,40.98,0.93,22.97,38.89,5.38,0.93,0.83,104.37,1,1,QLD,Hold QLD,No action,,Hold QLD while the Donchian20 signal remains 1.,0.0,0.0,1895.16,1895.16,1240.28,-25.06,-13.15
2010-08-10,40.62,0.92,23.56,38.9,4.41,0.93,0.83,85.8,1,1,QLD,Hold QLD,No action,,Hold QLD while the Donchian20 signal remains 1.,0.0,0.0,1865.68,1865.68,1229.48,-26.22,-13.9
2010-08-11,39.52,0.87,26.9,38.91,1.56,0.93,0.83,36.02,1,1,QLD,Hold QLD,No action,,Hold QLD while the Donchian20 signal remains 1.,0.0,0.0,1762.36,1762.36,1196.02,-30.31,-16.25
2010-08-12,39.2,0.85,27.63,38.91,0.74,0.93,0.83,21.67,1,1,QLD,Hold QLD,No action,,Hold QLD while the Donchian20 signal remains 1.,0.0,0.0,1732.58,1732.58,1186.54,-31.49,-16.91
2010-08-13,38.92,0.84,28.07,38.91,0.03,0.93,0.83,10.02,1,1,QLD,Hold QLD,No action,,Hold QLD while the Donchian20 signal remains 1.,0.0,0.0,1708.37,1708.37,1178.11,-32.45,-17.5
2010-08-16,38.99,0.84,27.08,38.91,0.2,0.93,0.84,3.49,1,1,QLD,Hold QLD,No action,,Hold QLD while the Donchian20 signal remains 1.,0.0,0.0,1714.89,1714.89,1180.21,-32.19,-17.35
2010-08-17,39.49,0.86,25.92,38.92,1.46,0.93,0.84,26.74,1,1,QLD,Hold QLD,No action,,Hold QLD while the Donchian20 signal remains 1.,0.0,0.0,1758.33,1758.33,1195.23,-30.47,-16.3
2010-08-18,39.65,0.87,25.98,38.93,1.85,0.93,0.84,33.72,1,1,QLD,Hold QLD,No action,,Hold QLD while the Donchian20 signal remains 1.,0.0,0.0,1771.36,1771.36,1199.97,-29.95,-15.97
2010-08-19,39.05,0.85,26.9,38.93,0.3,0.93,0.84,5.32,1,1,QLD,Hold QLD,No action,,Hold QLD while the Donchian20 signal remains 1.,0.0,0.0,1718.3,1718.3,1181.79,-32.05,-17.24
2010-08-20,39.1,0.85,25.76,38.93,0.43,0.93,0.84,7.64,1,1,QLD,Hold QLD,No action,,Hold QLD while the Donchian20 signal remains 1.,0.0,0.0,1722.65,1722.65,1183.37,-31.88,-17.13
2010-08-23,38.71,0.83,26.49,38.93,-0.55,0.93,0.84,-10.47,1,0,Cash,Hold Cash,Reduce QLD to QQQ; Sell QQQ to Cash,QLD->QQQ_on_Donchian_exit; QQQ->Cash_below_EMA200,"QLD exited its channel and QQQ was below EMA200, so the account passed through QQQ and finished in Cash.",1688.83,0.0,0.0,1688.83,1171.78,-33.22,-17.94
2010-08-24,37.99,0.8,28.47,38.92,-2.38,0.93,0.83,-29.62,0,0,Cash,Hold Cash,No action,,Hold Cash until QLD creates a new Donchian20 breakout; QQQ moving above EMA200 alone is not a re-entry.,1688.83,0.0,0.0,1688.83,1149.92,-33.22,-19.47
2010-08-25,38.36,0.81,27.77,38.91,-1.43,0.93,0.8,10.79,0,0,Cash,Hold Cash,No action,,Hold Cash until QLD creates a new Donchian20 breakout; QQQ moving above EMA200 alone is not a re-entry.,1688.83,0.0,0.0,1688.83,1160.98,-33.22,-18.7
2010-08-26,37.9,0.8,28.88,38.9,-2.59,0.93,0.8,-3.48,0,0,Cash,Hold Cash,No action,,Hold Cash until QLD creates a new Donchian20 breakout; QQQ moving above EMA200 alone is not a re-entry.,1688.83,0.0,0.0,1688.83,1147.02,-33.22,-19.68
2010-08-27,38.36,0.82,26.31,38.9,-1.39,0.93,0.8,14.69,0,0,Cash,Hold Cash,No action,,Hold Cash until QLD creates a new Donchian20 breakout; QQQ moving above EMA200 alone is not a re-entry.,1688.83,0.0,0.0,1688.83,1160.98,-33.22,-18.7
2010-08-30,37.96,0.8,27.89,38.89,-2.39,0.93,0.8,1.68,0,0,Cash,Hold Cash,No action,,Hold Cash until QLD creates a new Donchian20 breakout; QQQ moving above EMA200 alone is not a re-entry.,1688.83,0.0,0.0,1688.83,1148.86,-33.22,-19.55
2010-08-31,37.83,0.79,27.45,38.88,-2.7,0.93,0.8,-1.57,0,0,Cash,Hold Cash,No action,,Hold Cash until QLD creates a new Donchian20 breakout; QQQ moving above EMA200 alone is not a re-entry.,1688.83,0.0,0.0,1688.83,1144.91,-33.22,-19.82
2010-09-01,38.96,0.84,24.93,38.88,0.21,0.93,0.79,32.89,0,0,Cash,Hold Cash,No action,,Hold Cash until QLD creates a new Donchian20 breakout; QQQ moving above EMA200 alone is not a re-entry.,1688.83,0.0,0.0,1688.83,1179.16,-33.22,-17.43
2010-09-02,39.39,0.86,23.93,38.88,1.31,0.93,0.79,47.02,0,0,Cash,Hold Cash,No action,,Hold Cash until QLD creates a new Donchian20 breakout; QQQ moving above EMA200 alone is not a re-entry.,1688.83,0.0,0.0,1688.83,1192.33,-33.22,-16.5
2010-09-03,40.05,0.89,21.95,38.89,2.96,0.93,0.79,68.21,0,0,Cash,Hold Cash,No action,,Hold Cash until QLD creates a new Donchian20 breakout; QQQ moving above EMA200 alone is not a re-entry.,1688.83,0.0,0.0,1688.83,1212.09,-33.22,-15.12
2010-09-07,39.78,0.88,23.99,38.9,2.24,0.93,0.79,58.72,0,0,Cash,Hold Cash,No action,,Hold Cash until QLD creates a new Donchian20 breakout; QQQ moving above EMA200 alone is not a re-entry.,1688.83,0.0,0.0,1688.83,1203.92,-33.22,-15.69
2010-09-08,40.26,0.9,23.53,38.92,3.44,0.92,0.79,82.37,0,0,Cash,Hold Cash,No action,,Hold Cash until QLD creates a new Donchian20 breakout; QQQ moving above EMA200 alone is not a re-entry.,1688.83,0.0,0.0,1688.83,1218.41,-33.22,-14.68
2010-09-09,40.41,0.9,23.29,38.93,3.8,0.9,0.79,106.59,0,1,QLD,Hold QLD,Buy QLD,toQLD,QLD closed above its prior 20-day high; the signal changed to 1 and the account moved fully into QLD.,0.0,0.0,1688.83,1688.83,1223.15,-33.22,-14.35
2010-09-10,40.56,0.91,22.98,38.95,4.14,0.9,0.79,106.04,1,1,QLD,Hold QLD,No action,,Hold QLD while the Donchian20 signal remains 1.,0.0,0.0,1701.1,1701.1,1227.63,-32.73,-14.03
2010-09-13,41.13,0.94,22.32,38.97,5.53,0.91,0.79,122.65,1,1,QLD,Hold QLD,No action,,Hold QLD while the Donchian20 signal remains 1.,0.0,0.0,1749.94,1749.94,1244.76,-30.8,-12.83
2010-09-14,41.3,0.94,21.63,38.99,5.92,0.94,0.79,105.29,1,1,QLD,Hold QLD,No action,,Hold QLD while the Donchian20 signal remains 1.,0.0,0.0,1763.93,1763.93,1250.03,-30.25,-12.46
2010-09-15,41.56,0.95,22.15,39.02,6.52,0.94,0.79,108.1,1,1,QLD,Hold QLD,No action,,Hold QLD while the Donchian20 signal remains 1.,0.0,0.0,1786.49,1786.49,1257.93,-29.36,-11.91
2010-09-16,41.73,0.96,21.81,39.05,6.87,0.95,0.79,104.55,1,1,QLD,Hold QLD,No action,,Hold QLD while the Donchian20 signal remains 1.,0.0,0.0,1800.2,1800.2,1262.93,-28.81,-11.56
2010-09-17,41.87,0.97,22.26,39.07,7.15,0.96,0.79,103.72,1,1,QLD,Hold QLD,No action,,Hold QLD while the Donchian20 signal remains 1.,0.0,0.0,1811.9,1811.9,1267.21,-28.35,-11.26
2010-09-20,42.6,1.0,22.43,39.11,8.93,0.97,0.79,119.34,1,1,QLD,Hold QLD,No action,,Hold QLD while the Donchian20 signal remains 1.,0.0,0.0,1875.02,1875.02,1289.39,-25.86,-9.71
2010-09-21,42.59,1.0,23.26,39.14,8.81,1.0,0.79,98.9,1,1,QLD,Hold QLD,No action,,Hold QLD while the Donchian20 signal remains 1.,0.0,0.0,1870.73,1870.73,1289.13,-26.03,-9.73
2010-09-22,42.48,1.0,23.63,39.18,8.43,1.0,0.79,97.29,1,1,QLD,Hold QLD,No action,,Hold QLD while the Donchian20 signal remains 1.,0.0,0.0,1864.45,1864.45,1285.7,-26.27,-9.97
2010-09-23,42.46,1.0,24.26,39.21,8.29,1.0,0.79,96.92,1,1,QLD,Hold QLD,No action,,Hold QLD while the Donchian20 signal remains 1.,0.0,0.0,1863.02,1863.02,1285.17,-26.33,-10.0
2010-09-24,43.32,1.04,22.72,39.25,10.38,1.0,0.79,116.2,1,1,QLD,Hold QLD,No action,,Hold QLD while the Donchian20 signal remains 1.,0.0,0.0,1938.12,1938.12,1311.31,-23.36,-8.17
2010-09-27,43.09,1.03,23.64,39.29,9.67,1.04,0.79,95.58,1,1,QLD,Hold QLD,No action,,Hold QLD while the Donchian20 signal remains 1.,0.0,0.0,1918.13,1918.13,1304.18,-24.15,-8.67
2010-09-28,43.07,1.03,23.86,39.33,9.52,1.04,0.79,96.21,1,1,QLD,Hold QLD,No action,,Hold QLD while the Donchian20 signal remains 1.,0.0,0.0,1920.99,1920.99,1303.65,-24.04,-8.71
2010-09-29,43.0,1.02,24.48,39.36,9.25,1.04,0.79,93.75,1,1,QLD,Hold QLD,No action,,Hold QLD while the Donchian20 signal remains 1.,0.0,0.0,1909.85,1909.85,1301.54,-24.48,-8.86
2010-09-30,42.81,1.01,24.96,39.4,8.66,1.04,0.84,87.72,1,1,QLD,Hold QLD,No action,,Hold QLD while the Donchian20 signal remains 1.,0.0,0.0,1893.0,1893.0,1295.73,-25.14,-9.26
2010-10-01,42.76,1.01,23.98,39.43,8.44,1.04,0.86,85.16,1,1,QLD,Hold QLD,No action,,Hold QLD while the Donchian20 signal remains 1.,0.0,0.0,1889.01,1889.01,1294.15,-25.3,-9.37
2010-10-04,42.29,0.99,25.16,39.46,7.19,1.04,0.88,69.9,1,1,QLD,Hold QLD,No action,,Hold QLD while the Donchian20 signal remains 1.,0.0,0.0,1847.6,1847.6,1280.15,-26.94,-10.35
2010-10-05,43.32,1.04,23.43,39.5,9.69,1.04,0.88,99.43,1,1,QLD,Hold QLD,No action,,Hold QLD while the Donchian20 signal remains 1.,0.0,0.0,1936.41,1936.41,1311.31,-23.43,-8.17
2010-10-06,42.95,1.02,23.53,39.53,8.65,1.04,0.9,87.57,1,1,QLD,Hold QLD,No action,,Hold QLD while the Donchian20 signal remains 1.,0.0,0.0,1905.57,1905.57,1299.95,-24.65,-8.97
2010-10-07,43.11,1.02,23.06,39.57,8.95,1.04,0.9,91.18,1,1,QLD,Hold QLD,No action,,Hold QLD while the Donchian20 signal remains 1.,0.0,0.0,1916.14,1916.14,1304.71,-24.23,-8.63
2010-10-08,43.4,1.04,21.98,39.61,9.59,1.04,0.91,100.6,1,1,QLD,Hold QLD,No action,,Hold QLD while the Donchian20 signal remains 1.,0.0,0.0,1939.55,1939.55,1313.69,-23.3,-8.01
2010-10-11,43.42,1.04,20.4,39.64,9.53,1.04,0.94,103.01,1,1,QLD,Hold QLD,No action,,Hold QLD while the Donchian20 signal remains 1.,0.0,0.0,1945.26,1945.26,1314.21,-23.08,-7.97
2010-10-12,43.72,1.06,20.54,39.68,10.16,1.04,0.94,115.75,1,1,QLD,Hold QLD,No action,,Hold QLD while the Donchian20 signal remains 1.,0.0,0.0,1973.82,1973.82,1323.19,-21.95,-7.34
2010-10-13,44.07,1.07,20.47,39.73,10.94,1.06,0.95,116.31,1,1,QLD,Hold QLD,No action,,Hold QLD while the Donchian20 signal remains 1.,0.0,0.0,2004.38,2004.38,1334.02,-20.74,-6.58
2010-10-14,43.99,1.07,20.63,39.77,10.61,1.07,0.96,96.22,1,1,QLD,Hold QLD,No action,,Hold QLD while the Donchian20 signal remains 1.,0.0,0.0,1996.66,1996.66,1331.38,-21.05,-6.77
2010-10-15,44.92,1.11,20.44,39.82,12.81,1.07,0.97,139.76,1,1,QLD,Hold QLD,No action,,Hold QLD while the Donchian20 signal remains 1.,0.0,0.0,2080.91,2080.91,1359.63,-17.71,-4.79
2010-10-18,44.76,1.11,21.25,39.87,12.25,1.11,0.99,97.43,1,1,QLD,Hold QLD,No action,,Hold QLD while the Donchian20 signal remains 1.,0.0,0.0,2074.91,2074.91,1354.61,-17.95,-5.14
2010-10-19,44.34,1.08,21.91,39.91,11.08,1.11,0.99,76.25,1,1,QLD,Hold QLD,No action,,Hold QLD while the Donchian20 signal remains 1.,0.0,0.0,2025.51,2025.51,1341.94,-19.9,-6.03
2010-10-20,44.66,1.1,21.65,39.96,11.75,1.11,0.99,88.98,1,1,QLD,Hold QLD,No action,,Hold QLD while the Donchian20 signal remains 1.,0.0,0.0,2055.2,2055.2,1351.71,-18.73,-5.34
2010-10-21,44.75,1.1,21.18,40.01,11.84,1.11,0.99,92.53,1,1,QLD,Hold QLD,No action,,Hold QLD while the Donchian20 signal remains 1.,0.0,0.0,2063.49,2063.49,1354.35,-18.4,-5.16
2010-10-22,45.05,1.12,20.42,40.06,12.46,1.11,0.99,104.77,1,1,QLD,Hold QLD,No action,,Hold QLD while the Donchian20 signal remains 1.,0.0,0.0,2092.04,2092.04,1363.59,-17.27,-4.51
2010-10-25,45.27,1.13,21.48,40.11,12.86,1.12,0.99,107.01,1,1,QLD,Hold QLD,No action,,Hold QLD while the Donchian20 signal remains 1.,0.0,0.0,2109.18,2109.18,1370.19,-16.6,-4.05
2010-10-26,45.39,1.13,21.81,40.16,13.02,1.13,0.99,104.8,1,1,QLD,Hold QLD,No action,,Hold QLD while the Donchian20 signal remains 1.,0.0,0.0,2121.74,2121.74,1373.89,-16.1,-3.79
2010-10-27,45.53,1.14,21.57,40.22,13.21,1.13,0.99,105.52,1,1,QLD,Hold QLD,No action,,Hold QLD while the Donchian20 signal remains 1.,0.0,0.0,2136.88,2136.88,1378.12,-15.5,-3.49
2010-10-28,45.63,1.15,21.65,40.27,13.3,1.14,0.99,102.86,1,1,QLD,Hold QLD,No action,,Hold QLD while the Donchian20 signal remains 1.,0.0,0.0,2145.16,2145.16,1381.02,-15.17,-3.29
2010-10-29,45.52,1.14,22.24,40.32,12.89,1.15,0.99,97.6,1,1,QLD,Hold QLD,No action,,Hold QLD while the Donchian20 signal remains 1.,0.0,0.0,2138.02,2138.02,1377.85,-15.46,-3.51
2010-11-01,45.56,1.14,22.92,40.38,12.84,1.15,0.99,97.79,1,1,QLD,Hold QLD,No action,,Hold QLD while the Donchian20 signal remains 1.,0.0,0.0,2138.59,2138.59,1378.91,-15.43,-3.44
2010-11-02,46.05,1.17,22.88,40.43,13.89,1.15,1.02,115.97,1,1,QLD,Hold QLD,No action,,Hold QLD while the Donchian20 signal remains 1.,0.0,0.0,2183.42,2183.42,1393.7,-13.66,-2.4
2010-11-03,46.26,1.18,20.41,40.49,14.24,1.17,1.02,107.71,1,1,QLD,Hold QLD,No action,,Hold QLD while the Donchian20 signal remains 1.,0.0,0.0,2204.84,2204.84,1400.03,-12.81,-1.96
2010-11-04,46.82,1.21,19.54,40.55,15.46,1.18,1.02,118.0,1,1,QLD,Hold QLD,No action,,Hold QLD while the Donchian20 signal remains 1.,0.0,0.0,2256.81,2256.81,1417.2,-10.76,-0.76
2010-11-05,46.82,1.21,18.67,40.62,15.28,1.21,1.04,100.18,1,1,QLD,Hold QLD,No action,,Hold QLD while the Donchian20 signal remains 1.,0.0,0.0,2257.38,2257.38,1417.2,-10.74,-0.76
2010-11-08,46.88,1.21,18.7,40.68,15.26,1.21,1.04,101.83,1,1,QLD,Hold QLD,No action,,Hold QLD while the Donchian20 signal remains 1.,0.0,0.0,2263.1,2263.1,1419.04,-10.51,-0.63
2010-11-09,46.63,1.19,18.99,40.74,14.47,1.21,1.06,90.13,1,1,QLD,Hold QLD,No action,,Hold QLD while the Donchian20 signal remains 1.,0.0,0.0,2234.54,2234.54,1411.39,-11.64,-1.16
2010-11-10,46.87,1.19,19.46,40.8,14.87,1.21,1.07,86.6,1,1,QLD,Hold QLD,No action,,Hold QLD while the Donchian20 signal remains 1.,0.0,0.0,2227.4,2227.4,1418.52,-11.92,-0.66
2010-11-11,46.57,1.19,19.37,40.86,13.99,1.21,1.07,88.64,1,1,QLD,Hold QLD,No action,,Hold QLD while the Donchian20 signal remains 1.,0.0,0.0,2232.83,2232.83,1409.54,-11.71,-1.29
2010-11-12,45.81,1.15,22.55,40.9,11.99,1.21,1.08,55.65,1,1,QLD,Hold QLD,No action,,Hold QLD while the Donchian20 signal remains 1.,0.0,0.0,2157.72,2157.72,1386.57,-14.68,-2.9
2010-11-15,45.64,1.15,21.69,40.95,11.44,1.21,1.08,50.0,1,1,QLD,Hold QLD,No action,,Hold QLD while the Donchian20 signal remains 1.,0.0,0.0,2144.3,2144.3,1381.28,-15.21,-3.27
2010-11-16,44.89,1.11,23.73,40.99,9.5,1.21,1.08,19.71,1,1,QLD,Hold QLD,No action,,Hold QLD while the Donchian20 signal remains 1.,0.0,0.0,2072.34,2072.34,1358.58,-18.05,-4.86
2010-11-17,45.02,1.11,23.25,41.03,9.71,1.21,1.1,13.74,1,1,QLD,Hold QLD,No action,,Hold QLD while the Donchian20 signal remains 1.,0.0,0.0,2083.76,2083.76,1362.54,-17.6,-4.58
2010-11-18,45.74,1.15,20.26,41.08,11.35,1.21,1.1,43.63,1,1,QLD,Hold QLD,No action,,Hold QLD while the Donchian20 signal remains 1.,0.0,0.0,2150.58,2150.58,1384.45,-14.96,-3.05
2010-11-19,45.78,1.15,19.78,41.12,11.31,1.21,1.11,42.67,1,1,QLD,Hold QLD,No action,,Hold QLD while the Donchian20 signal remains 1.,0.0,0.0,2153.73,2153.73,1385.51,-14.83,-2.98
2010-11-22,46.16,1.17,19.73,41.17,12.11,1.21,1.11,62.43,1,1,QLD,Hold QLD,No action,,Hold QLD while the Donchian20 signal remains 1.,0.0,0.0,2191.42,2191.42,1397.13,-13.34,-2.16
2010-11-23,45.43,1.13,21.77,41.22,10.21,1.21,1.11,26.5,1,1,QLD,Hold QLD,No action,,Hold QLD while the Donchian20 signal remains 1.,0.0,0.0,2122.88,2122.88,1374.95,-16.05,-3.72
2010-11-24,46.34,1.18,20.85,41.27,12.3,1.21,1.11,70.36,1,1,QLD,Hold QLD,No action,,Hold QLD while the Donchian20 signal remains 1.,0.0,0.0,2206.55,2206.55,1402.67,-12.75,-1.77
2010-11-26,46.04,1.16,20.84,41.32,11.43,1.21,1.11,54.79,1,1,QLD,Hold QLD,No action,,Hold QLD while the Donchian20 signal remains 1.,0.0,0.0,2176.86,2176.86,1393.43,-13.92,-2.42
2010-11-29,46.0,1.16,23.28,41.36,11.22,1.21,1.11,54.34,1,1,QLD,Hold QLD,No action,,Hold QLD while the Donchian20 signal remains 1.,0.0,0.0,2176.0,2176.0,1392.37,-13.95,-2.5
2010-11-30,45.44,1.13,25.39,41.4,9.76,1.21,1.11,25.0,1,1,QLD,Hold QLD,No action,,Hold QLD while the Donchian20 signal remains 1.,0.0,0.0,2120.03,2120.03,1375.48,-16.17,-3.68
2010-12-01,46.4,1.18,23.09,41.45,11.95,1.21,1.11,72.16,1,1,QLD,Hold QLD,No action,,Hold QLD while the Donchian20 signal remains 1.,0.0,0.0,2209.98,2209.98,1404.52,-12.61,-1.64
2010-12-02,46.88,1.21,21.42,41.51,12.93,1.21,1.11,96.56,1,1,QLD,Hold QLD,No action,,Hold QLD while the Donchian20 signal remains 1.,0.0,0.0,2256.53,2256.53,1418.78,-10.77,-0.65
2010-12-03,47.0,1.21,19.77,41.56,13.08,1.21,1.11,101.95,1,1,QLD,Hold QLD,No action,,Hold QLD while the Donchian20 signal remains 1.,0.0,0.0,2266.81,2266.81,1422.48,-10.36,-0.39
2010-12-06,46.98,1.21,19.91,41.61,12.89,1.21,1.11,98.97,1,1,QLD,Hold QLD,No action,,Hold QLD while the Donchian20 signal remains 1.,0.0,0.0,2264.81,2264.81,1421.95,-10.44,-0.42
2010-12-07,47.01,1.21,20.16,41.67,12.81,1.21,1.11,101.32,1,1,QLD,Hold QLD,No action,,Hold QLD while the Donchian20 signal remains 1.,0.0,0.0,2269.38,2269.38,1422.74,-10.26,-0.37
2010-12-08,47.18,1.22,19.7,41.72,13.08,1.21,1.11,108.98,1,1,QLD,Hold QLD,No action,,Hold QLD while the Donchian20 signal remains 1.,0.0,0.0,2287.08,2287.08,1428.02,-9.56,0.0
2010-12-09,47.22,1.22,19.06,41.78,13.04,1.22,1.11,100.93,1,1,QLD,Hold QLD,No action,,Hold QLD while the Donchian20 signal remains 1.,0.0,0.0,2289.08,2289.08,1429.34,-9.48,0.0
2010-12-10,47.54,1.24,18.77,41.84,13.63,1.22,1.11,114.1,1,1,QLD,Hold QLD,No action,,Hold QLD while the Donchian20 signal remains 1.,0.0,0.0,2319.64,2319.64,1438.85,-8.27,0.0
2010-12-13,47.37,1.23,18.26,41.89,13.09,1.24,1.11,93.76,1,1,QLD,Hold QLD,No action,,Hold QLD while the Donchian20 signal remains 1.,0.0,0.0,2304.22,2304.22,1433.83,-8.88,-0.35
2010-12-14,47.46,1.23,18.4,41.95,13.14,1.24,1.11,95.73,1,1,QLD,Hold QLD,No action,,Hold QLD while the Donchian20 signal remains 1.,0.0,0.0,2309.07,2309.07,1436.47,-8.69,-0.17
2010-12-15,47.25,1.22,18.86,42.0,12.5,1.24,1.11,88.45,1,1,QLD,Hold QLD,No action,,Hold QLD while the Donchian20 signal remains 1.,0.0,0.0,2291.08,2291.08,1430.14,-9.4,-0.61
2010-12-16,47.62,1.24,18.25,42.05,13.23,1.24,1.11,101.69,1,1,QLD,Hold QLD,No action,,Hold QLD while the Donchian20 signal remains 1.,0.0,0.0,2323.63,2323.63,1441.23,-8.12,0.0
2010-12-17,47.66,1.25,17.31,42.11,13.18,1.24,1.13,103.51,1,1,QLD,Hold QLD,No action,,Hold QLD while the Donchian20 signal remains 1.,0.0,0.0,2330.77,2330.77,1442.5,-7.83,0.0
2010-12-20,47.69,1.25,17.18,42.17,13.11,1.25,1.13,102.3,1,1,QLD,Hold QLD,No action,,Hold QLD while the Donchian20 signal remains 1.,0.0,0.0,2335.63,2335.63,1443.55,-7.64,0.0
2010-12-21,47.98,1.26,16.83,42.22,13.64,1.25,1.13,111.39,1,1,QLD,Hold QLD,No action,,Hold QLD while the Donchian20 signal remains 1.,0.0,0.0,2360.19,2360.19,1452.29,-6.67,0.0
2010-12-22,47.97,1.26,16.57,42.28,13.46,1.26,1.13,100.95,1,1,QLD,Hold QLD,No action,,Hold QLD while the Donchian20 signal remains 1.,0.0,0.0,2362.47,2362.47,1452.02,-6.58,-0.02
2010-12-23,47.85,1.26,17.43,42.34,13.03,1.26,1.13,94.82,1,1,QLD,Hold QLD,No action,,Hold QLD while the Donchian20 signal remains 1.,0.0,0.0,2349.91,2349.91,1448.32,-7.08,-0.27
2010-12-27,47.88,1.26,18.94,42.39,12.94,1.26,1.13,94.94,1,1,QLD,Hold QLD,No action,,Hold QLD while the Donchian20 signal remains 1.,0.0,0.0,2350.19,2350.19,1449.11,-7.07,-0.22
2010-12-28,47.79,1.25,18.89,42.45,12.59,1.26,1.13,92.11,1,1,QLD,Hold QLD,No action,,Hold QLD while the Donchian20 signal remains 1.,0.0,0.0,2343.34,2343.34,1446.46,-7.34,-0.4
2010-12-29,47.89,1.26,18.27,42.5,12.69,1.26,1.13,96.0,1,1,QLD,Hold QLD,No action,,Hold QLD while the Donchian20 signal remains 1.,0.0,0.0,2352.76,2352.76,1449.64,-6.96,-0.18
2010-12-30,47.78,1.25,18.66,42.55,12.29,1.26,1.18,85.77,1,1,QLD,Hold QLD,No action,,Hold QLD while the Donchian20 signal remains 1.,0.0,0.0,2340.77,2340.77,1446.2,-7.44,-0.42
2010-12-31,47.61,1.24,19.48,42.6,11.75,1.26,1.21,64.96,1,1,QLD,Hold QLD,No action,,Hold QLD while the Donchian20 signal remains 1.,0.0,0.0,2325.35,2325.35,1440.91,-8.05,-0.78
2011-01-03,48.35,1.28,19.07,42.66,13.34,1.26,1.21,135.09,1,1,QLD,Hold QLD,No action,,Hold QLD while the Donchian20 signal remains 1.,0.0,0.0,2396.74,2396.74,1463.4,-5.23,0.0
2011-01-04,48.31,1.28,18.9,42.72,13.11,1.28,1.21,96.75,1,1,QLD,Hold QLD,No action,,Hold QLD while the Donchian20 signal remains 1.,0.0,0.0,2392.46,2392.46,1462.34,-5.39,-0.07
2011-01-05,48.73,1.3,18.35,42.78,13.91,1.28,1.21,129.37,1,1,QLD,Hold QLD,No action,,Hold QLD while the Donchian20 signal remains 1.,0.0,0.0,2434.15,2434.15,1474.77,-3.75,0.0
2011-01-06,48.88,1.31,18.41,42.84,14.11,1.3,1.22,110.1,1,1,QLD,Hold QLD,No action,,Hold QLD while the Donchian20 signal remains 1.,0.0,0.0,2449.0,2449.0,1479.54,-3.16,0.0
2011-01-07,48.84,1.31,18.72,42.9,13.85,1.31,1.22,98.04,1,1,QLD,Hold QLD,No action,,Hold QLD while the Donchian20 signal remains 1.,0.0,0.0,2445.86,2445.86,1478.21,-3.28,-0.09
2011-01-10,49.02,1.32,18.67,42.96,14.12,1.31,1.22,108.32,1,1,QLD,Hold QLD,No action,,Hold QLD while the Donchian20 signal remains 1.,0.0,0.0,2462.14,2462.14,1483.77,-2.64,0.0
2011-01-11,49.09,1.32,18.07,43.02,14.12,1.32,1.22,103.84,1,1,QLD,Hold QLD,No action,,Hold QLD while the Donchian20 signal remains 1.,0.0,0.0,2468.7,2468.7,1485.89,-2.38,0.0
2011-01-12,49.44,1.34,17.42,43.08,14.76,1.32,1.22,119.62,1,1,QLD,Hold QLD,No action,,Hold QLD while the Donchian20 signal remains 1.,0.0,0.0,2503.54,2503.54,1496.47,-1.0,0.0
2011-01-13,49.46,1.34,17.45,43.15,14.63,1.34,1.22,102.69,1,1,QLD,Hold QLD,No action,,Hold QLD while the Donchian20 signal remains 1.,0.0,0.0,2509.25,2509.25,1497.0,-0.78,0.0
2011-01-14,49.83,1.36,16.49,43.21,15.31,1.34,1.24,119.38,1,1,QLD,Hold QLD,No action,,Hold QLD while the Donchian20 signal remains 1.,0.0,0.0,2545.23,2545.23,1508.11,0.0,0.0
2011-01-18,49.97,1.37,16.42,43.28,15.45,1.36,1.24,106.23,1,1,QLD,Hold QLD,No action,,Hold QLD while the Donchian20 signal remains 1.,0.0,0.0,2558.94,2558.94,1512.34,0.0,0.0
2011-01-19,49.4,1.34,18.43,43.34,13.98,1.37,1.24,75.43,1,1,QLD,Hold QLD,No action,,Hold QLD while the Donchian20 signal remains 1.,0.0,0.0,2501.54,2501.54,1495.15,-2.24,-1.14
2011-01-20,49.05,1.32,19.63,43.4,13.02,1.37,1.24,58.68,1,1,QLD,Hold QLD,No action,,Hold QLD while the Donchian20 signal remains 1.,0.0,0.0,2462.42,2462.42,1484.56,-3.77,-1.84
2011-01-21,48.67,1.3,20.17,43.45,12.02,1.37,1.24,42.91,1,1,QLD,Hold QLD,No action,,Hold QLD while the Donchian20 signal remains 1.,0.0,0.0,2425.58,2425.58,1473.19,-5.21,-2.59
2011-01-24,49.35,1.33,18.83,43.51,13.42,1.37,1.24,72.13,1,1,QLD,Hold QLD,No action,,Hold QLD while the Donchian20 signal remains 1.,0.0,0.0,2493.83,2493.83,1493.56,-2.54,-1.24
2011-01-25,49.42,1.34,18.84,43.57,13.43,1.37,1.24,74.45,1,1,QLD,Hold QLD,No action,,Hold QLD while the Donchian20 signal remains 1.,0.0,0.0,2499.26,2499.26,1495.68,-2.33,-1.1
2011-01-26,49.68,1.35,17.93,43.63,13.87,1.37,1.24,86.92,1,1,QLD,Hold QLD,No action,,Hold QLD while the Donchian20 signal remains 1.,0.0,0.0,2528.38,2528.38,1503.61,-1.19,-0.58
2011-01-27,49.98,1.37,17.83,43.69,14.4,1.37,1.24,99.88,1,1,QLD,Hold QLD,No action,,Hold QLD while the Donchian20 signal remains 1.,0.0,0.0,2558.65,2558.65,1512.87,-0.01,0.0
2011-01-28,48.72,1.3,21.66,43.74,11.37,1.37,1.24,44.25,1,1,QLD,Hold QLD,No action,,Hold QLD while the Donchian20 signal remains 1.,0.0,0.0,2428.72,2428.72,1474.51,-5.09,-2.54
2011-01-31,48.95,1.31,21.79,43.79,11.78,1.37,1.24,54.65,1,1,QLD,Hold QLD,No action,,Hold QLD while the Donchian20 signal remains 1.,0.0,0.0,2453.0,2453.0,1481.65,-4.14,-2.06
2011-02-01,49.87,1.36,19.96,43.85,13.72,1.37,1.28,90.57,1,1,QLD,Hold QLD,No action,,Hold QLD while the Donchian20 signal remains 1.,0.0,0.0,2543.23,2543.23,1509.43,-0.61,-0.23
2011-02-02,49.79,1.36,19.84,43.91,13.39,1.37,1.28,85.76,1,1,QLD,Hold QLD,No action,,Hold QLD while the Donchian20 signal remains 1.,0.0,0.0,2535.24,2535.24,1507.05,-0.93,-0.38
2011-02-03,49.88,1.36,19.09,43.97,13.43,1.37,1.3,87.79,1,1,QLD,Hold QLD,No action,,Hold QLD while the Donchian20 signal remains 1.,0.0,0.0,2542.66,2542.66,1509.7,-0.64,-0.21
2011-02-04,50.16,1.38,17.91,44.03,13.91,1.37,1.3,110.92,1,1,QLD,Hold QLD,No action,,Hold QLD while the Donchian20 signal remains 1.,0.0,0.0,2573.5,2573.5,1518.17,0.0,0.0
2011-02-07,50.39,1.39,18.22,44.1,14.28,1.38,1.3,116.8,1,1,QLD,Hold QLD,No action,,Hold QLD while the Donchian20 signal remains 1.,0.0,0.0,2598.35,2598.35,1525.31,0.0,0.0
2011-02-08,50.73,1.41,17.68,44.16,14.86,1.39,1.3,121.32,1,1,QLD,Hold QLD,No action,,Hold QLD while the Donchian20 signal remains 1.,0.0,0.0,2635.19,2635.19,1535.36,0.0,0.0
2011-02-09,50.64,1.4,17.72,44.23,14.5,1.41,1.3,94.41,1,1,QLD,Hold QLD,No action,,Hold QLD while the Donchian20 signal remains 1.,0.0,0.0,2623.48,2623.48,1532.72,-0.44,-0.17
2011-02-10,50.72,1.41,17.91,44.29,14.51,1.41,1.3,98.91,1,1,QLD,Hold QLD,No action,,Hold QLD while the Donchian20 signal remains 1.,0.0,0.0,2632.9,2632.9,1535.1,-0.09,-0.02
2011-02-11,51.09,1.43,17.18,44.36,15.16,1.41,1.3,115.94,1,1,QLD,Hold QLD,No action,,Hold QLD while the Donchian20 signal remains 1.,0.0,0.0,2668.6,2668.6,1546.21,0.0,0.0
2011-02-14,51.21,1.43,17.46,44.43,15.26,1.43,1.3,105.29,1,1,QLD,Hold QLD,No action,,Hold QLD while the Donchian20 signal remains 1.,0.0,0.0,2681.45,2681.45,1549.91,0.0,0.0
2011-02-15,51.14,1.43,17.98,44.49,14.93,1.43,1.3,97.43,1,1,QLD,Hold QLD,No action,,Hold QLD while the Donchian20 signal remains 1.,0.0,0.0,2674.88,2674.88,1547.8,-0.24,-0.14
2011-02-16,51.47,1.45,18.23,44.56,15.5,1.43,1.3,111.27,1,1,QLD,Hold QLD,No action,,Hold QLD while the Donchian20 signal remains 1.,0.0,0.0,2710.29,2710.29,1557.85,0.0,0.0
2011-02-17,51.45,1.45,18.22,44.63,15.28,1.45,1.3,99.2,1,1,QLD,Hold QLD,No action,,Hold QLD while the Donchian20 signal remains 1.,0.0,0.0,2708.01,2708.01,1557.32,-0.08,-0.03
2011-02-18,51.34,1.44,17.9,44.7,14.86,1.45,1.3,95.29,1,1,QLD,Hold QLD,No action,,Hold QLD while the Donchian20 signal remains 1.,0.0,0.0,2696.87,2696.87,1553.88,-0.5,-0.25
2011-02-22,49.85,1.36,23.39,44.75,11.4,1.45,1.3,38.54,1,1,QLD,Hold QLD,No action,,Hold QLD while the Donchian20 signal remains 1.,0.0,0.0,2537.24,2537.24,1508.91,-6.39,-3.14
2011-02-23,49.44,1.33,24.37,44.8,10.37,1.45,1.3,23.93,1,1,QLD,Hold QLD,No action,,Hold QLD while the Donchian20 signal remains 1.,0.0,0.0,2496.12,2496.12,1496.47,-7.9,-3.94
2011-02-24,49.7,1.35,23.67,44.85,10.83,1.45,1.3,32.56,1,1,QLD,Hold QLD,No action,,Hold QLD while the Donchian20 signal remains 1.,0.0,0.0,2520.39,2520.39,1504.41,-7.01,-3.43
2011-02-25,50.39,1.39,20.64,44.9,12.24,1.45,1.3,58.01,1,1,QLD,Hold QLD,No action,,Hold QLD while the Donchian20 signal remains 1.,0.0,0.0,2592.07,2592.07,1525.31,-4.36,-2.09
2011-02-28,50.5,1.39,20.55,44.96,12.33,1.45,1.3,62.68,1,1,QLD,Hold QLD,No action,,Hold QLD while the Donchian20 signal remains 1.,0.0,0.0,2605.2,2605.2,1528.48,-3.88,-1.89
2011-03-01,49.69,1.35,22.82,45.0,10.41,1.45,1.31,26.86,1,1,QLD,Hold QLD,No action,,Hold QLD while the Donchian20 signal remains 1.,0.0,0.0,2522.1,2522.1,1503.88,-6.94,-3.46
2011-03-02,49.95,1.36,22.74,45.05,10.87,1.45,1.33,23.6,1,1,QLD,Hold QLD,No action,,Hold QLD while the Donchian20 signal remains 1.,0.0,0.0,2546.66,2546.66,1511.82,-6.04,-2.96
2011-03-03,50.94,1.41,20.1,45.11,12.91,1.45,1.33,70.27,1,1,QLD,Hold QLD,No action,,Hold QLD while the Donchian20 signal remains 1.,0.0,0.0,2646.61,2646.61,1541.71,-2.35,-1.04
2011-03-04,50.67,1.4,20.47,45.17,12.19,1.45,1.33,56.67,1,1,QLD,Hold QLD,No action,,Hold QLD while the Donchian20 signal remains 1.,0.0,0.0,2617.48,2617.48,1533.78,-3.42,-1.55
2011-03-07,49.99,1.36,23.22,45.21,10.57,1.45,1.33,25.07,1,1,QLD,Hold QLD,No action,,Hold QLD while the Donchian20 signal remains 1.,0.0,0.0,2549.8,2549.8,1513.14,-5.92,-2.87
2011-03-08,50.19,1.37,22.74,45.26,10.89,1.45,1.33,34.0,1,1,QLD,Hold QLD,No action,,Hold QLD while the Donchian20 signal remains 1.,0.0,0.0,2568.93,2568.93,1519.22,-5.22,-2.48
2011-03-09,49.85,1.35,23.43,45.31,10.03,1.45,1.33,17.2,1,1,QLD,Hold QLD,No action,,Hold QLD while the Donchian20 signal remains 1.,0.0,0.0,2532.95,2532.95,1508.91,-6.54,-3.14
2011-03-10,49.07,1.31,24.27,45.35,8.22,1.45,1.33,-18.53,1,0,QQQ,Hold QQQ,Reduce QLD to QQQ,QLD->QQQ_on_Donchian_exit,QLD closed below its prior 20-day low; the signal changed to 0 and the account reduced to QQQ.,0.0,2456.42,0.0,2456.42,1485.36,-9.37,-4.65
2011-03-11,49.38,1.33,22.49,45.39,8.8,1.45,1.31,11.02,0,0,QQQ,Hold QQQ,No action,,Hold QQQ after the Donchian exit while QQQ remains at or above EMA200.,0.0,2471.74,0.0,2471.74,1494.62,-8.8,-4.06
2011-03-14,49.21,1.32,23.1,45.43,8.32,1.45,1.31,3.94,0,0,QQQ,Hold QQQ,No action,,Hold QQQ after the Donchian exit while QQQ remains at or above EMA200.,0.0,2462.99,0.0,2462.99,1489.33,-9.12,-4.4
2011-03-15,48.51,1.28,26.79,45.46,6.71,1.45,1.31,-22.5,0,0,QQQ,Hold QQQ,No action,,Hold QQQ after the Donchian exit while QQQ remains at or above EMA200.,0.0,2427.98,0.0,2427.98,1468.16,-10.42,-5.76
2011-03-16,47.34,1.22,30.7,45.47,4.09,1.45,1.28,-37.19,0,0,QQQ,Hold QQQ,No action,,Hold QQQ after the Donchian exit while QQQ remains at or above EMA200.,0.0,2369.35,0.0,2369.35,1432.71,-12.58,-8.03
2011-03-17,47.77,1.24,28.41,45.5,5.0,1.45,1.22,9.3,0,0,QQQ,Hold QQQ,No action,,Hold QQQ after the Donchian exit while QQQ remains at or above EMA200.,0.0,2391.23,0.0,2391.23,1445.93,-11.77,-7.18
2011-03-18,47.66,1.24,26.6,45.52,4.71,1.45,1.22,7.13,0,0,QQQ,Hold QQQ,No action,,Hold QQQ after the Donchian exit while QQQ remains at or above EMA200.,0.0,2385.84,0.0,2385.84,1442.68,-11.97,-7.39
2011-03-21,48.58,1.28,23.82,45.55,6.66,1.44,1.22,27.85,0,0,QQQ,Hold QQQ,No action,,Hold QQQ after the Donchian exit while QQQ remains at or above EMA200.,0.0,2431.85,0.0,2431.85,1470.5,-10.27,-5.61
2011-03-22,48.5,1.28,22.35,45.58,6.4,1.41,1.22,30.92,0,0,QQQ,Hold QQQ,No action,,Hold QQQ after the Donchian exit while QQQ remains at or above EMA200.,0.0,2427.46,0.0,2427.46,1467.85,-10.44,-5.78
2011-03-23,48.77,1.29,21.96,45.61,6.92,1.41,1.22,37.53,0,0,QQQ,Hold QQQ,No action,,Hold QQQ after the Donchian exit while QQQ remains at or above EMA200.,0.0,2441.05,0.0,2441.05,1476.06,-9.93,-5.25
2011-03-24,49.63,1.34,20.59,45.65,8.73,1.41,1.22,62.79,0,0,QQQ,Hold QQQ,No action,,Hold QQQ after the Donchian exit while QQQ remains at or above EMA200.,0.0,2484.43,0.0,2484.43,1502.29,-8.33,-3.57
2011-03-25,49.76,1.35,20.78,45.69,8.9,1.41,1.22,64.52,0,0,QQQ,Hold QQQ,No action,,Hold QQQ after the Donchian exit while QQQ remains at or above EMA200.,0.0,2490.56,0.0,2490.56,1506.0,-8.11,-3.33
2011-03-28,49.49,1.33,22.23,45.73,8.21,1.41,1.22,56.25,0,0,QQQ,Hold QQQ,No action,,Hold QQQ after the Donchian exit while QQQ remains at or above EMA200.,0.0,2476.98,0.0,2476.98,1497.79,-8.61,-3.86
2011-03-29,49.97,1.36,21.34,45.77,9.17,1.41,1.22,69.71,0,0,QQQ,Hold QQQ,No action,,Hold QQQ after the Donchian exit while QQQ remains at or above EMA200.,0.0,2501.08,0.0,2501.08,1512.36,-7.72,-2.92
2011-03-30,50.2,1.37,20.38,45.82,9.58,1.41,1.22,76.55,0,0,QQQ,Hold QQQ,No action,,Hold QQQ after the Donchian exit while QQQ remains at or above EMA200.,0.0,2512.91,0.0,2512.91,1519.51,-7.28,-2.46
2011-03-31,50.27,1.37,19.74,45.86,9.62,1.41,1.22,78.68,0,0,QQQ,Hold QQQ,No action,,Hold QQQ after the Donchian exit while QQQ remains at or above EMA200.,0.0,2516.41,0.0,2516.41,1521.63,-7.15,-2.33
2011-04-01,50.3,1.37,19.41,45.9,9.58,1.4,1.22,86.14,0,0,QQQ,Hold QQQ,No action,,Hold QQQ after the Donchian exit while QQQ remains at or above EMA200.,0.0,2517.73,0.0,2517.73,1522.43,-7.1,-2.27
2011-04-04,50.13,1.37,20.05,45.95,9.11,1.37,1.22,94.64,0,0,QQQ,Hold QQQ,No action,,Hold QQQ after the Donchian exit while QQQ remains at or above EMA200.,0.0,2509.4,0.0,2509.4,1517.39,-7.41,-2.6
2011-04-05,50.0,1.36,19.46,45.99,8.73,1.37,1.22,89.18,0,0,QQQ,Hold QQQ,No action,,Hold QQQ after the Donchian exit while QQQ remains at or above EMA200.,0.0,2502.83,0.0,2502.83,1513.42,-7.65,-2.85
2011-04-06,50.12,1.36,19.32,46.03,8.9,1.37,1.22,93.45,0,0,QQQ,Hold QQQ,No action,,Hold QQQ after the Donchian exit while QQQ remains at or above EMA200.,0.0,2508.96,0.0,2508.96,1517.13,-7.43,-2.61
2011-04-07,50.09,1.36,19.34,46.07,8.73,1.37,1.22,93.05,0,0,QQQ,Hold QQQ,No action,,Hold QQQ after the Donchian exit while QQQ remains at or above EMA200.,0.0,2507.21,0.0,2507.21,1516.07,-7.49,-2.68
2011-04-08,49.85,1.35,19.76,46.11,8.13,1.37,1.22,84.41,0,0,QQQ,Hold QQQ,No action,,Hold QQQ after the Donchian exit while QQQ remains at or above EMA200.,0.0,2495.38,0.0,2495.38,1508.91,-7.93,-3.14
2011-04-11,49.69,1.34,19.09,46.14,7.68,1.37,1.22,78.55,0,0,QQQ,Hold QQQ,No action,,Hold QQQ after the Donchian exit while QQQ remains at or above EMA200.,0.0,2487.05,0.0,2487.05,1503.88,-8.24,-3.46
2011-04-12,49.35,1.32,19.39,46.17,6.87,1.37,1.22,66.93,0,0,QQQ,Hold QQQ,No action,,Hold QQQ after the Donchian exit while QQQ remains at or above EMA200.,0.0,2469.97,0.0,2469.97,1493.55,-8.87,-4.13
2011-04-13,49.77,1.35,18.5,46.21,7.7,1.37,1.22,81.13,0,0,QQQ,Hold QQQ,No action,,Hold QQQ after the Donchian exit while QQQ remains at or above EMA200.,0.0,2491.0,0.0,2491.0,1506.26,-8.09,-3.31
2011-04-14,49.68,1.34,17.7,46.24,7.43,1.37,1.24,74.69,0,0,QQQ,Hold QQQ,No action,,Hold QQQ after the Donchian exit while QQQ remains at or above EMA200.,0.0,2486.62,0.0,2486.62,1503.62,-8.25,-3.48
2011-04-15,49.59,1.34,17.48,46.28,7.16,1.37,1.24,71.59,0,0,QQQ,Hold QQQ,No action,,Hold QQQ after the Donchian exit while QQQ remains at or above EMA200.,0.0,2482.23,0.0,2482.23,1500.97,-8.41,-3.65
2011-04-18,49.24,1.32,18.47,46.31,6.34,1.37,1.28,37.79,0,0,QQQ,Hold QQQ,No action,,Hold QQQ after the Donchian exit while QQQ remains at or above EMA200.,0.0,2464.71,0.0,2464.71,1490.37,-9.06,-4.33
2011-04-19,49.55,1.33,16.23,46.34,6.92,1.37,1.28,55.54,0,0,QQQ,Hold QQQ,No action,,Hold QQQ after the Donchian exit while QQQ remains at or above EMA200.,0.0,2480.04,0.0,2480.04,1499.64,-8.5,-3.74
2011-04-20,50.67,1.39,16.49,46.38,9.24,1.37,1.29,121.89,0,1,QLD,Hold QLD,Buy QLD,toQLD,QLD closed above its prior 20-day high; the signal changed to 1 and the account moved fully into QLD.,0.0,0.0,2536.13,2536.13,1533.56,-6.43,-1.56
2011-04-21,51.07,1.41,15.85,46.43,10.0,1.39,1.32,129.12,1,1,QLD,Hold QLD,No action,,Hold QLD while the Donchian20 signal remains 1.,0.0,0.0,2576.45,2576.45,1545.74,-4.94,-0.78
2011-04-25,51.2,1.42,17.22,46.48,10.17,1.41,1.32,108.24,1,1,QLD,Hold QLD,No action,,Hold QLD while the Donchian20 signal remains 1.,0.0,0.0,2591.19,2591.19,1549.72,-4.39,-0.52
2011-04-26,51.49,1.44,17.78,46.53,10.67,1.42,1.32,114.08,1,1,QLD,Hold QLD,No action,,Hold QLD while the Donchian20 signal remains 1.,0.0,0.0,2618.44,2618.44,1558.46,-3.39,0.0
2011-04-27,51.84,1.46,17.03,46.58,11.3,1.44,1.32,116.62,1,1,QLD,Hold QLD,No action,,Hold QLD while the Donchian20 signal remains 1.,0.0,0.0,2655.15,2655.15,1569.06,-2.03,0.0
2011-04-28,51.76,1.45,16.2,46.63,11.0,1.46,1.32,97.41,1,1,QLD,Hold QLD,No action,,Hold QLD while the Donchian20 signal remains 1.,0.0,0.0,2648.48,2648.48,1566.67,-2.28,-0.15
2011-04-29,51.72,1.45,16.54,46.68,10.79,1.46,1.32,96.54,1,1,QLD,Hold QLD,No action,,Hold QLD while the Donchian20 signal remains 1.,0.0,0.0,2646.25,2646.25,1565.35,-2.36,-0.24
2011-05-02,51.62,1.45,18.13,46.73,10.47,1.46,1.32,92.12,1,1,QLD,Hold QLD,No action,,Hold QLD while the Donchian20 signal remains 1.,0.0,0.0,2634.85,2634.85,1562.44,-2.78,-0.42
2011-05-03,51.38,1.43,18.62,46.78,9.83,1.46,1.32,81.53,1,1,QLD,Hold QLD,No action,,Hold QLD while the Donchian20 signal remains 1.,0.0,0.0,2607.6,2607.6,1555.02,-3.79,-0.9
2011-05-04,51.3,1.43,18.59,46.82,9.56,1.46,1.32,79.37,1,1,QLD,Hold QLD,No action,,Hold QLD while the Donchian20 signal remains 1.,0.0,0.0,2602.04,2602.04,1552.63,-3.99,-1.05
2011-05-05,51.02,1.41,19.12,46.86,8.86,1.46,1.32,67.17,1,1,QLD,Hold QLD,No action,,Hold QLD while the Donchian20 signal remains 1.,0.0,0.0,2570.61,2570.61,1544.15,-5.15,-1.59
2011-05-06,51.18,1.42,19.26,46.91,9.12,1.46,1.32,74.95,1,1,QLD,Hold QLD,No action,,Hold QLD while the Donchian20 signal remains 1.,0.0,0.0,2590.63,2590.63,1549.19,-4.41,-1.27
2011-05-09,51.38,1.43,18.38,46.95,9.43,1.46,1.32,82.18,1,1,QLD,Hold QLD,No action,,Hold QLD while the Donchian20 signal remains 1.,0.0,0.0,2609.27,2609.27,1555.02,-3.73,-0.9
2011-05-10,51.81,1.46,17.1,47.0,10.25,1.46,1.32,98.81,1,1,QLD,Hold QLD,No action,,Hold QLD while the Donchian20 signal remains 1.,0.0,0.0,2652.09,2652.09,1568.26,-2.15,-0.05
2011-05-11,51.44,1.43,17.41,47.04,9.34,1.46,1.32,83.69,1,1,QLD,Hold QLD,No action,,Hold QLD while the Donchian20 signal remains 1.,0.0,0.0,2613.16,2613.16,1556.87,-3.58,-0.78
2011-05-12,51.74,1.45,16.99,47.09,9.88,1.46,1.32,95.14,1,1,QLD,Hold QLD,No action,,Hold QLD while the Donchian20 signal remains 1.,0.0,0.0,2642.64,2642.64,1566.14,-2.5,-0.19
2011-05-13,51.13,1.42,18.4,47.13,8.49,1.46,1.32,71.38,1,1,QLD,Hold QLD,No action,,Hold QLD while the Donchian20 signal remains 1.,0.0,0.0,2581.46,2581.46,1547.6,-4.75,-1.37
2011-05-16,50.25,1.37,19.5,47.16,6.54,1.46,1.32,36.5,1,1,QLD,Hold QLD,No action,,Hold QLD while the Donchian20 signal remains 1.,0.0,0.0,2491.64,2491.64,1520.84,-8.07,-3.07
2011-05-17,50.39,1.37,19.12,47.19,6.77,1.46,1.32,41.47,1,1,QLD,Hold QLD,No action,,Hold QLD while the Donchian20 signal remains 1.,0.0,0.0,2504.43,2504.43,1525.08,-7.6,-2.8
2011-05-18,50.81,1.4,17.65,47.23,7.58,1.46,1.33,53.12,1,1,QLD,Hold QLD,No action,,Hold QLD while the Donchian20 signal remains 1.,0.0,0.0,2548.64,2548.64,1537.79,-5.96,-1.99
2011-05-19,50.96,1.41,17.06,47.27,7.81,1.46,1.37,43.37,1,1,QLD,Hold QLD,No action,,Hold QLD while the Donchian20 signal remains 1.,0.0,0.0,2562.55,2562.55,1542.3,-5.45,-1.71
2011-05-20,50.57,1.39,18.16,47.3,6.92,1.46,1.37,19.56,1,1,QLD,Hold QLD,No action,,Hold QLD while the Donchian20 signal remains 1.,0.0,0.0,2523.62,2523.62,1530.64,-6.89,-2.45
2011-05-23,49.83,1.35,19.21,47.32,5.29,1.46,1.37,-24.49,1,0,QQQ,Hold QQQ,Reduce QLD to QQQ,QLD->QQQ_on_Donchian_exit,QLD closed below its prior 20-day low; the signal changed to 0 and the account reduced to QQQ.,0.0,2451.59,0.0,2451.59,1508.12,-9.54,-3.88
2011-05-24,49.52,1.33,19.4,47.35,4.59,1.46,1.35,-15.44,0,0,QQQ,Hold QQQ,No action,,Hold QQQ after the Donchian exit while QQQ remains at or above EMA200.,0.0,2436.52,0.0,2436.52,1498.85,-10.1,-4.47
2011-05-25,49.71,1.34,18.16,47.37,4.95,1.46,1.33,7.69,0,0,QQQ,Hold QQQ,No action,,Hold QQQ after the Donchian exit while QQQ remains at or above EMA200.,0.0,2445.99,0.0,2445.99,1504.67,-9.75,-4.1
2011-05-26,50.02,1.36,17.26,47.4,5.54,1.46,1.33,21.22,0,0,QQQ,Hold QQQ,No action,,Hold QQQ after the Donchian exit while QQQ remains at or above EMA200.,0.0,2461.07,0.0,2461.07,1513.95,-9.2,-3.51
2011-05-27,50.27,1.37,16.87,47.42,6.01,1.46,1.33,31.65,0,0,QQQ,Hold QQQ,No action,,Hold QQQ after the Donchian exit while QQQ remains at or above EMA200.,0.0,2473.56,0.0,2473.56,1521.63,-8.73,-3.02
2011-05-31,51.09,1.41,16.44,47.46,7.64,1.46,1.33,64.99,0,0,QQQ,Hold QQQ,No action,,Hold QQQ after the Donchian exit while QQQ remains at or above EMA200.,0.0,2513.61,0.0,2513.61,1546.27,-7.26,-1.45
2011-06-01,49.98,1.35,19.24,47.49,5.24,1.46,1.33,17.27,0,0,QQQ,Hold QQQ,No action,,Hold QQQ after the Donchian exit while QQQ remains at or above EMA200.,0.0,2458.92,0.0,2458.92,1512.62,-9.27,-3.6
2011-06-02,50.08,1.36,18.71,47.51,5.41,1.46,1.33,22.3,0,0,QQQ,Hold QQQ,No action,,Hold QQQ after the Donchian exit while QQQ remains at or above EMA200.,0.0,2464.08,0.0,2464.08,1515.8,-9.08,-3.39
2011-06-03,49.33,1.32,18.9,47.53,3.78,1.46,1.33,-9.35,0,0,QQQ,Hold QQQ,No action,,Hold QQQ after the Donchian exit while QQQ remains at or above EMA200.,0.0,2427.04,0.0,2427.04,1493.02,-10.45,-4.85
2011-06-06,48.93,1.29,19.58,47.54,2.91,1.46,1.32,-16.45,0,0,QQQ,Hold QQQ,No action,,Hold QQQ after the Donchian exit while QQQ remains at or above EMA200.,0.0,2407.23,0.0,2407.23,1480.83,-11.18,-5.62
2011-06-07,48.84,1.29,19.14,47.56,2.69,1.46,1.29,-2.26,0,0,QQQ,Hold QQQ,No action,,Hold QQQ after the Donchian exit while QQQ remains at or above EMA200.,0.0,2402.92,0.0,2402.92,1478.18,-11.34,-5.79
2011-06-08,48.49,1.27,19.97,47.57,1.94,1.46,1.29,-11.79,0,0,QQQ,Hold QQQ,No action,,Hold QQQ after the Donchian exit while QQQ remains at or above EMA200.,0.0,2385.69,0.0,2385.69,1467.58,-11.98,-6.47
2011-06-09,48.58,1.27,18.88,47.58,2.1,1.45,1.27,2.03,0,0,QQQ,Hold QQQ,No action,,Hold QQQ after the Donchian exit while QQQ remains at or above EMA200.,0.0,2390.0,0.0,2390.0,1470.23,-11.82,-6.3
2011-06-10,47.83,1.24,19.85,47.58,0.53,1.45,1.27,-18.81,0,0,QQQ,Hold QQQ,No action,,Hold QQQ after the Donchian exit while QQQ remains at or above EMA200.,0.0,2353.39,0.0,2353.39,1447.71,-13.17,-7.73
2011-06-13,47.83,1.23,20.22,47.58,0.53,1.42,1.24,-1.01,0,0,QQQ,Hold QQQ,No action,,Hold QQQ after the Donchian exit while QQQ remains at or above EMA200.,0.0,2353.39,0.0,2353.39,1447.71,-13.17,-7.73
2011-06-14,48.44,1.27,18.74,47.59,1.79,1.41,1.23,17.56,0,0,QQQ,Hold QQQ,No action,,Hold QQQ after the Donchian exit while QQQ remains at or above EMA200.,0.0,2383.54,0.0,2383.54,1466.26,-12.06,-6.55
2011-06-15,47.52,1.22,22.29,47.59,-0.14,1.41,1.23,-7.61,0,0,Cash,Hold Cash,Sell QQQ to Cash,QQQ->Cash_below_EMA200,QQQ closed below EMA200 while held; the account moved fully to Cash.,2338.32,0.0,0.0,2338.32,1438.44,-13.72,-8.32
2011-06-16,47.34,1.21,24.47,47.59,-0.52,1.41,1.22,-5.47,0,0,Cash,Hold Cash,No action,,Hold Cash until QLD creates a new Donchian20 breakout; QQQ moving above EMA200 alone is not a re-entry.,2338.32,0.0,0.0,2338.32,1432.87,-13.72,-8.68
2011-06-17,47.19,1.2,23.58,47.58,-0.82,1.41,1.21,-4.12,0,0,Cash,Hold Cash,No action,,Hold Cash until QLD creates a new Donchian20 breakout; QQQ moving above EMA200 alone is not a re-entry.,2338.32,0.0,0.0,2338.32,1428.39,-13.72,-8.97
2011-06-20,47.44,1.21,22.07,47.58,-0.3,1.41,1.2,5.64,0,0,Cash,Hold Cash,No action,,Hold Cash until QLD creates a new Donchian20 breakout; QQQ moving above EMA200 alone is not a re-entry.,2338.32,0.0,0.0,2338.32,1435.82,-13.72,-8.49
2011-06-21,48.46,1.27,20.36,47.59,1.82,1.41,1.2,30.45,0,0,Cash,Hold Cash,No action,,Hold Cash until QLD creates a new Donchian20 breakout; QQQ moving above EMA200 alone is not a re-entry.,2338.32,0.0,0.0,2338.32,1466.62,-13.72,-6.53
2011-06-22,48.1,1.25,20.2,47.6,1.07,1.41,1.2,22.33,0,0,Cash,Hold Cash,No action,,Hold Cash until QLD creates a new Donchian20 breakout; QQQ moving above EMA200 alone is not a re-entry.,2338.32,0.0,0.0,2338.32,1456.0,-13.72,-7.21
2011-06-23,48.55,1.27,20.76,47.6,1.99,1.41,1.2,33.46,0,0,Cash,Hold Cash,No action,,Hold Cash until QLD creates a new Donchian20 breakout; QQQ moving above EMA200 alone is not a re-entry.,2338.32,0.0,0.0,2338.32,1469.54,-13.72,-6.34
2011-06-24,47.71,1.23,22.58,47.61,0.22,1.41,1.2,12.15,0,0,Cash,Hold Cash,No action,,Hold Cash until QLD creates a new Donchian20 breakout; QQQ moving above EMA200 alone is not a re-entry.,2338.32,0.0,0.0,2338.32,1444.05,-13.72,-7.97
2011-06-27,48.47,1.27,21.96,47.61,1.8,1.41,1.2,31.26,0,0,Cash,Hold Cash,No action,,Hold Cash until QLD creates a new Donchian20 breakout; QQQ moving above EMA200 alone is not a re-entry.,2338.32,0.0,0.0,2338.32,1467.16,-13.72,-6.49
2011-06-28,49.19,1.3,20.71,47.63,3.28,1.41,1.2,48.83,0,0,Cash,Hold Cash,No action,,Hold Cash until QLD creates a new Donchian20 breakout; QQQ moving above EMA200 alone is not a re-entry.,2338.32,0.0,0.0,2338.32,1488.93,-13.72,-5.11
2011-06-29,49.39,1.32,18.84,47.65,3.67,1.36,1.2,73.47,0,0,Cash,Hold Cash,No action,,Hold Cash until QLD creates a new Donchian20 breakout; QQQ moving above EMA200 alone is not a re-entry.,2338.32,0.0,0.0,2338.32,1495.04,-13.72,-4.72
2011-06-30,50.05,1.35,17.86,47.67,5.0,1.36,1.2,95.45,0,0,Cash,Hold Cash,No action,,Hold Cash until QLD creates a new Donchian20 breakout; QQQ moving above EMA200 alone is not a re-entry.,2338.32,0.0,0.0,2338.32,1514.95,-13.72,-3.45
2011-07-01,50.81,1.39,17.37,47.7,6.51,1.35,1.2,128.11,0,1,QLD,Hold QLD,Buy QLD,toQLD,QLD closed above its prior 20-day high; the signal changed to 1 and the account moved fully into QLD.,0.0,0.0,2338.32,2338.32,1537.79,-13.72,-1.99
2011-07-05,51.06,1.4,17.76,47.74,6.97,1.39,1.2,106.96,1,1,QLD,Hold QLD,No action,,Hold QLD while the Donchian20 signal remains 1.,0.0,0.0,2360.38,2360.38,1545.49,-12.91,-1.5
2011-07-06,51.23,1.41,17.85,47.77,7.24,1.4,1.2,104.01,1,1,QLD,Hold QLD,No action,,Hold QLD while the Donchian20 signal remains 1.,0.0,0.0,2373.98,2373.98,1550.54,-12.41,-1.18
2011-07-07,51.93,1.45,17.71,47.81,8.61,1.41,1.2,119.43,1,1,QLD,Hold QLD,No action,,Hold QLD while the Donchian20 signal remains 1.,0.0,0.0,2442.48,2442.48,1571.78,-9.88,0.0
2011-07-08,51.79,1.44,17.45,47.85,8.23,1.45,1.2,96.4,1,1,QLD,Hold QLD,No action,,Hold QLD while the Donchian20 signal remains 1.,0.0,0.0,2427.34,2427.34,1567.53,-10.44,-0.27
2011-07-11,50.85,1.39,20.22,47.88,6.2,1.45,1.2,76.17,1,1,QLD,Hold QLD,No action,,Hold QLD while the Donchian20 signal remains 1.,0.0,0.0,2342.16,2342.16,1539.12,-13.58,-2.08
2011-07-12,50.46,1.37,21.93,47.91,5.34,1.45,1.2,66.91,1,1,QLD,Hold QLD,No action,,Hold QLD while the Donchian20 signal remains 1.,0.0,0.0,2303.17,2303.17,1527.43,-15.02,-2.82
2011-07-13,50.68,1.38,21.82,47.93,5.72,1.45,1.2,71.66,1,1,QLD,Hold QLD,No action,,Hold QLD while the Donchian20 signal remains 1.,0.0,0.0,2323.18,2323.18,1533.81,-14.28,-2.42
2011-07-14,50.09,1.35,21.87,47.96,4.44,1.45,1.2,58.99,1,1,QLD,Hold QLD,No action,,Hold QLD while the Donchian20 signal remains 1.,0.0,0.0,2269.81,2269.81,1516.02,-16.25,-3.55
2011-07-15,50.75,1.39,20.95,47.98,5.77,1.45,1.2,73.19,1,1,QLD,Hold QLD,No action,,Hold QLD while the Donchian20 signal remains 1.,0.0,0.0,2329.59,2329.59,1536.2,-14.05,-2.26
2011-07-18,50.48,1.37,22.48,48.01,5.15,1.45,1.2,67.46,1,1,QLD,Hold QLD,No action,,Hold QLD while the Donchian20 signal remains 1.,0.0,0.0,2305.48,2305.48,1527.97,-14.94,-2.79
2011-07-19,51.63,1.43,20.46,48.05,7.47,1.45,1.21,92.14,1,1,QLD,Hold QLD,No action,,Hold QLD while the Donchian20 signal remains 1.,0.0,0.0,2410.92,2410.92,1562.75,-11.05,-0.57
2011-07-20,51.41,1.42,21.06,48.08,6.93,1.45,1.23,85.69,1,1,QLD,Hold QLD,No action,,Hold QLD while the Donchian20 signal remains 1.,0.0,0.0,2388.34,2388.34,1556.11,-11.88,-1.0
2011-07-21,51.75,1.44,19.71,48.12,7.56,1.45,1.23,94.92,1,1,QLD,Hold QLD,No action,,Hold QLD while the Donchian20 signal remains 1.,0.0,0.0,2423.24,2423.24,1566.47,-10.59,-0.34
2011-07-22,52.29,1.47,19.17,48.16,8.58,1.45,1.23,107.66,1,1,QLD,Hold QLD,No action,,Hold QLD while the Donchian20 signal remains 1.,0.0,0.0,2471.47,2471.47,1582.67,-8.81,0.0
2011-07-25,52.18,1.47,20.95,48.2,8.27,1.47,1.23,97.92,1,1,QLD,Hold QLD,No action,,Hold QLD while the Donchian20 signal remains 1.,0.0,0.0,2463.01,2463.01,1579.48,-9.12,-0.2
2011-07-26,52.32,1.47,21.58,48.24,8.45,1.47,1.27,100.08,1,1,QLD,Hold QLD,No action,,Hold QLD while the Donchian20 signal remains 1.,0.0,0.0,2471.73,2471.73,1583.47,-8.8,0.0
2011-07-27,50.97,1.4,24.7,48.26,5.59,1.47,1.3,55.24,1,1,QLD,Hold QLD,No action,,Hold QLD while the Donchian20 signal remains 1.,0.0,0.0,2346.78,2346.78,1542.57,-13.41,-2.58
2011-07-28,51.05,1.4,25.12,48.29,5.72,1.47,1.32,54.79,1,1,QLD,Hold QLD,No action,,Hold QLD while the Donchian20 signal remains 1.,0.0,0.0,2354.22,2354.22,1545.23,-13.14,-2.41
2011-07-29,50.89,1.39,26.08,48.32,5.31,1.47,1.35,33.88,1,1,QLD,Hold QLD,No action,,Hold QLD while the Donchian20 signal remains 1.,0.0,0.0,2337.55,2337.55,1540.18,-13.75,-2.73
2011-08-01,50.65,1.38,24.26,48.34,4.77,1.47,1.35,25.16,1,1,QLD,Hold QLD,No action,,Hold QLD while the Donchian20 signal remains 1.,0.0,0.0,2320.61,2320.61,1533.01,-14.38,-3.19
2011-08-02,49.37,1.31,25.69,48.35,2.1,1.47,1.35,-34.18,1,0,QQQ,Hold QQQ,Reduce QLD to QQQ,QLD->QQQ_on_Donchian_exit,QLD closed below its prior 20-day low; the signal changed to 0 and the account reduced to QQQ.,0.0,2200.8,0.0,2200.8,1494.24,-18.8,-5.63
2011-08-03,49.84,1.33,24.73,48.37,3.05,1.47,1.31,14.39,0,0,QQQ,Hold QQQ,No action,,Hold QQQ after the Donchian exit while QQQ remains at or above EMA200.,0.0,2221.92,0.0,2221.92,1508.58,-18.02,-4.73
2011-08-04,47.53,1.21,31.68,48.36,-1.72,1.47,1.31,-61.36,0,0,Cash,Hold Cash,Sell QQQ to Cash,QQQ->Cash_below_EMA200,QQQ closed below EMA200 while held; the account moved fully to Cash.,2118.66,0.0,0.0,2118.66,1438.48,-21.83,-9.16
2011-08-05,47.23,1.19,33.77,48.35,-2.32,1.47,1.21,-6.28,0,0,Cash,Hold Cash,No action,,Hold Cash until QLD creates a new Donchian20 breakout; QQQ moving above EMA200 alone is not a re-entry.,2118.66,0.0,0.0,2118.66,1429.45,-21.83,-9.73
2011-08-08,44.38,1.05,44.74,48.31,-8.12,1.47,1.19,-50.58,0,0,Cash,Hold Cash,No action,,Hold Cash until QLD creates a new Donchian20 breakout; QQQ moving above EMA200 alone is not a re-entry.,2118.66,0.0,0.0,2118.66,1343.41,-21.83,-15.16
2011-08-09,46.53,1.15,34.63,48.29,-3.65,1.47,1.05,23.43,0,0,Cash,Hold Cash,No action,,Hold Cash until QLD creates a new Donchian20 breakout; QQQ moving above EMA200 alone is not a re-entry.,2118.66,0.0,0.0,2118.66,1408.2,-21.83,-11.07
2011-08-10,44.62,1.06,41.76,48.25,-7.53,1.47,1.05,0.77,0,0,Cash,Hold Cash,No action,,Hold Cash until QLD creates a new Donchian20 breakout; QQQ moving above EMA200 alone is not a re-entry.,2118.66,0.0,0.0,2118.66,1350.58,-21.83,-14.71
2011-08-11,46.59,1.15,37.85,48.24,-3.42,1.47,1.05,23.1,0,0,Cash,Hold Cash,No action,,Hold Cash until QLD creates a new Donchian20 breakout; QQQ moving above EMA200 alone is not a re-entry.,2118.66,0.0,0.0,2118.66,1410.06,-21.83,-10.95
2011-08-12,47.0,1.17,35.22,48.22,-2.54,1.47,1.05,27.72,0,0,Cash,Hold Cash,No action,,Hold Cash until QLD creates a new Donchian20 breakout; QQQ moving above EMA200 alone is not a re-entry.,2118.66,0.0,0.0,2118.66,1422.54,-21.83,-10.16
2011-08-15,47.69,1.2,30.44,48.22,-1.09,1.47,1.05,35.97,0,0,Cash,Hold Cash,No action,,Hold Cash until QLD creates a new Donchian20 breakout; QQQ moving above EMA200 alone is not a re-entry.,2118.66,0.0,0.0,2118.66,1443.52,-21.83,-8.84
2011-08-16,47.29,1.18,31.55,48.21,-1.91,1.47,1.05,31.1,0,0,Cash,Hold Cash,No action,,Hold Cash until QLD creates a new Donchian20 breakout; QQQ moving above EMA200 alone is not a re-entry.,2118.66,0.0,0.0,2118.66,1431.31,-21.83,-9.61
2011-08-17,47.01,1.17,31.17,48.2,-2.47,1.47,1.05,27.98,0,0,Cash,Hold Cash,No action,,Hold Cash until QLD creates a new Donchian20 breakout; QQQ moving above EMA200 alone is not a re-entry.,2118.66,0.0,0.0,2118.66,1422.81,-21.83,-10.15
2011-08-18,44.7,1.06,41.61,48.16,-7.19,1.47,1.05,0.59,0,0,Cash,Hold Cash,No action,,Hold Cash until QLD creates a new Donchian20 breakout; QQQ moving above EMA200 alone is not a re-entry.,2118.66,0.0,0.0,2118.66,1352.97,-21.83,-14.56
2011-08-19,43.89,1.02,43.47,48.12,-8.78,1.47,1.05,-8.69,0,0,Cash,Hold Cash,No action,,Hold Cash until QLD creates a new Donchian20 breakout; QQQ moving above EMA200 alone is not a re-entry.,2118.66,0.0,0.0,2118.66,1328.54,-21.83,-16.1
2011-08-22,44.05,1.02,42.03,48.08,-8.38,1.47,1.02,1.45,0,0,Cash,Hold Cash,No action,,Hold Cash until QLD creates a new Donchian20 breakout; QQQ moving above EMA200 alone is not a re-entry.,2118.66,0.0,0.0,2118.66,1333.32,-21.83,-15.8
2011-08-23,45.87,1.11,35.45,48.06,-4.56,1.47,1.02,19.87,0,0,Cash,Hold Cash,No action,,Hold Cash until QLD creates a new Donchian20 breakout; QQQ moving above EMA200 alone is not a re-entry.,2118.66,0.0,0.0,2118.66,1388.29,-21.83,-12.33
2011-08-24,46.23,1.13,35.65,48.04,-3.77,1.4,1.02,27.97,0,0,Cash,Hold Cash,No action,,Hold Cash until QLD creates a new Donchian20 breakout; QQQ moving above EMA200 alone is not a re-entry.,2118.66,0.0,0.0,2118.66,1399.17,-21.83,-11.64
2011-08-25,45.47,1.09,39.43,48.01,-5.29,1.4,1.02,18.72,0,0,Cash,Hold Cash,No action,,Hold Cash until QLD creates a new Donchian20 breakout; QQQ moving above EMA200 alone is not a re-entry.,2118.66,0.0,0.0,2118.66,1376.34,-21.83,-13.08
2011-08-26,46.61,1.14,34.49,48.0,-2.89,1.39,1.02,33.47,0,0,Cash,Hold Cash,No action,,Hold Cash until QLD creates a new Donchian20 breakout; QQQ moving above EMA200 alone is not a re-entry.,2118.66,0.0,0.0,2118.66,1410.86,-21.83,-10.9
2011-08-29,47.91,1.21,32.11,48.0,-0.18,1.38,1.02,52.63,0,0,Cash,Hold Cash,No action,,Hold Cash until QLD creates a new Donchian20 breakout; QQQ moving above EMA200 alone is not a re-entry.,2118.66,0.0,0.0,2118.66,1450.16,-21.83,-8.42
2011-08-30,48.23,1.22,32.02,48.0,0.47,1.33,1.02,65.29,0,0,Cash,Hold Cash,No action,,Hold Cash until QLD creates a new Donchian20 breakout; QQQ moving above EMA200 alone is not a re-entry.,2118.66,0.0,0.0,2118.66,1459.72,-21.83,-7.81
2011-08-31,48.31,1.23,31.37,48.0,0.63,1.33,1.02,67.09,0,0,Cash,Hold Cash,No action,,Hold Cash until QLD creates a new Donchian20 breakout; QQQ moving above EMA200 alone is not a re-entry.,2118.66,0.0,0.0,2118.66,1462.11,-21.83,-7.66
2011-09-01,47.87,1.2,31.36,48.0,-0.28,1.23,1.02,88.57,0,0,Cash,Hold Cash,No action,,Hold Cash until QLD creates a new Donchian20 breakout; QQQ moving above EMA200 alone is not a re-entry.,2118.66,0.0,0.0,2118.66,1448.83,-21.83,-8.5
2011-09-02,46.75,1.15,33.0,47.99,-2.6,1.23,1.02,61.87,0,0,Cash,Hold Cash,No action,,Hold Cash until QLD creates a new Donchian20 breakout; QQQ moving above EMA200 alone is not a re-entry.,2118.66,0.0,0.0,2118.66,1414.84,-21.83,-10.65
2011-09-06,46.75,1.15,35.86,47.98,-2.55,1.23,1.02,62.08,0,0,Cash,Hold Cash,No action,,Hold Cash until QLD creates a new Donchian20 breakout; QQQ moving above EMA200 alone is not a re-entry.,2118.66,0.0,0.0,2118.66,1415.11,-21.83,-10.63
2011-09-07,47.94,1.21,33.12,47.98,-0.08,1.23,1.02,89.44,0,0,Cash,Hold Cash,No action,,Hold Cash until QLD creates a new Donchian20 breakout; QQQ moving above EMA200 alone is not a re-entry.,2118.66,0.0,0.0,2118.66,1450.96,-21.83,-8.37
2011-09-08,47.72,1.2,33.65,47.98,-0.54,1.23,1.02,84.15,0,0,Cash,Hold Cash,No action,,Hold Cash until QLD creates a new Donchian20 breakout; QQQ moving above EMA200 alone is not a re-entry.,2118.66,0.0,0.0,2118.66,1444.32,-21.83,-8.79
2011-09-09,46.66,1.14,37.99,47.96,-2.72,1.23,1.02,58.97,0,0,Cash,Hold Cash,No action,,Hold Cash until QLD creates a new Donchian20 breakout; QQQ moving above EMA200 alone is not a re-entry.,2118.66,0.0,0.0,2118.66,1412.19,-21.83,-10.82
2011-09-12,47.25,1.17,37.97,47.96,-1.46,1.23,1.02,73.37,0,0,Cash,Hold Cash,No action,,Hold Cash until QLD creates a new Donchian20 breakout; QQQ moving above EMA200 alone is not a re-entry.,2118.66,0.0,0.0,2118.66,1430.24,-21.83,-9.68
2011-09-13,47.89,1.2,36.0,47.95,-0.14,1.23,1.02,87.63,0,0,Cash,Hold Cash,No action,,Hold Cash until QLD creates a new Donchian20 breakout; QQQ moving above EMA200 alone is not a re-entry.,2118.66,0.0,0.0,2118.66,1449.36,-21.83,-8.47
2011-09-14,48.57,1.24,33.36,47.96,1.27,1.23,1.02,103.98,0,1,QLD,Hold QLD,Buy QLD,toQLD,QLD closed above its prior 20-day high; the signal changed to 1 and the account moved fully into QLD.,0.0,0.0,2118.66,2118.66,1470.08,-21.83,-7.16
2011-09-15,49.29,1.27,30.67,47.97,2.74,1.24,1.02,116.7,1,1,QLD,Hold QLD,No action,,Hold QLD while the Donchian20 signal remains 1.,0.0,0.0,2181.39,2181.39,1491.85,-19.51,-5.79
2011-09-16,49.74,1.3,29.36,47.99,3.65,1.27,1.02,108.47,1,1,QLD,Hold QLD,No action,,Hold QLD while the Donchian20 signal remains 1.,0.0,0.0,2218.5,2218.5,1505.53,-18.15,-4.92
2011-09-19,49.76,1.3,31.42,48.01,3.64,1.3,1.02,101.04,1,1,QLD,Hold QLD,No action,,Hold QLD while the Donchian20 signal remains 1.,0.0,0.0,2223.46,2223.46,1506.06,-17.96,-4.89
2011-09-20,49.54,1.29,31.3,48.02,3.15,1.3,1.02,95.93,1,1,QLD,Hold QLD,No action,,Hold QLD while the Donchian20 signal remains 1.,0.0,0.0,2204.38,2204.38,1499.41,-18.67,-5.31
2011-09-21,48.68,1.24,34.68,48.03,1.35,1.3,1.09,72.97,1,1,QLD,Hold QLD,No action,,Hold QLD while the Donchian20 signal remains 1.,0.0,0.0,2126.77,2126.77,1473.33,-21.53,-6.96
2011-09-22,47.1,1.16,40.25,48.02,-1.93,1.3,1.09,34.55,1,1,QLD,Hold QLD,No action,,Hold QLD while the Donchian20 signal remains 1.,0.0,0.0,1989.3,1989.3,1425.45,-26.6,-9.98
2011-09-23,47.6,1.19,39.88,48.02,-0.88,1.3,1.09,46.02,1,1,QLD,Hold QLD,No action,,Hold QLD while the Donchian20 signal remains 1.,0.0,0.0,2030.33,2030.33,1440.61,-25.09,-9.02
2011-09-26,48.15,1.21,39.24,48.02,0.27,1.3,1.14,45.16,1,1,QLD,Hold QLD,No action,,Hold QLD while the Donchian20 signal remains 1.,0.0,0.0,2076.85,2076.85,1457.37,-23.37,-7.96
2011-09-27,48.65,1.24,37.65,48.03,1.3,1.3,1.14,61.39,1,1,QLD,Hold QLD,No action,,Hold QLD while the Donchian20 signal remains 1.,0.0,0.0,2120.23,2120.23,1472.54,-21.77,-7.01
2011-09-28,47.93,1.2,40.76,48.02,-0.2,1.3,1.14,37.93,1,1,QLD,Hold QLD,No action,,Hold QLD while the Donchian20 signal remains 1.,0.0,0.0,2057.51,2057.51,1450.72,-24.09,-8.38
2011-09-29,47.36,1.17,41.16,48.02,-1.37,1.3,1.14,20.14,1,1,QLD,Hold QLD,No action,,Hold QLD while the Donchian20 signal remains 1.,0.0,0.0,2009.95,2009.95,1433.43,-25.84,-9.48
2011-09-30,46.14,1.11,44.98,48.0,-3.88,1.3,1.14,-18.57,1,0,Cash,Hold Cash,Reduce QLD to QQQ; Sell QQQ to Cash,QLD->QQQ_on_Donchian_exit; QQQ->Cash_below_EMA200,"QLD exited its channel and QQQ was below EMA200, so the account passed through QQQ and finished in Cash.",1906.46,0.0,0.0,1906.46,1396.45,-29.66,-11.81
2011-10-03,44.95,1.06,46.61,47.97,-6.29,1.3,1.11,-31.41,0,0,Cash,Hold Cash,No action,,Hold Cash until QLD creates a new Donchian20 breakout; QQQ moving above EMA200 alone is not a re-entry.,1906.46,0.0,0.0,1906.46,1360.53,-29.66,-14.08
2011-10-04,45.87,1.1,42.47,47.95,-4.33,1.3,1.06,17.75,0,0,Cash,Hold Cash,No action,,Hold Cash until QLD creates a new Donchian20 breakout; QQQ moving above EMA200 alone is not a re-entry.,1906.46,0.0,0.0,1906.46,1388.47,-29.66,-12.31
2011-10-05,47.05,1.15,39.12,47.94,-1.85,1.3,1.06,40.97,0,0,Cash,Hold Cash,No action,,Hold Cash until QLD creates a new Donchian20 breakout; QQQ moving above EMA200 alone is not a re-entry.,1906.46,0.0,0.0,1906.46,1424.12,-29.66,-10.06
2011-10-06,47.84,1.19,37.32,47.94,-0.2,1.3,1.06,56.65,0,0,Cash,Hold Cash,No action,,Hold Cash until QLD creates a new Donchian20 breakout; QQQ moving above EMA200 alone is not a re-entry.,1906.46,0.0,0.0,1906.46,1448.06,-29.66,-8.55
2011-10-07,47.53,1.18,37.08,47.93,-0.85,1.3,1.06,50.5,0,0,Cash,Hold Cash,No action,,Hold Cash until QLD creates a new Donchian20 breakout; QQQ moving above EMA200 alone is not a re-entry.,1906.46,0.0,0.0,1906.46,1438.48,-29.66,-9.16
2011-10-10,49.17,1.26,34.48,47.95,2.55,1.3,1.06,83.63,0,0,Cash,Hold Cash,No action,,Hold Cash until QLD creates a new Donchian20 breakout; QQQ moving above EMA200 alone is not a re-entry.,1906.46,0.0,0.0,1906.46,1488.23,-29.66,-6.01
2011-10-11,49.5,1.27,34.1,47.96,3.22,1.3,1.06,90.15,0,0,Cash,Hold Cash,No action,,Hold Cash until QLD creates a new Donchian20 breakout; QQQ moving above EMA200 alone is not a re-entry.,1906.46,0.0,0.0,1906.46,1498.34,-29.66,-5.38
2011-10-12,49.75,1.29,32.34,47.98,3.69,1.3,1.06,96.17,0,0,Cash,Hold Cash,No action,,Hold Cash until QLD creates a new Donchian20 breakout; QQQ moving above EMA200 alone is not a re-entry.,1906.46,0.0,0.0,1906.46,1505.79,-29.66,-4.91
2011-10-13,50.21,1.31,30.3,48.0,4.59,1.3,1.06,106.09,0,1,QLD,Hold QLD,Buy QLD,toQLD,QLD closed above its prior 20-day high; the signal changed to 1 and the account moved fully into QLD.,0.0,0.0,1906.46,1906.46,1519.63,-29.66,-4.03
2011-10-14,51.14,1.36,28.69,48.03,6.47,1.31,1.06,118.33,1,1,QLD,Hold QLD,No action,,Hold QLD while the Donchian20 signal remains 1.,0.0,0.0,1975.14,1975.14,1547.83,-27.12,-2.25
2011-10-17,50.35,1.32,32.92,48.06,4.77,1.36,1.06,87.01,1,1,QLD,Hold QLD,No action,,Hold QLD while the Donchian20 signal remains 1.,0.0,0.0,1917.54,1917.54,1523.88,-29.25,-3.76
2011-10-18,50.97,1.35,30.48,48.08,6.0,1.36,1.06,97.1,1,1,QLD,Hold QLD,No action,,Hold QLD while the Donchian20 signal remains 1.,0.0,0.0,1962.29,1962.29,1542.77,-27.6,-2.57
2011-10-19,49.99,1.3,33.84,48.1,3.92,1.36,1.06,80.06,1,1,QLD,Hold QLD,No action,,Hold QLD while the Donchian20 signal remains 1.,0.0,0.0,1886.74,1886.74,1512.97,-30.39,-4.45
2011-10-20,49.74,1.29,34.78,48.12,3.37,1.36,1.06,76.26,1,1,QLD,Hold QLD,No action,,Hold QLD while the Donchian20 signal remains 1.,0.0,0.0,1869.9,1869.9,1505.53,-31.01,-4.92
2011-10-21,50.37,1.32,31.42,48.14,4.62,1.36,1.06,86.46,1,1,QLD,Hold QLD,No action,,Hold QLD while the Donchian20 signal remains 1.,0.0,0.0,1915.1,1915.1,1524.41,-29.34,-3.73
2011-10-24,51.41,1.37,28.45,48.17,6.72,1.36,1.06,104.3,1,1,QLD,Hold QLD,No action,,Hold QLD while the Donchian20 signal remains 1.,0.0,0.0,1994.19,1994.19,1556.07,-26.42,-1.73
2011-10-25,50.4,1.32,31.54,48.2,4.57,1.37,1.06,83.33,1,1,QLD,Hold QLD,No action,,Hold QLD while the Donchian20 signal remains 1.,0.0,0.0,1917.09,1917.09,1525.48,-29.27,-3.66
2011-10-26,50.34,1.32,30.47,48.22,4.4,1.37,1.06,82.13,1,1,QLD,Hold QLD,No action,,Hold QLD while the Donchian20 signal remains 1.,0.0,0.0,1911.55,1911.55,1523.62,-29.47,-3.78
2011-10-27,51.73,1.39,26.28,48.25,7.2,1.37,1.06,105.17,1,1,QLD,Hold QLD,No action,,Hold QLD while the Donchian20 signal remains 1.,0.0,0.0,2018.12,2018.12,1565.65,-25.54,-1.13
2011-10-28,51.81,1.39,25.0,48.29,7.29,1.39,1.06,100.87,1,1,QLD,Hold QLD,No action,,Hold QLD while the Donchian20 signal remains 1.,0.0,0.0,2022.33,2022.33,1568.05,-25.38,-0.97
2011-10-31,50.94,1.35,28.82,48.31,5.43,1.39,1.06,86.4,1,1,QLD,Hold QLD,No action,,Hold QLD while the Donchian20 signal remains 1.,0.0,0.0,1955.64,1955.64,1541.71,-27.84,-2.64
2011-11-01,49.61,1.28,33.49,48.33,2.65,1.39,1.1,60.33,1,1,QLD,Hold QLD,No action,,Hold QLD while the Donchian20 signal remains 1.,0.0,0.0,1852.62,1852.62,1501.54,-31.64,-5.17
2011-11-02,50.03,1.3,32.03,48.34,3.49,1.39,1.15,59.58,1,1,QLD,Hold QLD,No action,,Hold QLD while the Donchian20 signal remains 1.,0.0,0.0,1882.53,1882.53,1514.31,-30.54,-4.37
2011-11-03,51.07,1.35,29.3,48.37,5.57,1.39,1.18,80.55,1,1,QLD,Hold QLD,No action,,Hold QLD while the Donchian20 signal remains 1.,0.0,0.0,1961.63,1961.63,1545.7,-27.62,-2.39
2011-11-04,50.8,1.34,29.35,48.4,4.98,1.39,1.18,74.31,1,1,QLD,Hold QLD,No action,,Hold QLD while the Donchian20 signal remains 1.,0.0,0.0,1942.13,1942.13,1537.72,-28.34,-2.89
2011-11-07,51.17,1.36,28.83,48.42,5.66,1.39,1.26,72.64,1,1,QLD,Hold QLD,No action,,Hold QLD while the Donchian20 signal remains 1.,0.0,0.0,1968.94,1968.94,1548.62,-27.35,-2.2
2011-11-08,51.75,1.39,27.31,48.46,6.8,1.39,1.27,95.24,1,1,QLD,Hold QLD,No action,,Hold QLD while the Donchian20 signal remains 1.,0.0,0.0,2014.13,2014.13,1566.45,-25.69,-1.07
2011-11-09,49.93,1.29,34.61,48.47,3.02,1.39,1.28,13.19,1,1,QLD,Hold QLD,No action,,Hold QLD while the Donchian20 signal remains 1.,0.0,0.0,1875.0,1875.0,1511.38,-30.82,-4.55
2011-11-10,49.91,1.29,32.67,48.49,2.93,1.39,1.28,10.18,1,1,QLD,Hold QLD,No action,,Hold QLD while the Donchian20 signal remains 1.,0.0,0.0,1869.9,1869.9,1510.58,-31.01,-4.6
2011-11-11,50.85,1.34,29.35,48.51,4.82,1.39,1.28,51.31,1,1,QLD,Hold QLD,No action,,Hold QLD while the Donchian20 signal remains 1.,0.0,0.0,1939.69,1939.69,1539.05,-28.43,-2.81
2011-11-14,50.53,1.32,30.73,48.53,4.13,1.39,1.28,38.25,1,1,QLD,Hold QLD,No action,,Hold QLD while the Donchian20 signal remains 1.,0.0,0.0,1917.54,1917.54,1529.47,-29.25,-3.41
2011-11-15,51.09,1.35,30.04,48.55,5.23,1.39,1.28,62.79,1,1,QLD,Hold QLD,No action,,Hold QLD while the Donchian20 signal remains 1.,0.0,0.0,1959.19,1959.19,1546.5,-27.71,-2.33
2011-11-16,50.25,1.3,31.94,48.57,3.46,1.39,1.28,23.63,1,1,QLD,Hold QLD,No action,,Hold QLD while the Donchian20 signal remains 1.,0.0,0.0,1892.72,1892.72,1520.96,-30.17,-3.95
2011-11-17,49.07,1.25,34.34,48.58,1.02,1.39,1.28,-25.72,1,0,QQQ,Hold QQQ,Reduce QLD to QQQ,QLD->QQQ_on_Donchian_exit,QLD closed below its prior 20-day low; the signal changed to 0 and the account reduced to QQQ.,0.0,1808.98,0.0,1808.98,1485.31,-33.26,-6.2
2011-11-18,48.7,1.23,31.83,48.58,0.24,1.39,1.25,-14.43,0,0,QQQ,Hold QQQ,No action,,Hold QQQ after the Donchian exit while QQQ remains at or above EMA200.,0.0,1795.04,0.0,1795.04,1473.87,-33.77,-6.92
2011-11-21,47.76,1.18,32.93,48.57,-1.66,1.39,1.23,-27.59,0,0,Cash,Hold Cash,Sell QQQ to Cash,QQQ->Cash_below_EMA200,QQQ closed below EMA200 while held; the account moved fully to Cash.,1760.7,0.0,0.0,1760.7,1445.67,-35.04,-8.7
2011-11-22,47.92,1.18,31.07,48.56,-1.32,1.39,1.18,2.77,0,0,Cash,Hold Cash,No action,,Hold Cash until QLD creates a new Donchian20 breakout; QQQ moving above EMA200 alone is not a re-entry.,1760.7,0.0,0.0,1760.7,1450.46,-35.04,-8.4
2011-11-23,46.84,1.13,33.07,48.55,-3.51,1.39,1.18,-22.19,0,0,Cash,Hold Cash,No action,,Hold Cash until QLD creates a new Donchian20 breakout; QQQ moving above EMA200 alone is not a re-entry.,1760.7,0.0,0.0,1760.7,1417.73,-35.04,-10.47
2011-11-25,46.48,1.11,33.04,48.53,-4.22,1.39,1.13,-6.23,0,0,Cash,Hold Cash,No action,,Hold Cash until QLD creates a new Donchian20 breakout; QQQ moving above EMA200 alone is not a re-entry.,1760.7,0.0,0.0,1760.7,1406.82,-35.04,-11.16
2011-11-28,48.1,1.19,31.56,48.52,-0.87,1.39,1.11,27.51,0,0,Cash,Hold Cash,No action,,Hold Cash until QLD creates a new Donchian20 breakout; QQQ moving above EMA200 alone is not a re-entry.,1760.7,0.0,0.0,1760.7,1455.78,-35.04,-8.06
2011-11-29,47.8,1.18,31.06,48.51,-1.48,1.39,1.11,22.87,0,0,Cash,Hold Cash,No action,,Hold Cash until QLD creates a new Donchian20 breakout; QQQ moving above EMA200 alone is not a re-entry.,1760.7,0.0,0.0,1760.7,1446.73,-35.04,-8.64
2011-11-30,49.57,1.26,27.77,48.52,2.14,1.39,1.11,54.7,0,0,Cash,Hold Cash,No action,,Hold Cash until QLD creates a new Donchian20 breakout; QQQ moving above EMA200 alone is not a re-entry.,1760.7,0.0,0.0,1760.7,1500.21,-35.04,-5.26
2011-12-01,49.91,1.28,27.2,48.54,2.82,1.39,1.11,61.19,0,0,Cash,Hold Cash,No action,,Hold Cash until QLD creates a new Donchian20 breakout; QQQ moving above EMA200 alone is not a re-entry.,1760.7,0.0,0.0,1760.7,1510.58,-35.04,-4.6
2011-12-02,49.77,1.27,27.69,48.55,2.51,1.39,1.11,57.77,0,0,Cash,Hold Cash,No action,,Hold Cash until QLD creates a new Donchian20 breakout; QQQ moving above EMA200 alone is not a re-entry.,1760.7,0.0,0.0,1760.7,1506.32,-35.04,-4.87
2011-12-05,50.31,1.3,27.89,48.57,3.59,1.39,1.11,68.51,0,0,Cash,Hold Cash,No action,,Hold Cash until QLD creates a new Donchian20 breakout; QQQ moving above EMA200 alone is not a re-entry.,1760.7,0.0,0.0,1760.7,1522.82,-35.04,-3.83
2011-12-06,50.17,1.3,27.94,48.58,3.27,1.39,1.11,66.22,0,0,Cash,Hold Cash,No action,,Hold Cash until QLD creates a new Donchian20 breakout; QQQ moving above EMA200 alone is not a re-entry.,1760.7,0.0,0.0,1760.7,1518.56,-35.04,-4.1
2011-12-07,50.17,1.3,28.45,48.6,3.23,1.39,1.11,66.67,0,0,Cash,Hold Cash,No action,,Hold Cash until QLD creates a new Donchian20 breakout; QQQ moving above EMA200 alone is not a re-entry.,1760.7,0.0,0.0,1760.7,1518.56,-35.04,-4.1
2011-12-08,49.33,1.25,30.0,48.61,1.48,1.35,1.11,58.51,0,0,Cash,Hold Cash,No action,,Hold Cash until QLD creates a new Donchian20 breakout; QQQ moving above EMA200 alone is not a re-entry.,1760.7,0.0,0.0,1760.7,1493.02,-35.04,-5.71
2011-12-09,50.12,1.29,25.99,48.62,3.08,1.35,1.11,75.32,0,0,Cash,Hold Cash,No action,,Hold Cash until QLD creates a new Donchian20 breakout; QQQ moving above EMA200 alone is not a re-entry.,1760.7,0.0,0.0,1760.7,1516.97,-35.04,-4.2
2011-12-12,49.56,1.26,24.56,48.63,1.9,1.35,1.11,63.31,0,0,Cash,Hold Cash,No action,,Hold Cash until QLD creates a new Donchian20 breakout; QQQ moving above EMA200 alone is not a re-entry.,1760.7,0.0,0.0,1760.7,1499.94,-35.04,-5.27
2011-12-13,49.01,1.23,25.29,48.64,0.77,1.35,1.11,50.91,0,0,Cash,Hold Cash,No action,,Hold Cash until QLD creates a new Donchian20 breakout; QQQ moving above EMA200 alone is not a re-entry.,1760.7,0.0,0.0,1760.7,1483.44,-35.04,-6.32
2011-12-14,48.25,1.2,26.08,48.63,-0.79,1.35,1.11,35.13,0,0,Cash,Hold Cash,No action,,Hold Cash until QLD creates a new Donchian20 breakout; QQQ moving above EMA200 alone is not a re-entry.,1760.7,0.0,0.0,1760.7,1460.3,-35.04,-7.78
2011-12-15,48.12,1.19,24.79,48.63,-1.05,1.3,1.11,39.6,0,0,Cash,Hold Cash,No action,,Hold Cash until QLD creates a new Donchian20 breakout; QQQ moving above EMA200 alone is not a re-entry.,1760.7,0.0,0.0,1760.7,1456.31,-35.04,-8.03
2011-12-16,48.36,1.2,23.48,48.62,-0.54,1.3,1.11,45.88,0,0,Cash,Hold Cash,No action,,Hold Cash until QLD creates a new Donchian20 breakout; QQQ moving above EMA200 alone is not a re-entry.,1760.7,0.0,0.0,1760.7,1463.81,-35.04,-7.56
2011-12-19,47.89,1.18,24.15,48.62,-1.5,1.3,1.11,34.45,0,0,Cash,Hold Cash,No action,,Hold Cash until QLD creates a new Donchian20 breakout; QQQ moving above EMA200 alone is not a re-entry.,1760.7,0.0,0.0,1760.7,1449.4,-35.04,-8.47
2011-12-20,49.31,1.25,22.5,48.62,1.4,1.3,1.11,71.18,0,0,Cash,Hold Cash,No action,,Hold Cash until QLD creates a new Donchian20 breakout; QQQ moving above EMA200 alone is not a re-entry.,1760.7,0.0,0.0,1760.7,1492.36,-35.04,-5.75
2011-12-21,48.6,1.21,22.29,48.62,-0.05,1.3,1.11,51.67,0,0,Cash,Hold Cash,No action,,Hold Cash until QLD creates a new Donchian20 breakout; QQQ moving above EMA200 alone is not a re-entry.,1760.7,0.0,0.0,1760.7,1471.01,-35.04,-7.1
2011-12-22,49.02,1.23,21.89,48.63,0.8,1.3,1.11,62.78,0,0,Cash,Hold Cash,No action,,Hold Cash until QLD creates a new Donchian20 breakout; QQQ moving above EMA200 alone is not a re-entry.,1760.7,0.0,0.0,1760.7,1483.55,-35.04,-6.31
2011-12-23,49.44,1.25,21.37,48.64,1.65,1.3,1.11,74.37,0,0,Cash,Hold Cash,No action,,Hold Cash until QLD creates a new Donchian20 breakout; QQQ moving above EMA200 alone is not a re-entry.,1760.7,0.0,0.0,1760.7,1496.36,-35.04,-5.5
2011-12-27,49.62,1.26,22.49,48.64,2.01,1.3,1.18,67.4,0,0,Cash,Hold Cash,No action,,Hold Cash until QLD creates a new Donchian20 breakout; QQQ moving above EMA200 alone is not a re-entry.,1760.7,0.0,0.0,1760.7,1501.94,-35.04,-5.15
2011-12-28,49.05,1.23,23.54,48.65,0.82,1.3,1.18,45.83,0,0,Cash,Hold Cash,No action,,Hold Cash until QLD creates a new Donchian20 breakout; QQQ moving above EMA200 alone is not a re-entry.,1760.7,0.0,0.0,1760.7,1484.58,-35.04,-6.24
2011-12-29,49.4,1.25,23.07,48.66,1.53,1.3,1.18,57.28,0,0,Cash,Hold Cash,No action,,Hold Cash until QLD creates a new Donchian20 breakout; QQQ moving above EMA200 alone is not a re-entry.,1760.7,0.0,0.0,1760.7,1495.26,-35.04,-5.57
2011-12-30,49.26,1.24,23.13,48.66,1.23,1.3,1.18,52.43,0,0,Cash,Hold Cash,No action,,Hold Cash until QLD creates a new Donchian20 breakout; QQQ moving above EMA200 alone is not a re-entry.,1760.7,0.0,0.0,1760.7,1490.99,-35.04,-5.84
2012-01-03,50.21,1.29,23.02,48.68,3.14,1.3,1.18,89.41,0,0,Cash,Hold Cash,No action,,Hold Cash until QLD creates a new Donchian20 breakout; QQQ moving above EMA200 alone is not a re-entry.,1760.7,0.0,0.0,1760.7,1519.57,-35.04,-4.04
2012-01-04,50.42,1.3,21.98,48.7,3.54,1.3,1.18,98.51,0,0,Cash,Hold Cash,No action,,Hold Cash until QLD creates a new Donchian20 breakout; QQQ moving above EMA200 alone is not a re-entry.,1760.7,0.0,0.0,1760.7,1525.98,-35.04,-3.63
2012-01-05,50.83,1.32,21.4,48.72,4.34,1.3,1.18,118.33,0,1,QLD,Hold QLD,Buy QLD,toQLD,QLD closed above its prior 20-day high; the signal changed to 1 and the account moved fully into QLD.,0.0,0.0,1760.7,1760.7,1538.53,-35.04,-2.84
2012-01-06,51.01,1.33,20.52,48.74,4.66,1.32,1.18,105.88,1,1,QLD,Hold QLD,No action,,Hold QLD while the Donchian20 signal remains 1.,0.0,0.0,1771.88,1771.88,1543.87,-34.62,-2.5
2012-01-09,50.84,1.32,21.22,48.76,4.27,1.33,1.18,94.95,1,1,QLD,Hold QLD,No action,,Hold QLD while the Donchian20 signal remains 1.,0.0,0.0,1761.72,1761.72,1538.79,-35.0,-2.82
2012-01-10,51.21,1.34,20.93,48.78,4.97,1.33,1.18,107.57,1,1,QLD,Hold QLD,No action,,Hold QLD while the Donchian20 signal remains 1.,0.0,0.0,1787.13,1787.13,1550.01,-34.06,-2.11
2012-01-11,51.32,1.35,21.18,48.81,5.14,1.34,1.18,103.75,1,1,QLD,Hold QLD,No action,,Hold QLD while the Donchian20 signal remains 1.,0.0,0.0,1795.26,1795.26,1553.22,-33.76,-1.91
2012-01-12,51.52,1.36,20.79,48.84,5.49,1.35,1.18,106.51,1,1,QLD,Hold QLD,No action,,Hold QLD while the Donchian20 signal remains 1.,0.0,0.0,1809.9,1809.9,1559.36,-33.22,-1.52
2012-01-13,51.33,1.35,21.38,48.86,5.06,1.36,1.18,94.65,1,1,QLD,Hold QLD,No action,,Hold QLD while the Donchian20 signal remains 1.,0.0,0.0,1797.09,1797.09,1553.75,-33.69,-1.88
2012-01-17,51.8,1.37,22.21,48.89,5.95,1.36,1.18,106.96,1,1,QLD,Hold QLD,No action,,Hold QLD while the Donchian20 signal remains 1.,0.0,0.0,1826.56,1826.56,1567.9,-32.61,-0.98
2012-01-18,52.49,1.41,21.29,48.93,7.28,1.37,1.18,119.05,1,1,QLD,Hold QLD,No action,,Hold QLD while the Donchian20 signal remains 1.,0.0,0.0,1875.35,1875.35,1588.73,-30.81,0.0
2012-01-19,52.82,1.43,20.27,48.97,7.87,1.41,1.18,108.13,1,1,QLD,Hold QLD,No action,,Hold QLD while the Donchian20 signal remains 1.,0.0,0.0,1900.16,1900.16,1598.62,-29.89,0.0
2012-01-20,52.74,1.42,18.97,49.0,7.62,1.43,1.21,98.23,1,1,QLD,Hold QLD,No action,,Hold QLD while the Donchian20 signal remains 1.,0.0,0.0,1895.07,1895.07,1596.21,-30.08,-0.15
2012-01-23,52.75,1.42,19.42,49.04,7.58,1.43,1.21,98.37,1,1,QLD,Hold QLD,No action,,Hold QLD while the Donchian20 signal remains 1.,0.0,0.0,1895.48,1895.48,1596.75,-30.06,-0.12
2012-01-24,52.66,1.42,19.74,49.08,7.3,1.43,1.23,95.61,1,1,QLD,Hold QLD,No action,,Hold QLD while the Donchian20 signal remains 1.,0.0,0.0,1888.77,1888.77,1593.81,-30.31,-0.3
2012-01-25,53.32,1.45,19.36,49.12,8.55,1.43,1.23,113.8,1,1,QLD,Hold QLD,No action,,Hold QLD while the Donchian20 signal remains 1.,0.0,0.0,1935.53,1935.53,1613.84,-28.59,0.0
2012-01-26,53.13,1.44,19.56,49.16,8.09,1.45,1.23,95.19,1,1,QLD,Hold QLD,No action,,Hold QLD while the Donchian20 signal remains 1.,0.0,0.0,1921.5,1921.5,1608.23,-29.1,-0.35
2012-01-27,53.29,1.45,19.31,49.2,8.32,1.45,1.23,99.86,1,1,QLD,Hold QLD,No action,,Hold QLD while the Donchian20 signal remains 1.,0.0,0.0,1935.12,1935.12,1613.04,-28.6,-0.05
2012-01-30,53.34,1.45,19.75,49.24,8.32,1.45,1.24,100.65,1,1,QLD,Hold QLD,No action,,Hold QLD while the Donchian20 signal remains 1.,0.0,0.0,1937.36,1937.36,1614.37,-28.52,0.0
2012-01-31,53.41,1.46,19.89,49.28,8.37,1.45,1.24,101.66,1,1,QLD,Hold QLD,No action,,Hold QLD while the Donchian20 signal remains 1.,0.0,0.0,1942.03,1942.03,1616.51,-28.35,0.0
2012-02-01,53.84,1.48,19.04,49.33,9.15,1.46,1.29,113.51,1,1,QLD,Hold QLD,No action,,Hold QLD while the Donchian20 signal remains 1.,0.0,0.0,1972.53,1972.53,1629.59,-27.22,0.0
2012-02-02,54.01,1.49,18.89,49.37,9.39,1.48,1.3,105.64,1,1,QLD,Hold QLD,No action,,Hold QLD while the Donchian20 signal remains 1.,0.0,0.0,1986.15,1986.15,1634.67,-26.72,0.0
2012-02-03,54.75,1.53,18.21,49.43,10.77,1.49,1.32,123.99,1,1,QLD,Hold QLD,No action,,Hold QLD while the Donchian20 signal remains 1.,0.0,0.0,2040.22,2040.22,1657.1,-24.72,0.0
2012-02-06,54.7,1.53,18.65,49.48,10.56,1.53,1.32,99.34,1,1,QLD,Hold QLD,No action,,Hold QLD while the Donchian20 signal remains 1.,0.0,0.0,2038.39,2038.39,1655.77,-24.79,-0.08
2012-02-07,54.82,1.54,18.75,49.53,10.67,1.53,1.32,102.19,1,1,QLD,Hold QLD,No action,,Hold QLD while the Donchian20 signal remains 1.,0.0,0.0,2046.32,2046.32,1659.24,-24.5,0.0
2012-02-08,55.11,1.55,18.99,49.59,11.14,1.54,1.34,107.29,1,1,QLD,Hold QLD,No action,,Hold QLD while the Donchian20 signal remains 1.,0.0,0.0,2065.23,2065.23,1668.05,-23.8,0.0
2012-02-09,55.51,1.57,18.9,49.65,11.8,1.55,1.35,111.75,1,1,QLD,Hold QLD,No action,,Hold QLD while the Donchian20 signal remains 1.,0.0,0.0,2096.94,2096.94,1680.07,-22.63,0.0
2012-02-10,55.12,1.55,20.94,49.7,10.9,1.57,1.35,90.17,1,1,QLD,Hold QLD,No action,,Hold QLD while the Donchian20 signal remains 1.,0.0,0.0,2067.46,2067.46,1668.32,-23.72,-0.7
2012-02-13,55.63,1.58,19.6,49.76,11.8,1.57,1.35,102.3,1,1,QLD,Hold QLD,No action,,Hold QLD while the Donchian20 signal remains 1.,0.0,0.0,2103.85,2103.85,1683.81,-22.38,0.0
2012-02-14,55.77,1.59,20.18,49.82,11.95,1.58,1.37,104.18,1,1,QLD,Hold QLD,No action,,Hold QLD while the Donchian20 signal remains 1.,0.0,0.0,2115.44,2115.44,1688.08,-21.95,0.0
2012-02-15,55.38,1.57,22.35,49.88,11.04,1.59,1.41,87.3,1,1,QLD,Hold QLD,No action,,Hold QLD while the Donchian20 signal remains 1.,0.0,0.0,2084.95,2084.95,1676.33,-23.07,-0.7
2012-02-16,56.14,1.61,20.89,49.94,12.42,1.59,1.42,112.47,1,1,QLD,Hold QLD,No action,,Hold QLD while the Donchian20 signal remains 1.,0.0,0.0,2143.7,2143.7,1699.3,-20.91,0.0
2012-02-17,55.97,1.6,19.76,50.0,11.94,1.61,1.42,94.82,1,1,QLD,Hold QLD,No action,,Hold QLD while the Donchian20 signal remains 1.,0.0,0.0,2130.48,2130.48,1693.96,-21.39,-0.31
2012-02-21,56.13,1.61,19.92,50.06,12.12,1.61,1.42,98.96,1,1,QLD,Hold QLD,No action,,Hold QLD while the Donchian20 signal remains 1.,0.0,0.0,2141.05,2141.05,1698.76,-21.0,-0.03
2012-02-22,55.87,1.59,19.72,50.12,11.48,1.61,1.42,91.79,1,1,QLD,Hold QLD,No action,,Hold QLD while the Donchian20 signal remains 1.,0.0,0.0,2122.76,2122.76,1691.02,-21.68,-0.49
2012-02-23,56.24,1.62,18.41,50.18,12.08,1.61,1.44,103.39,1,1,QLD,Hold QLD,No action,,Hold QLD while the Donchian20 signal remains 1.,0.0,0.0,2151.22,2151.22,1702.23,-20.63,0.0
2012-02-24,56.43,1.63,18.27,50.24,12.33,1.62,1.44,106.19,1,1,QLD,Hold QLD,No action,,Hold QLD while the Donchian20 signal remains 1.,0.0,0.0,2165.45,2165.45,1708.11,-20.1,0.0
2012-02-27,56.51,1.63,19.42,50.3,12.35,1.63,1.45,102.3,1,1,QLD,Hold QLD,No action,,Hold QLD while the Donchian20 signal remains 1.,0.0,0.0,2170.74,2170.74,1710.51,-19.91,0.0
2012-02-28,57.09,1.66,19.55,50.37,13.34,1.63,1.45,118.82,1,1,QLD,Hold QLD,No action,,Hold QLD while the Donchian20 signal remains 1.,0.0,0.0,2214.65,2214.65,1727.87,-18.29,0.0
2012-02-29,56.83,1.65,19.83,50.43,12.68,1.66,1.46,93.36,1,1,QLD,Hold QLD,No action,,Hold QLD while the Donchian20 signal remains 1.,0.0,0.0,2196.55,2196.55,1720.13,-18.96,-0.45
2012-03-01,57.28,1.67,18.68,50.5,13.42,1.66,1.48,105.88,1,1,QLD,Hold QLD,No action,,Hold QLD while the Donchian20 signal remains 1.,0.0,0.0,2228.88,2228.88,1733.75,-17.76,0.0
2012-03-02,57.24,1.67,18.23,50.57,13.18,1.67,1.49,98.99,1,1,QLD,Hold QLD,No action,,Hold QLD while the Donchian20 signal remains 1.,0.0,0.0,2226.44,2226.44,1732.41,-17.85,-0.08
2012-03-05,56.65,1.64,19.57,50.63,11.88,1.67,1.53,75.24,1,1,QLD,Hold QLD,No action,,Hold QLD while the Donchian20 signal remains 1.,0.0,0.0,2181.71,2181.71,1714.52,-19.5,-1.11
2012-03-06,56.09,1.61,21.42,50.68,10.67,1.67,1.53,52.29,1,1,QLD,Hold QLD,No action,,Hold QLD while the Donchian20 signal remains 1.,0.0,0.0,2138.0,2138.0,1697.69,-21.12,-2.08
2012-03-07,56.52,1.63,20.42,50.74,11.39,1.67,1.54,67.48,1,1,QLD,Hold QLD,No action,,Hold QLD while the Donchian20 signal remains 1.,0.0,0.0,2169.52,2169.52,1710.78,-19.95,-1.32
2012-03-08,57.13,1.66,19.05,50.81,12.45,1.67,1.55,92.92,1,1,QLD,Hold QLD,No action,,Hold QLD while the Donchian20 signal remains 1.,0.0,0.0,2217.29,2217.29,1729.21,-18.19,-0.26
2012-03-09,57.37,1.68,18.11,50.87,12.77,1.67,1.55,104.41,1,1,QLD,Hold QLD,No action,,Hold QLD while the Donchian20 signal remains 1.,0.0,0.0,2235.99,2235.99,1736.42,-17.5,0.0
2012-03-12,57.4,1.68,16.71,50.94,12.68,1.68,1.55,101.09,1,1,QLD,Hold QLD,No action,,Hold QLD while the Donchian20 signal remains 1.,0.0,0.0,2237.82,2237.82,1737.22,-17.43,0.0
2012-03-13,58.46,1.74,16.44,51.01,14.61,1.68,1.57,153.72,1,1,QLD,Hold QLD,No action,,Hold QLD while the Donchian20 signal remains 1.,0.0,0.0,2319.95,2319.95,1769.53,-14.4,0.0
2012-03-14,58.67,1.76,17.59,51.09,14.84,1.74,1.57,107.7,1,1,QLD,Hold QLD,No action,,Hold QLD while the Donchian20 signal remains 1.,0.0,0.0,2338.04,2338.04,1775.68,-13.73,0.0
2012-03-15,58.83,1.76,17.25,51.16,14.99,1.76,1.57,104.34,1,1,QLD,Hold QLD,No action,,Hold QLD while the Donchian20 signal remains 1.,0.0,0.0,2349.02,2349.02,1780.75,-13.33,0.0
2012-03-16,58.79,1.76,16.47,51.24,14.74,1.76,1.59,98.29,1,1,QLD,Hold QLD,No action,,Hold QLD while the Donchian20 signal remains 1.,0.0,0.0,2345.16,2345.16,1779.49,-13.47,-0.07
2012-03-19,59.21,1.79,16.55,51.32,15.37,1.76,1.59,114.55,1,1,QLD,Hold QLD,No action,,Hold QLD while the Donchian20 signal remains 1.,0.0,0.0,2381.95,2381.95,1792.07,-12.11,0.0
2012-03-20,59.31,1.79,16.35,51.4,15.4,1.79,1.59,102.67,1,1,QLD,Hold QLD,No action,,Hold QLD while the Donchian20 signal remains 1.,0.0,0.0,2388.87,2388.87,1795.28,-11.86,0.0
2012-03-21,59.32,1.79,16.23,51.48,15.24,1.79,1.59,100.46,1,1,QLD,Hold QLD,No action,,Hold QLD while the Donchian20 signal remains 1.,0.0,0.0,2390.08,2390.08,1795.54,-11.81,0.0
2012-03-22,59.2,1.79,16.83,51.55,14.83,1.79,1.61,95.57,1,1,QLD,Hold QLD,No action,,Hold QLD while the Donchian20 signal remains 1.,0.0,0.0,2378.91,2378.91,1791.8,-12.23,-0.21
2012-03-23,59.16,1.79,16.57,51.63,14.59,1.79,1.61,95.32,1,1,QLD,Hold QLD,No action,,Hold QLD while the Donchian20 signal remains 1.,0.0,0.0,2378.29,2378.29,1790.73,-12.25,-0.27
2012-03-26,60.2,1.85,15.92,51.72,16.4,1.79,1.61,127.66,1,1,QLD,Hold QLD,No action,,Hold QLD while the Donchian20 signal remains 1.,0.0,0.0,2459.81,2459.81,1822.03,-9.24,0.0
2012-03-27,60.29,1.85,17.02,51.8,16.38,1.85,1.61,101.9,1,1,QLD,Hold QLD,No action,,Hold QLD while the Donchian20 signal remains 1.,0.0,0.0,2465.91,2465.91,1824.7,-9.02,0.0
2012-03-28,60.05,1.84,17.28,51.88,15.74,1.85,1.61,94.05,1,1,QLD,Hold QLD,No action,,Hold QLD while the Donchian20 signal remains 1.,0.0,0.0,2446.4,2446.4,1817.48,-9.74,-0.4
2012-03-29,59.82,1.82,17.27,51.96,15.12,1.85,1.61,89.21,1,1,QLD,Hold QLD,No action,,Hold QLD while the Donchian20 signal remains 1.,0.0,0.0,2430.54,2430.54,1810.52,-10.32,-0.78
2012-03-30,59.7,1.82,17.19,52.04,14.73,1.85,1.61,85.43,1,1,QLD,Hold QLD,No action,,Hold QLD while the Donchian20 signal remains 1.,0.0,0.0,2418.14,2418.14,1807.05,-10.78,-0.97
2012-04-02,60.32,1.85,16.7,52.12,15.73,1.85,1.61,100.5,1,1,QLD,Hold QLD,No action,,Hold QLD while the Donchian20 signal remains 1.,0.0,0.0,2467.54,2467.54,1825.77,-8.96,0.0
2012-04-03,60.3,1.85,16.82,52.2,15.52,1.85,1.61,100.12,1,1,QLD,Hold QLD,No action,,Hold QLD while the Donchian20 signal remains 1.,0.0,0.0,2467.95,2467.95,1825.24,-8.94,-0.03
2012-04-04,59.48,1.8,17.95,52.28,13.79,1.85,1.63,77.59,1,1,QLD,Hold QLD,No action,,Hold QLD while the Donchian20 signal remains 1.,0.0,0.0,2401.06,2401.06,1800.36,-11.41,-1.39
2012-04-05,59.85,1.82,17.96,52.35,14.33,1.85,1.66,84.35,1,1,QLD,Hold QLD,No action,,Hold QLD while the Donchian20 signal remains 1.,0.0,0.0,2428.71,2428.71,1811.59,-10.39,-0.78
2012-04-09,59.4,1.8,20.18,52.42,13.32,1.85,1.68,67.92,1,1,QLD,Hold QLD,No action,,Hold QLD while the Donchian20 signal remains 1.,0.0,0.0,2393.54,2393.54,1797.95,-11.69,-1.52
2012-04-10,58.45,1.74,21.59,52.48,11.37,1.85,1.68,33.3,1,1,QLD,Hold QLD,No action,,Hold QLD while the Donchian20 signal remains 1.,0.0,0.0,2314.46,2314.46,1769.06,-14.6,-3.11
2012-04-11,58.73,1.76,21.3,52.54,11.78,1.85,1.74,15.89,1,1,QLD,Hold QLD,No action,,Hold QLD while the Donchian20 signal remains 1.,0.0,0.0,2338.86,2338.86,1777.62,-13.7,-2.64
2012-04-12,59.4,1.79,19.34,52.61,12.91,1.85,1.74,49.4,1,1,QLD,Hold QLD,No action,,Hold QLD while the Donchian20 signal remains 1.,0.0,0.0,2390.29,2390.29,1797.95,-11.81,-1.52
2012-04-13,58.5,1.74,21.44,52.67,11.07,1.85,1.74,3.18,1,1,QLD,Hold QLD,No action,,Hold QLD while the Donchian20 signal remains 1.,0.0,0.0,2319.34,2319.34,1770.66,-14.42,-3.02
2012-04-16,57.85,1.7,22.57,52.72,9.72,1.85,1.74,-29.01,1,0,QQQ,Hold QQQ,Reduce QLD to QQQ,QLD->QQQ_on_Donchian_exit,QLD closed below its prior 20-day low; the signal changed to 0 and the account reduced to QQQ.,0.0,2269.94,0.0,2269.94,1750.87,-16.25,-4.1
2012-04-17,59.02,1.77,20.63,52.78,11.82,1.85,1.7,44.97,0,0,QQQ,Hold QQQ,No action,,Hold QQQ after the Donchian exit while QQQ remains at or above EMA200.,0.0,2316.07,0.0,2316.07,1786.45,-14.55,-2.15
2012-04-18,58.87,1.76,21.26,52.84,11.41,1.85,1.7,38.3,0,0,QQQ,Hold QQQ,No action,,Hold QQQ after the Donchian exit while QQQ remains at or above EMA200.,0.0,2310.17,0.0,2310.17,1781.9,-14.76,-2.4
2012-04-19,58.21,1.72,20.99,52.9,10.04,1.85,1.7,13.86,0,0,QQQ,Hold QQQ,No action,,Hold QQQ after the Donchian exit while QQQ remains at or above EMA200.,0.0,2284.16,0.0,2284.16,1761.84,-15.72,-3.5
2012-04-20,58.05,1.71,20.17,52.95,9.63,1.85,1.7,5.95,0,0,QQQ,Hold QQQ,No action,,Hold QQQ after the Donchian exit while QQQ remains at or above EMA200.,0.0,2277.92,0.0,2277.92,1757.02,-15.95,-3.77
2012-04-23,57.52,1.68,21.31,52.99,8.54,1.85,1.7,-13.76,0,0,QQQ,Hold QQQ,No action,,Hold QQQ after the Donchian exit while QQQ remains at or above EMA200.,0.0,2257.11,0.0,2257.11,1740.97,-16.72,-4.64
2012-04-24,57.21,1.66,21.03,53.04,7.87,1.85,1.68,-11.91,0,0,QQQ,Hold QQQ,No action,,Hold QQQ after the Donchian exit while QQQ remains at or above EMA200.,0.0,2244.97,0.0,2244.97,1731.61,-17.17,-5.16
2012-04-25,58.73,1.75,18.47,53.09,10.62,1.85,1.66,46.69,0,0,QQQ,Hold QQQ,No action,,Hold QQQ after the Donchian exit while QQQ remains at or above EMA200.,0.0,2304.62,0.0,2304.62,1777.62,-14.97,-2.64
2012-04-26,59.08,1.77,17.83,53.15,11.14,1.85,1.66,57.74,0,0,QQQ,Hold QQQ,No action,,Hold QQQ after the Donchian exit while QQQ remains at or above EMA200.,0.0,2318.15,0.0,2318.15,1788.05,-14.47,-2.07
2012-04-27,59.43,1.79,17.52,53.22,11.68,1.85,1.66,68.87,0,0,QQQ,Hold QQQ,No action,,Hold QQQ after the Donchian exit while QQQ remains at or above EMA200.,0.0,2332.02,0.0,2332.02,1798.75,-13.96,-1.48
2012-04-30,59.0,1.77,18.77,53.27,10.76,1.85,1.66,55.56,0,0,QQQ,Hold QQQ,No action,,Hold QQQ after the Donchian exit while QQQ remains at or above EMA200.,0.0,2315.38,0.0,2315.38,1785.91,-14.57,-2.18
2012-05-01,59.1,1.77,18.66,53.33,10.82,1.85,1.66,58.31,0,0,QQQ,Hold QQQ,No action,,Hold QQQ after the Donchian exit while QQQ remains at or above EMA200.,0.0,2319.19,0.0,2319.19,1788.86,-14.43,-2.02
2012-05-02,59.27,1.78,18.41,53.39,11.01,1.85,1.66,62.66,0,0,QQQ,Hold QQQ,No action,,Hold QQQ after the Donchian exit while QQQ remains at or above EMA200.,0.0,2325.78,0.0,2325.78,1793.94,-14.19,-1.74
2012-05-03,58.64,1.75,19.19,53.44,9.73,1.82,1.66,51.0,0,0,QQQ,Hold QQQ,No action,,Hold QQQ after the Donchian exit while QQQ remains at or above EMA200.,0.0,2301.15,0.0,2301.15,1774.94,-15.1,-2.78
2012-05-04,57.18,1.66,21.1,53.48,6.93,1.82,1.66,-3.15,0,0,QQQ,Hold QQQ,No action,,Hold QQQ after the Donchian exit while QQQ remains at or above EMA200.,0.0,2243.93,0.0,2243.93,1730.81,-17.21,-5.2
2012-05-07,57.24,1.66,21.06,53.52,6.95,1.8,1.66,1.65,0,0,QQQ,Hold QQQ,No action,,Hold QQQ after the Donchian exit while QQQ remains at or above EMA200.,0.0,2246.01,0.0,2246.01,1732.41,-17.13,-5.11
2012-05-08,57.03,1.65,21.28,53.55,6.49,1.79,1.66,-7.52,0,0,QQQ,Hold QQQ,No action,,Hold QQQ after the Donchian exit while QQQ remains at or above EMA200.,0.0,2237.69,0.0,2237.69,1725.99,-17.44,-5.47
2012-05-09,56.85,1.64,21.98,53.58,6.09,1.79,1.65,-3.76,0,0,QQQ,Hold QQQ,No action,,Hold QQQ after the Donchian exit while QQQ remains at or above EMA200.,0.0,2230.75,0.0,2230.75,1720.64,-17.69,-5.76
2012-05-10,56.73,1.63,21.33,53.62,5.81,1.79,1.64,-8.05,0,0,QQQ,Hold QQQ,No action,,Hold QQQ after the Donchian exit while QQQ remains at or above EMA200.,0.0,2226.24,0.0,2226.24,1717.16,-17.86,-5.95
2012-05-11,56.72,1.63,21.79,53.65,5.74,1.79,1.63,0.56,0,0,QQQ,Hold QQQ,No action,,Hold QQQ after the Donchian exit while QQQ remains at or above EMA200.,0.0,2225.89,0.0,2225.89,1716.89,-17.87,-5.96
2012-05-14,56.19,1.6,23.48,53.67,4.7,1.79,1.63,-17.76,0,0,QQQ,Hold QQQ,No action,,Hold QQQ after the Donchian exit while QQQ remains at or above EMA200.,0.0,2205.09,0.0,2205.09,1700.84,-18.64,-6.84
2012-05-15,56.01,1.59,23.59,53.7,4.31,1.79,1.6,-6.03,0,0,QQQ,Hold QQQ,No action,,Hold QQQ after the Donchian exit while QQQ remains at or above EMA200.,0.0,2197.8,0.0,2197.8,1695.23,-18.91,-7.15
2012-05-16,55.63,1.57,24.17,53.71,3.56,1.79,1.59,-10.63,0,0,QQQ,Hold QQQ,No action,,Hold QQQ after the Donchian exit while QQQ remains at or above EMA200.,0.0,2182.89,0.0,2182.89,1683.72,-19.46,-7.78
2012-05-17,54.45,1.5,26.5,53.72,1.36,1.79,1.57,-29.36,0,0,QQQ,Hold QQQ,No action,,Hold QQQ after the Donchian exit while QQQ remains at or above EMA200.,0.0,2136.76,0.0,2136.76,1648.14,-21.16,-9.73
2012-05-18,53.75,1.46,27.55,53.72,0.04,1.79,1.5,-12.97,0,0,QQQ,Hold QQQ,No action,,Hold QQQ after the Donchian exit while QQQ remains at or above EMA200.,0.0,2109.02,0.0,2109.02,1626.74,-22.18,-10.9
2012-05-21,55.25,1.54,24.3,53.74,2.81,1.79,1.46,23.89,0,0,QQQ,Hold QQQ,No action,,Hold QQQ after the Donchian exit while QQQ remains at or above EMA200.,0.0,2167.98,0.0,2167.98,1672.22,-20.01,-8.41
2012-05-22,55.19,1.54,24.52,53.75,2.67,1.79,1.46,23.06,0,0,QQQ,Hold QQQ,No action,,Hold QQQ after the Donchian exit while QQQ remains at or above EMA200.,0.0,2165.55,0.0,2165.55,1670.35,-20.1,-8.51
2012-05-23,55.29,1.55,24.07,53.77,2.84,1.79,1.46,25.65,0,0,QQQ,Hold QQQ,No action,,Hold QQQ after the Donchian exit while QQQ remains at or above EMA200.,0.0,2169.71,0.0,2169.71,1673.56,-19.95,-8.34
2012-05-24,54.93,1.53,24.2,53.78,2.14,1.79,1.46,19.54,0,0,QQQ,Hold QQQ,No action,,Hold QQQ after the Donchian exit while QQQ remains at or above EMA200.,0.0,2155.49,0.0,2155.49,1662.59,-20.47,-8.94
2012-05-25,54.86,1.52,23.99,53.79,1.99,1.79,1.46,17.69,0,0,QQQ,Hold QQQ,No action,,Hold QQQ after the Donchian exit while QQQ remains at or above EMA200.,0.0,2152.72,0.0,2152.72,1660.45,-20.57,-9.05
2012-05-29,55.56,1.56,23.33,53.81,3.25,1.78,1.46,30.34,0,0,QQQ,Hold QQQ,No action,,Hold QQQ after the Donchian exit while QQQ remains at or above EMA200.,0.0,2180.11,0.0,2180.11,1681.58,-19.56,-7.9
2012-05-30,55.09,1.54,25.35,53.82,2.36,1.78,1.46,22.37,0,0,QQQ,Hold QQQ,No action,,Hold QQQ after the Donchian exit while QQQ remains at or above EMA200.,0.0,2161.73,0.0,2161.73,1667.4,-20.24,-8.67
2012-05-31,54.85,1.52,25.89,53.83,1.9,1.78,1.46,18.24,0,0,QQQ,Hold QQQ,No action,,Hold QQQ after the Donchian exit while QQQ remains at or above EMA200.,0.0,2152.37,0.0,2152.37,1660.18,-20.59,-9.07
2012-06-01,53.39,1.44,28.63,53.83,-0.81,1.75,1.46,-8.48,0,0,Cash,Hold Cash,Sell QQQ to Cash,QQQ->Cash_below_EMA200,QQQ closed below EMA200 while held; the account moved fully to Cash.,2095.14,0.0,0.0,2095.14,1616.04,-22.7,-11.49
2012-06-04,53.8,1.46,28.17,53.83,-0.05,1.66,1.44,9.7,0,0,Cash,Hold Cash,No action,,Hold Cash until QLD creates a new Donchian20 breakout; QQQ moving above EMA200 alone is not a re-entry.,2095.14,0.0,0.0,2095.14,1628.35,-22.7,-10.81
2012-06-05,54.02,1.47,26.39,53.83,0.36,1.66,1.44,15.51,0,0,Cash,Hold Cash,No action,,Hold Cash until QLD creates a new Donchian20 breakout; QQQ moving above EMA200 alone is not a re-entry.,2095.14,0.0,0.0,2095.14,1635.04,-22.7,-10.45
2012-06-06,55.26,1.54,23.75,53.84,2.63,1.65,1.44,49.49,0,0,Cash,Hold Cash,No action,,Hold Cash until QLD creates a new Donchian20 breakout; QQQ moving above EMA200 alone is not a re-entry.,2095.14,0.0,0.0,2095.14,1672.49,-22.7,-8.4
2012-06-07,55.04,1.53,23.81,53.85,2.2,1.64,1.44,44.04,0,0,Cash,Hold Cash,No action,,Hold Cash until QLD creates a new Donchian20 breakout; QQQ moving above EMA200 alone is not a re-entry.,2095.14,0.0,0.0,2095.14,1665.8,-22.7,-8.76
2012-06-08,55.57,1.56,22.55,53.87,3.15,1.63,1.44,62.94,0,0,Cash,Hold Cash,No action,,Hold Cash until QLD creates a new Donchian20 breakout; QQQ moving above EMA200 alone is not a re-entry.,2095.14,0.0,0.0,2095.14,1681.85,-22.7,-7.88
2012-06-11,54.63,1.51,24.6,53.88,1.39,1.63,1.44,36.9,0,0,Cash,Hold Cash,No action,,Hold Cash until QLD creates a new Donchian20 breakout; QQQ moving above EMA200 alone is not a re-entry.,2095.14,0.0,0.0,2095.14,1653.49,-22.7,-9.44
2012-06-12,55.29,1.54,23.15,53.89,2.6,1.6,1.44,63.64,0,0,Cash,Hold Cash,No action,,Hold Cash until QLD creates a new Donchian20 breakout; QQQ moving above EMA200 alone is not a re-entry.,2095.14,0.0,0.0,2095.14,1673.56,-22.7,-8.34
2012-06-13,54.91,1.52,24.52,53.9,1.87,1.59,1.44,54.69,0,0,Cash,Hold Cash,No action,,Hold Cash until QLD creates a new Donchian20 breakout; QQQ moving above EMA200 alone is not a re-entry.,2095.14,0.0,0.0,2095.14,1662.05,-22.7,-8.97
2012-06-14,55.12,1.53,24.02,53.91,2.23,1.57,1.44,73.03,0,0,Cash,Hold Cash,No action,,Hold Cash until QLD creates a new Donchian20 breakout; QQQ moving above EMA200 alone is not a re-entry.,2095.14,0.0,0.0,2095.14,1668.21,-22.7,-8.63
2012-06-15,55.8,1.57,21.86,53.93,3.46,1.56,1.44,108.88,0,1,QLD,Hold QLD,Buy QLD,toQLD,QLD closed above its prior 20-day high; the signal changed to 1 and the account moved fully into QLD.,0.0,0.0,2095.14,2095.14,1688.93,-22.7,-7.49
2012-06-18,56.32,1.6,19.64,53.96,4.39,1.57,1.44,122.61,1,1,QLD,Hold QLD,No action,,Hold QLD while the Donchian20 signal remains 1.,0.0,0.0,2134.62,2134.62,1704.75,-21.24,-6.63
2012-06-19,56.91,1.63,19.2,53.99,5.41,1.6,1.44,120.34,1,1,QLD,Hold QLD,No action,,Hold QLD while the Donchian20 signal remains 1.,0.0,0.0,2178.17,2178.17,1722.45,-19.63,-5.66
2012-06-20,56.95,1.64,17.81,54.02,5.44,1.63,1.44,102.37,1,1,QLD,Hold QLD,No action,,Hold QLD while the Donchian20 signal remains 1.,0.0,0.0,2184.27,2184.27,1723.79,-19.41,-5.59
2012-06-21,55.53,1.56,20.78,54.03,2.78,1.64,1.44,57.87,1,1,QLD,Hold QLD,No action,,Hold QLD while the Donchian20 signal remains 1.,0.0,0.0,2073.17,2073.17,1680.89,-23.51,-7.94
2012-06-22,56.12,1.59,19.12,54.05,3.83,1.64,1.44,74.07,1,1,QLD,Hold QLD,No action,,Hold QLD while the Donchian20 signal remains 1.,0.0,0.0,2115.9,2115.9,1698.59,-21.93,-6.97
2012-06-25,55.04,1.53,21.28,54.06,1.81,1.64,1.44,42.9,1,1,QLD,Hold QLD,No action,,Hold QLD while the Donchian20 signal remains 1.,0.0,0.0,2033.69,2033.69,1665.87,-24.96,-8.76
2012-06-26,55.38,1.55,20.87,54.07,2.42,1.64,1.44,53.39,1,1,QLD,Hold QLD,No action,,Hold QLD while the Donchian20 signal remains 1.,0.0,0.0,2061.37,2061.37,1676.33,-23.94,-8.19
2012-06-27,55.72,1.56,20.68,54.09,3.01,1.64,1.44,62.5,1,1,QLD,Hold QLD,No action,,Hold QLD while the Donchian20 signal remains 1.,0.0,0.0,2085.38,2085.38,1686.52,-23.06,-7.63
2012-06-28,55.1,1.53,21.51,54.1,1.85,1.64,1.44,45.52,1,1,QLD,Hold QLD,No action,,Hold QLD while the Donchian20 signal remains 1.,0.0,0.0,2040.61,2040.61,1667.75,-24.71,-8.65
2012-06-29,56.84,1.63,18.65,54.13,5.0,1.64,1.44,93.36,1,1,QLD,Hold QLD,No action,,Hold QLD while the Donchian20 signal remains 1.,0.0,0.0,2166.77,2166.77,1720.3,-20.05,-5.78
2012-07-02,57.01,1.64,18.55,54.16,5.26,1.64,1.46,98.44,1,1,QLD,Hold QLD,No action,,Hold QLD while the Donchian20 signal remains 1.,0.0,0.0,2180.61,2180.61,1725.4,-19.54,-5.5
2012-07-03,57.48,1.66,18.56,54.19,6.08,1.64,1.47,114.74,1,1,QLD,Hold QLD,No action,,Hold QLD while the Donchian20 signal remains 1.,0.0,0.0,2216.43,2216.43,1739.88,-18.22,-4.7
2012-07-05,57.52,1.66,18.43,54.22,6.08,1.66,1.51,101.21,1,1,QLD,Hold QLD,No action,,Hold QLD while the Donchian20 signal remains 1.,0.0,0.0,2218.87,2218.87,1740.95,-18.13,-4.65
2012-07-06,56.8,1.62,18.65,54.25,4.71,1.66,1.51,72.71,1,1,QLD,Hold QLD,No action,,Hold QLD while the Donchian20 signal remains 1.,0.0,0.0,2163.11,2163.11,1719.23,-20.19,-5.84
2012-07-09,56.7,1.62,19.6,54.27,4.46,1.66,1.51,69.72,1,1,QLD,Hold QLD,No action,,Hold QLD while the Donchian20 signal remains 1.,0.0,0.0,2157.01,2157.01,1716.01,-20.41,-6.01
2012-07-10,56.14,1.59,20.67,54.29,3.4,1.66,1.51,48.61,1,1,QLD,Hold QLD,No action,,Hold QLD while the Donchian20 signal remains 1.,0.0,0.0,2113.87,2113.87,1699.12,-22.01,-6.94
2012-07-11,55.83,1.57,20.34,54.31,2.8,1.66,1.52,31.61,1,1,QLD,Hold QLD,No action,,Hold QLD while the Donchian20 signal remains 1.,0.0,0.0,2089.45,2089.45,1689.74,-22.91,-7.45
2012-07-12,55.3,1.54,20.97,54.32,1.82,1.66,1.52,12.04,1,1,QLD,Hold QLD,No action,,Hold QLD while the Donchian20 signal remains 1.,0.0,0.0,2052.41,2052.41,1673.92,-24.27,-8.32
2012-07-13,56.15,1.58,19.09,54.34,3.33,1.66,1.53,42.2,1,1,QLD,Hold QLD,No action,,Hold QLD while the Donchian20 signal remains 1.,0.0,0.0,2111.83,2111.83,1699.39,-22.08,-6.92
2012-07-16,55.99,1.58,19.54,54.35,3.01,1.66,1.53,36.48,1,1,QLD,Hold QLD,No action,,Hold QLD while the Donchian20 signal remains 1.,0.0,0.0,2101.25,2101.25,1694.56,-22.47,-7.19
2012-07-17,56.28,1.59,18.91,54.37,3.51,1.66,1.53,47.25,1,1,QLD,Hold QLD,No action,,Hold QLD while the Donchian20 signal remains 1.,0.0,0.0,2121.19,2121.19,1703.41,-21.74,-6.7
2012-07-18,57.04,1.64,18.3,54.4,4.86,1.66,1.53,78.9,1,1,QLD,Hold QLD,No action,,Hold QLD while the Donchian20 signal remains 1.,0.0,0.0,2179.8,2179.8,1726.47,-19.57,-5.44
2012-07-19,57.67,1.67,17.49,54.43,5.95,1.66,1.53,104.4,1,1,QLD,Hold QLD,No action,,Hold QLD while the Donchian20 signal remains 1.,0.0,0.0,2227.01,2227.01,1745.51,-17.83,-4.4
2012-07-20,56.91,1.63,18.2,54.45,4.51,1.67,1.53,70.74,1,1,QLD,Hold QLD,No action,,Hold QLD while the Donchian20 signal remains 1.,0.0,0.0,2170.44,2170.44,1722.45,-19.92,-5.66
2012-07-23,56.22,1.59,20.61,54.47,3.2,1.67,1.53,44.21,1,1,QLD,Hold QLD,No action,,Hold QLD while the Donchian20 signal remains 1.,0.0,0.0,2119.16,2119.16,1701.54,-21.81,-6.8
2012-07-24,55.77,1.56,22.83,54.49,2.37,1.67,1.53,25.47,1,1,QLD,Hold QLD,No action,,Hold QLD while the Donchian20 signal remains 1.,0.0,0.0,2082.93,2082.93,1688.13,-23.15,-7.54
2012-07-25,55.4,1.54,21.44,54.49,1.67,1.67,1.53,7.21,1,1,QLD,Hold QLD,No action,,Hold QLD while the Donchian20 signal remains 1.,0.0,0.0,2054.04,2054.04,1676.87,-24.21,-8.16
2012-07-26,56.14,1.58,20.11,54.51,2.98,1.67,1.53,35.59,1,1,QLD,Hold QLD,No action,,Hold QLD while the Donchian20 signal remains 1.,0.0,0.0,2106.95,2106.95,1699.12,-22.26,-6.94
2012-07-27,57.47,1.66,18.58,54.54,5.36,1.67,1.53,92.36,1,1,QLD,Hold QLD,No action,,Hold QLD while the Donchian20 signal remains 1.,0.0,0.0,2212.76,2212.76,1739.34,-18.36,-4.73
2012-07-30,57.42,1.65,19.74,54.57,5.23,1.67,1.54,87.88,1,1,QLD,Hold QLD,No action,,Hold QLD while the Donchian20 signal remains 1.,0.0,0.0,2205.84,2205.84,1738.0,-18.61,-4.81
2012-07-31,57.4,1.65,20.3,54.6,5.14,1.67,1.54,85.78,1,1,QLD,Hold QLD,No action,,Hold QLD while the Donchian20 signal remains 1.,0.0,0.0,2202.18,2202.18,1737.46,-18.75,-4.84
2012-08-01,57.24,1.64,20.19,54.62,4.78,1.67,1.54,79.25,1,1,QLD,Hold QLD,No action,,Hold QLD while the Donchian20 signal remains 1.,0.0,0.0,2190.79,2190.79,1732.37,-19.17,-5.12
2012-08-02,57.03,1.63,19.08,54.65,4.36,1.67,1.54,70.63,1,1,QLD,Hold QLD,No action,,Hold QLD while the Donchian20 signal remains 1.,0.0,0.0,2175.73,2175.73,1726.2,-19.72,-5.45
2012-08-03,58.11,1.69,17.46,54.68,6.27,1.67,1.54,116.55,1,1,QLD,Hold QLD,No action,,Hold QLD while the Donchian20 signal remains 1.,0.0,0.0,2255.9,2255.9,1758.91,-16.77,-3.66
2012-08-06,58.56,1.72,17.57,54.72,7.01,1.69,1.54,117.8,1,1,QLD,Hold QLD,No action,,Hold QLD while the Donchian20 signal remains 1.,0.0,0.0,2292.12,2292.12,1772.32,-15.43,-2.93
2012-08-07,59.04,1.75,17.41,54.76,7.81,1.72,1.54,116.13,1,1,QLD,Hold QLD,No action,,Hold QLD while the Donchian20 signal remains 1.,0.0,0.0,2330.79,2330.79,1787.07,-14.0,-2.12
2012-08-08,59.02,1.74,16.97,54.81,7.68,1.75,1.54,98.39,1,1,QLD,Hold QLD,No action,,Hold QLD while the Donchian20 signal remains 1.,0.0,0.0,2326.31,2326.31,1786.26,-14.17,-2.16
2012-08-09,59.19,1.76,16.41,54.85,7.92,1.75,1.54,103.51,1,1,QLD,Hold QLD,No action,,Hold QLD while the Donchian20 signal remains 1.,0.0,0.0,2340.56,2340.56,1791.63,-13.64,-1.87
2012-08-10,59.23,1.76,15.89,54.89,7.9,1.76,1.54,101.7,1,1,QLD,Hold QLD,No action,,Hold QLD while the Donchian20 signal remains 1.,0.0,0.0,2345.44,2345.44,1792.7,-13.46,-1.81
2012-08-13,59.37,1.77,14.48,54.94,8.07,1.76,1.54,103.49,1,1,QLD,Hold QLD,No action,,Hold QLD while the Donchian20 signal remains 1.,0.0,0.0,2355.61,2355.61,1796.99,-13.09,-1.58
2012-08-14,59.4,1.77,15.4,54.98,8.03,1.77,1.54,100.94,1,1,QLD,Hold QLD,No action,,Hold QLD while the Donchian20 signal remains 1.,0.0,0.0,2358.46,2358.46,1797.79,-12.98,-1.53
2012-08-15,59.55,1.78,14.77,55.03,8.22,1.77,1.54,103.88,1,1,QLD,Hold QLD,No action,,Hold QLD while the Donchian20 signal remains 1.,0.0,0.0,2370.26,2370.26,1802.35,-12.55,-1.28
2012-08-16,60.26,1.82,14.81,55.08,9.4,1.78,1.54,117.5,1,1,QLD,Hold QLD,No action,,Hold QLD while the Donchian20 signal remains 1.,0.0,0.0,2425.61,2425.61,1823.8,-10.5,-0.11
2012-08-17,60.52,1.84,13.79,55.13,9.77,1.82,1.54,105.7,1,1,QLD,Hold QLD,No action,,Hold QLD while the Donchian20 signal remains 1.,0.0,0.0,2446.78,2446.78,1831.85,-9.72,0.0
2012-08-20,60.61,1.84,14.62,55.19,9.83,1.84,1.54,102.07,1,1,QLD,Hold QLD,No action,,Hold QLD while the Donchian20 signal remains 1.,0.0,0.0,2454.92,2454.92,1834.53,-9.42,0.0
2012-08-21,60.37,1.83,15.36,55.24,9.29,1.84,1.54,95.33,1,1,QLD,Hold QLD,No action,,Hold QLD while the Donchian20 signal remains 1.,0.0,0.0,2436.2,2436.2,1827.29,-10.11,-0.39
2012-08-22,60.62,1.84,15.58,55.29,9.63,1.84,1.54,99.9,1,1,QLD,Hold QLD,No action,,Hold QLD while the Donchian20 signal remains 1.,0.0,0.0,2454.51,2454.51,1834.79,-9.44,0.0
2012-08-23,60.12,1.81,16.68,55.34,8.64,1.84,1.58,88.77,1,1,QLD,Hold QLD,No action,,Hold QLD while the Donchian20 signal remains 1.,0.0,0.0,2415.85,2415.85,1819.78,-10.86,-0.82
2012-08-24,60.5,1.83,16.6,55.39,9.21,1.84,1.63,95.92,1,1,QLD,Hold QLD,No action,,Hold QLD while the Donchian20 signal remains 1.,0.0,0.0,2443.52,2443.52,1831.04,-9.84,-0.2
2012-08-27,60.59,1.84,17.19,55.44,9.29,1.84,1.63,98.98,1,1,QLD,Hold QLD,No action,,Hold QLD while the Donchian20 signal remains 1.,0.0,0.0,2452.07,2452.07,1833.99,-9.53,-0.04
2012-08-28,60.59,1.84,17.64,55.5,9.19,1.84,1.63,98.98,1,1,QLD,Hold QLD,No action,,Hold QLD while the Donchian20 signal remains 1.,0.0,0.0,2452.07,2452.07,1833.99,-9.53,-0.04
2012-08-29,60.59,1.84,18.11,55.55,9.09,1.84,1.63,98.83,1,1,QLD,Hold QLD,No action,,Hold QLD while the Donchian20 signal remains 1.,0.0,0.0,2451.66,2451.66,1833.99,-9.54,-0.04
2012-08-30,59.98,1.8,19.03,55.59,7.9,1.84,1.63,81.34,1,1,QLD,Hold QLD,No action,,Hold QLD while the Donchian20 signal remains 1.,0.0,0.0,2402.82,2402.82,1815.49,-11.34,-1.05
2012-08-31,60.38,1.83,18.35,55.64,8.52,1.84,1.69,90.8,1,1,QLD,Hold QLD,No action,,Hold QLD while the Donchian20 signal remains 1.,0.0,0.0,2436.6,2436.6,1827.56,-10.1,-0.39
2012-09-04,60.32,1.82,19.09,55.68,8.32,1.84,1.72,85.0,1,1,QLD,Hold QLD,No action,,Hold QLD while the Donchian20 signal remains 1.,0.0,0.0,2430.5,2430.5,1825.68,-10.32,-0.5
2012-09-05,60.26,1.82,19.02,55.73,8.12,1.84,1.74,76.27,1,1,QLD,Hold QLD,No action,,Hold QLD while the Donchian20 signal remains 1.,0.0,0.0,2424.39,2424.39,1823.8,-10.55,-0.6
2012-09-06,61.59,1.9,17.01,55.79,10.41,1.84,1.74,158.86,1,1,QLD,Hold QLD,No action,,Hold QLD while the Donchian20 signal remains 1.,0.0,0.0,2530.62,2530.62,1864.29,-6.63,0.0
2012-09-07,61.51,1.89,15.44,55.85,10.14,1.9,1.76,96.36,1,1,QLD,Hold QLD,No action,,Hold QLD while the Donchian20 signal remains 1.,0.0,0.0,2523.7,2523.7,1861.61,-6.88,-0.14
2012-09-10,60.72,1.85,17.8,55.89,8.63,1.9,1.76,62.42,1,1,QLD,Hold QLD,No action,,Hold QLD while the Donchian20 signal remains 1.,0.0,0.0,2461.02,2461.02,1837.74,-9.2,-1.42
2012-09-11,60.62,1.84,18.01,55.94,8.36,1.9,1.77,55.58,1,1,QLD,Hold QLD,No action,,Hold QLD while the Donchian20 signal remains 1.,0.0,0.0,2452.88,2452.88,1834.79,-9.5,-1.58
2012-09-12,60.8,1.85,17.18,55.99,8.59,1.9,1.77,63.83,1,1,QLD,Hold QLD,No action,,Hold QLD while the Donchian20 signal remains 1.,0.0,0.0,2468.35,2468.35,1840.16,-8.93,-1.29
2012-09-13,61.62,1.9,16.15,56.05,9.95,1.9,1.78,100.51,1,1,QLD,Hold QLD,No action,,Hold QLD while the Donchian20 signal remains 1.,0.0,0.0,2531.43,2531.43,1865.09,-6.6,0.0
2012-09-14,62.17,1.93,15.89,56.11,10.81,1.9,1.8,137.03,1,1,QLD,Hold QLD,No action,,Hold QLD while the Donchian20 signal remains 1.,0.0,0.0,2579.05,2579.05,1881.72,-4.84,0.0
2012-09-17,62.2,1.94,15.79,56.17,10.74,1.93,1.8,100.92,1,1,QLD,Hold QLD,No action,,Hold QLD while the Donchian20 signal remains 1.,0.0,0.0,2580.68,2580.68,1882.52,-4.78,0.0
2012-09-18,62.25,1.94,15.05,56.23,10.71,1.94,1.8,102.75,1,1,QLD,Hold QLD,No action,,Hold QLD while the Donchian20 signal remains 1.,0.0,0.0,2585.56,2585.56,1884.13,-4.6,0.0
2012-09-19,62.37,1.95,14.84,56.29,10.8,1.94,1.8,104.45,1,1,QLD,Hold QLD,No action,,Hold QLD while the Donchian20 signal remains 1.,0.0,0.0,2593.7,2593.7,1887.62,-4.3,0.0
2012-09-20,62.3,1.94,14.58,56.35,10.57,1.95,1.8,97.87,1,1,QLD,Hold QLD,No action,,Hold QLD while the Donchian20 signal remains 1.,0.0,0.0,2589.63,2589.63,1885.74,-4.45,-0.1
2012-09-21,62.32,1.94,14.44,56.41,10.48,1.95,1.8,98.93,1,1,QLD,Hold QLD,No action,,Hold QLD while the Donchian20 signal remains 1.,0.0,0.0,2591.66,2591.66,1886.28,-4.38,-0.07
2012-09-24,61.96,1.92,15.34,56.46,9.73,1.95,1.8,81.02,1,1,QLD,Hold QLD,No action,,Hold QLD while the Donchian20 signal remains 1.,0.0,0.0,2557.48,2557.48,1875.25,-5.64,-0.65
2012-09-25,61.09,1.87,16.7,56.51,8.1,1.95,1.8,44.14,1,1,QLD,Hold QLD,No action,,Hold QLD while the Donchian20 signal remains 1.,0.0,0.0,2487.07,2487.07,1848.9,-8.24,-2.05
2012-09-26,60.59,1.84,17.94,56.55,7.14,1.95,1.8,23.88,1,1,QLD,Hold QLD,No action,,Hold QLD while the Donchian20 signal remains 1.,0.0,0.0,2448.4,2448.4,1833.84,-9.66,-2.85
2012-09-27,61.42,1.89,16.45,56.6,8.53,1.95,1.8,58.42,1,1,QLD,Hold QLD,No action,,Hold QLD while the Donchian20 signal remains 1.,0.0,0.0,2514.34,2514.34,1859.12,-7.23,-1.51
2012-09-28,60.92,1.86,17.01,56.64,7.55,1.95,1.8,38.17,1,1,QLD,Hold QLD,No action,,Hold QLD while the Donchian20 signal remains 1.,0.0,0.0,2475.67,2475.67,1843.79,-8.66,-2.32
2012-10-01,60.83,1.85,17.75,56.68,7.31,1.95,1.82,23.56,1,1,QLD,Hold QLD,No action,,Hold QLD while the Donchian20 signal remains 1.,0.0,0.0,2464.28,2464.28,1841.1,-9.08,-2.46
2012-10-02,61.01,1.86,17.3,56.73,7.55,1.95,1.82,33.65,1,1,QLD,Hold QLD,No action,,Hold QLD while the Donchian20 signal remains 1.,0.0,0.0,2481.37,2481.37,1846.48,-8.45,-2.18
2012-10-03,61.4,1.88,16.76,56.77,8.15,1.95,1.82,50.24,1,1,QLD,Hold QLD,No action,,Hold QLD while the Donchian20 signal remains 1.,0.0,0.0,2509.45,2509.45,1858.31,-7.41,-1.55
2012-10-04,61.61,1.9,16.65,56.82,8.43,1.95,1.84,54.9,1,1,QLD,Hold QLD,No action,,Hold QLD while the Donchian20 signal remains 1.,0.0,0.0,2528.17,2528.17,1864.77,-6.72,-1.21
2012-10-05,61.28,1.88,16.48,56.86,7.77,1.95,1.84,35.57,1,1,QLD,Hold QLD,No action,,Hold QLD while the Donchian20 signal remains 1.,0.0,0.0,2500.09,2500.09,1854.82,-7.76,-1.74
2012-10-08,60.72,1.84,17.52,56.9,6.71,1.95,1.84,6.44,1,1,QLD,Hold QLD,No action,,Hold QLD while the Donchian20 signal remains 1.,0.0,0.0,2457.77,2457.77,1837.88,-9.32,-2.64
2012-10-09,59.75,1.79,18.87,56.93,4.96,1.95,1.84,-47.06,1,0,QQQ,Hold QQQ,Reduce QLD to QQQ,QLD->QQQ_on_Donchian_exit,QLD closed below its prior 20-day low; the signal changed to 0 and the account reduced to QQQ.,0.0,2380.03,0.0,2380.03,1808.57,-12.19,-4.19
2012-10-10,59.45,1.77,18.48,56.96,4.38,1.95,1.79,-11.43,0,0,QQQ,Hold QQQ,No action,,Hold QQQ after the Donchian exit while QQQ remains at or above EMA200.,0.0,2368.0,0.0,2368.0,1799.42,-12.63,-4.67
2012-10-11,59.26,1.75,18.33,56.98,4.01,1.95,1.77,-7.69,0,0,QQQ,Hold QQQ,No action,,Hold QQQ after the Donchian exit while QQQ remains at or above EMA200.,0.0,2360.57,0.0,2360.57,1793.78,-12.9,-4.97
2012-10-12,59.24,1.75,17.84,57.0,3.92,1.95,1.75,-0.48,0,0,QQQ,Hold QQQ,No action,,Hold QQQ after the Donchian exit while QQQ remains at or above EMA200.,0.0,2359.51,0.0,2359.51,1792.97,-12.94,-5.01
2012-10-15,59.67,1.78,17.55,57.03,4.64,1.95,1.75,12.8,0,0,QQQ,Hold QQQ,No action,,Hold QQQ after the Donchian exit while QQQ remains at or above EMA200.,0.0,2376.85,0.0,2376.85,1806.15,-12.3,-4.32
2012-10-16,60.52,1.83,17.17,57.06,6.05,1.95,1.75,39.49,0,0,QQQ,Hold QQQ,No action,,Hold QQQ after the Donchian exit while QQQ remains at or above EMA200.,0.0,2410.46,0.0,2410.46,1831.69,-11.06,-2.96
2012-10-17,60.48,1.83,16.89,57.1,5.93,1.95,1.75,38.86,0,0,QQQ,Hold QQQ,No action,,Hold QQQ after the Donchian exit while QQQ remains at or above EMA200.,0.0,2409.05,0.0,2409.05,1830.62,-11.11,-3.02
2012-10-18,59.78,1.79,17.61,57.12,4.65,1.94,1.75,17.36,0,0,QQQ,Hold QQQ,No action,,Hold QQQ after the Donchian exit while QQQ remains at or above EMA200.,0.0,2381.09,0.0,2381.09,1809.37,-12.15,-4.15
2012-10-19,58.35,1.7,20.05,57.14,2.12,1.94,1.75,-27.55,0,0,QQQ,Hold QQQ,No action,,Hold QQQ after the Donchian exit while QQQ remains at or above EMA200.,0.0,2324.12,0.0,2324.12,1766.08,-14.25,-6.44
2012-10-22,58.65,1.72,19.2,57.15,2.63,1.92,1.7,8.37,0,0,QQQ,Hold QQQ,No action,,Hold QQQ after the Donchian exit while QQQ remains at or above EMA200.,0.0,2336.15,0.0,2336.15,1775.22,-13.8,-5.95
2012-10-23,58.09,1.68,20.66,57.16,1.63,1.9,1.7,-8.06,0,0,QQQ,Hold QQQ,No action,,Hold QQQ after the Donchian exit while QQQ remains at or above EMA200.,0.0,2313.86,0.0,2313.86,1758.28,-14.63,-6.85
2012-10-24,57.89,1.67,21.67,57.17,1.26,1.9,1.68,-6.89,0,0,QQQ,Hold QQQ,No action,,Hold QQQ after the Donchian exit while QQQ remains at or above EMA200.,0.0,2305.72,0.0,2305.72,1752.1,-14.93,-7.18
2012-10-25,57.89,1.67,20.28,57.17,1.25,1.9,1.67,0.94,0,0,QQQ,Hold QQQ,No action,,Hold QQQ after the Donchian exit while QQQ remains at or above EMA200.,0.0,2305.72,0.0,2305.72,1752.1,-14.93,-7.18
2012-10-26,58.06,1.68,19.58,57.18,1.53,1.9,1.67,5.23,0,0,QQQ,Hold QQQ,No action,,Hold QQQ after the Donchian exit while QQQ remains at or above EMA200.,0.0,2312.45,0.0,2312.45,1757.21,-14.68,-6.91
2012-10-31,57.7,1.66,20.33,57.19,0.9,1.9,1.67,-4.03,0,0,QQQ,Hold QQQ,No action,,Hold QQQ after the Donchian exit while QQQ remains at or above EMA200.,0.0,2298.29,0.0,2298.29,1746.45,-15.2,-7.48
2012-11-01,58.52,1.71,18.44,57.2,2.3,1.9,1.66,20.13,0,0,QQQ,Hold QQQ,No action,,Hold QQQ after the Donchian exit while QQQ remains at or above EMA200.,0.0,2330.85,0.0,2330.85,1771.19,-14.0,-6.17
2012-11-02,57.9,1.67,19.95,57.21,1.2,1.9,1.66,2.84,0,0,QQQ,Hold QQQ,No action,,Hold QQQ after the Donchian exit while QQQ remains at or above EMA200.,0.0,2306.08,0.0,2306.08,1752.37,-14.91,-7.16
2012-11-05,58.28,1.69,19.54,57.22,1.85,1.9,1.66,13.68,0,0,QQQ,Hold QQQ,No action,,Hold QQQ after the Donchian exit while QQQ remains at or above EMA200.,0.0,2321.29,0.0,2321.29,1763.93,-14.35,-6.55
2012-11-06,58.39,1.7,19.1,57.23,2.02,1.88,1.66,18.41,0,0,QQQ,Hold QQQ,No action,,Hold QQQ after the Donchian exit while QQQ remains at or above EMA200.,0.0,2325.54,0.0,2325.54,1767.16,-14.2,-6.38
2012-11-07,57.01,1.62,20.42,57.23,-0.39,1.84,1.66,-22.76,0,0,Cash,Hold Cash,Sell QQQ to Cash,QQQ->Cash_below_EMA200,QQQ closed below EMA200 while held; the account moved fully to Cash.,2270.69,0.0,0.0,2270.69,1725.48,-16.22,-8.59
2012-11-08,56.11,1.57,20.14,57.22,-1.93,1.83,1.62,-22.61,0,0,Cash,Hold Cash,No action,,Hold Cash until QLD creates a new Donchian20 breakout; QQQ moving above EMA200 alone is not a re-entry.,2270.69,0.0,0.0,2270.69,1698.32,-16.22,-10.03
2012-11-09,56.35,1.58,19.41,57.21,-1.5,1.83,1.57,4.61,0,0,Cash,Hold Cash,No action,,Hold Cash until QLD creates a new Donchian20 breakout; QQQ moving above EMA200 alone is not a re-entry.,2270.69,0.0,0.0,2270.69,1705.58,-16.22,-9.64
2012-11-12,56.34,1.58,18.62,57.2,-1.5,1.83,1.57,3.55,0,0,Cash,Hold Cash,No action,,Hold Cash until QLD creates a new Donchian20 breakout; QQQ moving above EMA200 alone is not a re-entry.,2270.69,0.0,0.0,2270.69,1705.31,-16.22,-9.66
2012-11-13,55.95,1.56,19.05,57.19,-2.16,1.83,1.57,-4.14,0,0,Cash,Hold Cash,No action,,Hold Cash until QLD creates a new Donchian20 breakout; QQQ moving above EMA200 alone is not a re-entry.,2270.69,0.0,0.0,2270.69,1693.48,-16.22,-10.28
2012-11-14,55.29,1.52,19.5,57.17,-3.28,1.83,1.56,-14.3,0,0,Cash,Hold Cash,No action,,Hold Cash until QLD creates a new Donchian20 breakout; QQQ moving above EMA200 alone is not a re-entry.,2270.69,0.0,0.0,2270.69,1673.58,-16.22,-11.34
2012-11-15,55.11,1.51,19.23,57.15,-3.57,1.83,1.52,-3.67,0,0,Cash,Hold Cash,No action,,Hold Cash until QLD creates a new Donchian20 breakout; QQQ moving above EMA200 alone is not a re-entry.,2270.69,0.0,0.0,2270.69,1667.94,-16.22,-11.64
2012-11-16,55.35,1.52,18.13,57.13,-3.12,1.83,1.51,4.04,0,0,Cash,Hold Cash,No action,,Hold Cash until QLD creates a new Donchian20 breakout; QQQ moving above EMA200 alone is not a re-entry.,2270.69,0.0,0.0,2270.69,1675.2,-16.22,-11.25
2012-11-19,56.66,1.6,15.92,57.13,-0.81,1.79,1.51,31.23,0,0,Cash,Hold Cash,No action,,Hold Cash until QLD creates a new Donchian20 breakout; QQQ moving above EMA200 alone is not a re-entry.,2270.69,0.0,0.0,2270.69,1714.99,-16.22,-9.15
2012-11-20,56.68,1.6,16.18,57.12,-0.77,1.72,1.51,41.85,0,0,Cash,Hold Cash,No action,,Hold Cash until QLD creates a new Donchian20 breakout; QQQ moving above EMA200 alone is not a re-entry.,2270.69,0.0,0.0,2270.69,1715.53,-16.22,-9.12
2012-11-21,56.79,1.6,16.21,57.12,-0.57,1.72,1.51,45.52,0,0,Cash,Hold Cash,No action,,Hold Cash until QLD creates a new Donchian20 breakout; QQQ moving above EMA200 alone is not a re-entry.,2270.69,0.0,0.0,2270.69,1719.03,-16.22,-8.93
2012-11-23,57.66,1.65,16.21,57.12,0.93,1.71,1.51,72.02,0,0,Cash,Hold Cash,No action,,Hold Cash until QLD creates a new Donchian20 breakout; QQQ moving above EMA200 alone is not a re-entry.,2270.69,0.0,0.0,2270.69,1745.11,-16.22,-7.55
2012-11-26,57.91,1.67,16.81,57.13,1.35,1.71,1.51,80.37,0,0,Cash,Hold Cash,No action,,Hold Cash until QLD creates a new Donchian20 breakout; QQQ moving above EMA200 alone is not a re-entry.,2270.69,0.0,0.0,2270.69,1752.64,-16.22,-7.15
2012-11-27,57.71,1.66,16.9,57.14,1.0,1.71,1.51,73.72,0,0,Cash,Hold Cash,No action,,Hold Cash until QLD creates a new Donchian20 breakout; QQQ moving above EMA200 alone is not a re-entry.,2270.69,0.0,0.0,2270.69,1746.72,-16.22,-7.46
2012-11-28,58.21,1.68,16.75,57.15,1.85,1.71,1.51,88.1,0,0,Cash,Hold Cash,No action,,Hold Cash until QLD creates a new Donchian20 breakout; QQQ moving above EMA200 alone is not a re-entry.,2270.69,0.0,0.0,2270.69,1761.78,-16.22,-6.67
2012-11-29,58.55,1.7,16.4,57.16,2.44,1.71,1.51,98.15,0,0,Cash,Hold Cash,No action,,Hold Cash until QLD creates a new Donchian20 breakout; QQQ moving above EMA200 alone is not a re-entry.,2270.69,0.0,0.0,2270.69,1772.27,-16.22,-6.11
2012-11-30,58.46,1.7,16.96,57.17,2.24,1.71,1.51,96.14,0,0,Cash,Hold Cash,No action,,Hold Cash until QLD creates a new Donchian20 breakout; QQQ moving above EMA200 alone is not a re-entry.,2270.69,0.0,0.0,2270.69,1769.31,-16.22,-6.27
2012-12-03,58.34,1.69,17.69,57.19,2.02,1.7,1.51,94.96,0,0,Cash,Hold Cash,No action,,Hold Cash until QLD creates a new Donchian20 breakout; QQQ moving above EMA200 alone is not a re-entry.,2270.69,0.0,0.0,2270.69,1765.81,-16.22,-6.45
2012-12-04,58.31,1.69,18.37,57.2,1.94,1.7,1.51,91.34,0,0,Cash,Hold Cash,No action,,Hold Cash until QLD creates a new Donchian20 breakout; QQQ moving above EMA200 alone is not a re-entry.,2270.69,0.0,0.0,2270.69,1764.74,-16.22,-6.51
2012-12-05,57.66,1.65,18.63,57.2,0.79,1.7,1.51,73.07,0,0,Cash,Hold Cash,No action,,Hold Cash until QLD creates a new Donchian20 breakout; QQQ moving above EMA200 alone is not a re-entry.,2270.69,0.0,0.0,2270.69,1745.11,-16.22,-7.55
2012-12-06,58.03,1.67,18.49,57.21,1.43,1.7,1.51,83.94,0,0,Cash,Hold Cash,No action,,Hold Cash until QLD creates a new Donchian20 breakout; QQQ moving above EMA200 alone is not a re-entry.,2270.69,0.0,0.0,2270.69,1756.4,-16.22,-6.95
2012-12-07,57.68,1.65,18.35,57.22,0.82,1.7,1.51,73.54,0,0,Cash,Hold Cash,No action,,Hold Cash until QLD creates a new Donchian20 breakout; QQQ moving above EMA200 alone is not a re-entry.,2270.69,0.0,0.0,2270.69,1745.92,-16.22,-7.51
2012-12-10,57.85,1.66,18.74,57.22,1.1,1.7,1.51,78.9,0,0,Cash,Hold Cash,No action,,Hold Cash until QLD creates a new Donchian20 breakout; QQQ moving above EMA200 alone is not a re-entry.,2270.69,0.0,0.0,2270.69,1751.02,-16.22,-7.24
2012-12-11,58.61,1.71,17.96,57.24,2.4,1.7,1.51,101.42,0,1,QLD,Hold QLD,Buy QLD,toQLD,QLD closed above its prior 20-day high; the signal changed to 1 and the account moved fully into QLD.,0.0,0.0,2270.69,2270.69,1773.88,-16.22,-6.03
2012-12-12,58.48,1.7,18.58,57.25,2.16,1.71,1.51,95.34,1,1,QLD,Hold QLD,No action,,Hold QLD while the Donchian20 signal remains 1.,0.0,0.0,2258.5,2258.5,1770.12,-16.67,-6.22
2012-12-13,58.02,1.67,19.47,57.26,1.34,1.71,1.51,82.14,1,1,QLD,Hold QLD,No action,,Hold QLD while the Donchian20 signal remains 1.,0.0,0.0,2223.98,2223.98,1756.13,-17.94,-6.97
2012-12-14,57.47,1.64,20.19,57.26,0.37,1.71,1.51,66.3,1,1,QLD,Hold QLD,No action,,Hold QLD while the Donchian20 signal remains 1.,0.0,0.0,2182.54,2182.54,1739.46,-19.47,-7.85
2012-12-17,58.23,1.69,19.47,57.27,1.69,1.71,1.52,88.37,1,1,QLD,Hold QLD,No action,,Hold QLD while the Donchian20 signal remains 1.,0.0,0.0,2242.26,2242.26,1762.59,-17.27,-6.62
2012-12-18,59.12,1.73,18.63,57.29,3.21,1.71,1.6,125.69,1,1,QLD,Hold QLD,No action,,Hold QLD while the Donchian20 signal remains 1.,0.0,0.0,2308.47,2308.47,1789.48,-14.83,-5.2
2012-12-19,58.86,1.72,19.27,57.3,2.73,1.73,1.6,88.94,1,1,QLD,Hold QLD,No action,,Hold QLD while the Donchian20 signal remains 1.,0.0,0.0,2288.16,2288.16,1781.68,-15.58,-5.61
2012-12-20,58.86,1.72,19.32,57.32,2.7,1.73,1.6,87.35,1,1,QLD,Hold QLD,No action,,Hold QLD while the Donchian20 signal remains 1.,0.0,0.0,2286.53,2286.53,1781.68,-15.64,-5.61
2012-12-21,58.25,1.68,20.16,57.33,1.6,1.73,1.64,46.77,1,1,QLD,Hold QLD,No action,,Hold QLD while the Donchian20 signal remains 1.,0.0,0.0,2241.44,2241.44,1762.94,-17.3,-6.6
2012-12-24,58.13,1.68,20.15,57.33,1.39,1.73,1.64,37.1,1,1,QLD,Hold QLD,No action,,Hold QLD while the Donchian20 signal remains 1.,0.0,0.0,2229.26,2229.26,1759.42,-17.75,-6.79
2012-12-26,57.62,1.65,21.18,57.34,0.49,1.73,1.64,9.06,1,1,QLD,Hold QLD,No action,,Hold QLD while the Donchian20 signal remains 1.,0.0,0.0,2193.95,2193.95,1744.01,-19.05,-7.61
2012-12-27,57.53,1.64,21.57,57.34,0.34,1.73,1.64,2.59,1,1,QLD,Hold QLD,No action,,Hold QLD while the Donchian20 signal remains 1.,0.0,0.0,2185.81,2185.81,1741.31,-19.35,-7.75
2012-12-28,56.98,1.61,23.32,57.34,-0.62,1.73,1.64,-31.33,1,0,Cash,Hold Cash,Reduce QLD to QQQ; Sell QQQ to Cash,QLD->QQQ_on_Donchian_exit; QQQ->Cash_below_EMA200,"QLD exited its channel and QQQ was below EMA200, so the account passed through QQQ and finished in Cash.",2143.09,0.0,0.0,2143.09,1724.54,-20.93,-8.64
2012-12-31,58.18,1.68,20.56,57.34,1.46,1.73,1.61,52.4,0,0,Cash,Hold Cash,No action,,Hold Cash until QLD creates a new Donchian20 breakout; QQQ moving above EMA200 alone is not a re-entry.,2143.09,0.0,0.0,2143.09,1761.05,-20.93,-6.71
2013-01-02,60.03,1.78,16.95,57.37,4.64,1.73,1.61,139.48,0,1,QLD,Hold QLD,Buy QLD,toQLD,QLD closed above its prior 20-day high; the signal changed to 1 and the account moved fully into QLD.,0.0,0.0,2143.09,2143.09,1817.02,-20.93,-3.74
2013-01-03,59.72,1.77,17.11,57.39,4.05,1.78,1.61,90.48,1,1,QLD,Hold QLD,No action,,Hold QLD while the Donchian20 signal remains 1.,0.0,0.0,2123.26,2123.26,1807.55,-21.66,-4.24
2013-01-04,59.52,1.75,15.51,57.42,3.67,1.78,1.61,83.07,1,1,QLD,Hold QLD,No action,,Hold QLD while the Donchian20 signal remains 1.,0.0,0.0,2107.84,2107.84,1801.61,-22.23,-4.56
2013-01-07,59.54,1.76,16.55,57.44,3.66,1.78,1.61,85.01,1,1,QLD,Hold QLD,No action,,Hold QLD while the Donchian20 signal remains 1.,0.0,0.0,2111.88,2111.88,1802.15,-22.08,-4.53
2013-01-08,59.43,1.75,16.43,57.46,3.43,1.78,1.61,82.19,1,1,QLD,Hold QLD,No action,,Hold QLD while the Donchian20 signal remains 1.,0.0,0.0,2106.0,2106.0,1798.63,-22.3,-4.71
2013-01-09,59.65,1.76,16.08,57.48,3.78,1.78,1.61,86.77,1,1,QLD,Hold QLD,No action,,Hold QLD while the Donchian20 signal remains 1.,0.0,0.0,2115.55,2115.55,1805.39,-21.94,-4.36
2013-01-10,60.01,1.78,16.08,57.5,4.35,1.78,1.61,99.29,1,1,QLD,Hold QLD,No action,,Hold QLD while the Donchian20 signal remains 1.,0.0,0.0,2141.63,2141.63,1816.21,-20.98,-3.78
2013-01-11,60.09,1.79,15.87,57.53,4.45,1.78,1.61,102.65,1,1,QLD,Hold QLD,No action,,Hold QLD while the Donchian20 signal remains 1.,0.0,0.0,2148.6,2148.6,1818.64,-20.72,-3.65
2013-01-14,59.82,1.77,16.13,57.55,3.94,1.79,1.61,90.55,1,1,QLD,Hold QLD,No action,,Hold QLD while the Donchian20 signal remains 1.,0.0,0.0,2128.4,2128.4,1810.53,-21.47,-4.08
2013-01-15,59.52,1.75,16.12,57.57,3.39,1.79,1.61,81.1,1,1,QLD,Hold QLD,No action,,Hold QLD while the Donchian20 signal remains 1.,0.0,0.0,2108.2,2108.2,1801.61,-22.21,-4.56
2013-01-16,59.76,1.77,15.32,57.59,3.77,1.79,1.61,88.66,1,1,QLD,Hold QLD,No action,,Hold QLD while the Donchian20 signal remains 1.,0.0,0.0,2124.36,2124.36,1808.91,-21.62,-4.17
2013-01-17,60.05,1.78,15.07,57.62,4.22,1.79,1.61,97.77,1,1,QLD,Hold QLD,No action,,Hold QLD while the Donchian20 signal remains 1.,0.0,0.0,2143.83,2143.83,1817.56,-20.9,-3.71
2013-01-18,59.92,1.78,14.17,57.64,3.95,1.79,1.61,94.16,1,1,QLD,Hold QLD,No action,,Hold QLD while the Donchian20 signal remains 1.,0.0,0.0,2136.12,2136.12,1813.5,-21.18,-3.93
2013-01-22,60.01,1.78,14.08,57.66,4.08,1.79,1.61,97.77,1,1,QLD,Hold QLD,No action,,Hold QLD while the Donchian20 signal remains 1.,0.0,0.0,2143.83,2143.83,1816.48,-20.9,-3.77
2013-01-23,60.38,1.8,14.28,57.69,4.66,1.79,1.61,107.73,1,1,QLD,Hold QLD,No action,,Hold QLD while the Donchian20 signal remains 1.,0.0,0.0,2165.13,2165.13,1827.56,-20.11,-3.18
2013-01-24,59.55,1.76,14.17,57.71,3.19,1.8,1.61,75.44,1,1,QLD,Hold QLD,No action,,Hold QLD while the Donchian20 signal remains 1.,0.0,0.0,2108.57,2108.57,1802.42,-22.2,-4.51
2013-01-25,59.85,1.77,14.06,57.73,3.68,1.8,1.61,84.69,1,1,QLD,Hold QLD,No action,,Hold QLD while the Donchian20 signal remains 1.,0.0,0.0,2129.87,2129.87,1811.61,-21.42,-4.03
2013-01-28,59.99,1.78,14.39,57.75,3.87,1.8,1.61,88.52,1,1,QLD,Hold QLD,No action,,Hold QLD while the Donchian20 signal remains 1.,0.0,0.0,2138.69,2138.69,1815.67,-21.09,-3.81
2013-01-29,60.0,1.77,14.02,57.78,3.84,1.8,1.61,85.01,1,1,QLD,Hold QLD,No action,,Hold QLD while the Donchian20 signal remains 1.,0.0,0.0,2130.61,2130.61,1815.94,-21.39,-3.8
2013-01-30,59.87,1.78,14.38,57.8,3.59,1.8,1.68,78.5,1,1,QLD,Hold QLD,No action,,Hold QLD while the Donchian20 signal remains 1.,0.0,0.0,2132.44,2132.44,1812.15,-21.32,-4.0
2013-01-31,59.74,1.76,14.83,57.82,3.32,1.8,1.75,23.6,1,1,QLD,Hold QLD,No action,,Hold QLD while the Donchian20 signal remains 1.,0.0,0.0,2119.96,2119.96,1808.09,-21.78,-4.21
2013-02-01,60.44,1.81,13.89,57.84,4.5,1.8,1.75,107.45,1,1,QLD,Hold QLD,No action,,Hold QLD while the Donchian20 signal remains 1.,0.0,0.0,2169.54,2169.54,1829.46,-19.95,-3.08
2013-02-04,59.39,1.74,15.73,57.86,2.65,1.81,1.75,-19.65,1,0,QQQ,Hold QQQ,Reduce QLD to QQQ,QLD->QQQ_on_Donchian_exit,QLD closed below its prior 20-day low; the signal changed to 0 and the account reduced to QQQ.,0.0,2093.51,0.0,2093.51,1797.55,-22.76,-4.77
2013-02-05,60.26,1.8,14.83,57.88,4.12,1.81,1.74,85.51,0,0,QQQ,Hold QQQ,No action,,Hold QQQ after the Donchian exit while QQQ remains at or above EMA200.,0.0,2124.37,0.0,2124.37,1824.05,-21.62,-3.37
2013-02-06,60.07,1.78,14.02,57.9,3.74,1.81,1.74,64.25,0,0,QQQ,Hold QQQ,No action,,Hold QQQ after the Donchian exit while QQQ remains at or above EMA200.,0.0,2117.44,0.0,2117.44,1818.1,-21.87,-3.68
2013-02-07,60.12,1.79,14.77,57.93,3.79,1.81,1.74,70.05,0,0,QQQ,Hold QQQ,No action,,Hold QQQ after the Donchian exit while QQQ remains at or above EMA200.,0.0,2119.33,0.0,2119.33,1819.72,-21.8,-3.6
2013-02-08,60.74,1.82,14.14,57.95,4.81,1.81,1.74,127.53,0,1,QLD,Hold QLD,Buy QLD,toQLD,QLD closed above its prior 20-day high; the signal changed to 1 and the account moved fully into QLD.,0.0,0.0,2141.06,2141.06,1838.38,-21.0,-2.61
2013-02-11,60.76,1.82,14.11,57.98,4.79,1.82,1.74,100.38,1,1,QLD,Hold QLD,No action,,Hold QLD while the Donchian20 signal remains 1.,0.0,0.0,2141.42,2141.42,1838.92,-20.99,-2.58
2013-02-12,60.51,1.81,13.06,58.01,4.31,1.82,1.74,81.51,1,1,QLD,Hold QLD,No action,,Hold QLD while the Donchian20 signal remains 1.,0.0,0.0,2123.83,2123.83,1831.35,-21.64,-2.98
2013-02-13,60.72,1.82,14.41,58.03,4.63,1.82,1.74,97.36,1,1,QLD,Hold QLD,No action,,Hold QLD while the Donchian20 signal remains 1.,0.0,0.0,2138.91,2138.91,1837.84,-21.08,-2.64
2013-02-14,60.7,1.82,13.66,58.06,4.55,1.82,1.74,94.72,1,1,QLD,Hold QLD,No action,,Hold QLD while the Donchian20 signal remains 1.,0.0,0.0,2136.4,2136.4,1837.3,-21.17,-2.67
2013-02-15,60.52,1.81,13.47,58.08,4.2,1.82,1.74,83.77,1,1,QLD,Hold QLD,No action,,Hold QLD while the Donchian20 signal remains 1.,0.0,0.0,2125.98,2125.98,1831.89,-21.56,-2.95
2013-02-19,60.96,1.84,13.42,58.11,4.9,1.82,1.74,115.09,1,1,QLD,Hold QLD,No action,,Hold QLD while the Donchian20 signal remains 1.,0.0,0.0,2155.78,2155.78,1845.14,-20.46,-2.25
2013-02-20,60.02,1.78,15.28,58.13,3.25,1.84,1.74,39.34,1,1,QLD,Hold QLD,No action,,Hold QLD while the Donchian20 signal remains 1.,0.0,0.0,2089.37,2089.37,1816.75,-22.91,-3.75
2013-02-21,59.38,1.74,16.49,58.14,2.13,1.84,1.74,-1.64,1,0,QQQ,Hold QQQ,Reduce QLD to QQQ,QLD->QQQ_on_Donchian_exit,QLD closed below its prior 20-day low; the signal changed to 0 and the account reduced to QQQ.,0.0,2044.49,0.0,2044.49,1797.28,-24.57,-4.79
2013-02-22,59.98,1.78,15.68,58.16,3.12,1.84,1.74,36.45,0,0,QQQ,Hold QQQ,No action,,Hold QQQ after the Donchian exit while QQQ remains at or above EMA200.,0.0,2065.1,0.0,2065.1,1815.4,-23.81,-3.83
2013-02-25,59.24,1.73,19.35,58.17,1.83,1.84,1.74,-10.32,0,0,QQQ,Hold QQQ,No action,,Hold QQQ after the Donchian exit while QQQ remains at or above EMA200.,0.0,2039.57,0.0,2039.57,1792.95,-24.75,-5.01
2013-02-26,59.46,1.74,17.91,58.19,2.19,1.84,1.73,11.99,0,0,QQQ,Hold QQQ,No action,,Hold QQQ after the Donchian exit while QQQ remains at or above EMA200.,0.0,2047.26,0.0,2047.26,1799.71,-24.46,-4.66
2013-02-27,60.07,1.78,16.34,58.2,3.2,1.84,1.73,45.61,0,0,QQQ,Hold QQQ,No action,,Hold QQQ after the Donchian exit while QQQ remains at or above EMA200.,0.0,2068.17,0.0,2068.17,1818.1,-23.69,-3.68
2013-02-28,59.94,1.77,16.3,58.22,2.96,1.84,1.73,40.06,0,0,QQQ,Hold QQQ,No action,,Hold QQQ after the Donchian exit while QQQ remains at or above EMA200.,0.0,2063.87,0.0,2063.87,1814.31,-23.85,-3.88
2013-03-01,60.19,1.79,15.64,58.24,3.35,1.84,1.73,53.8,0,0,QQQ,Hold QQQ,No action,,Hold QQQ after the Donchian exit while QQQ remains at or above EMA200.,0.0,2072.48,0.0,2072.48,1821.88,-23.53,-3.48
2013-03-04,60.46,1.8,15.39,58.26,3.77,1.84,1.73,69.59,0,0,QQQ,Hold QQQ,No action,,Hold QQQ after the Donchian exit while QQQ remains at or above EMA200.,0.0,2081.71,0.0,2081.71,1830.0,-23.19,-3.05
2013-03-05,61.35,1.86,14.6,58.29,5.25,1.84,1.73,121.64,0,1,QLD,Hold QLD,Buy QLD,toQLD,QLD closed above its prior 20-day high; the signal changed to 1 and the account moved fully into QLD.,0.0,0.0,2112.47,2112.47,1857.03,-22.06,-1.62
2013-03-06,61.2,1.85,14.6,58.32,4.94,1.86,1.73,91.83,1,1,QLD,Hold QLD,No action,,Hold QLD while the Donchian20 signal remains 1.,0.0,0.0,2100.65,2100.65,1852.44,-22.49,-1.86
2013-03-07,61.36,1.86,14.23,58.35,5.16,1.86,1.73,100.0,1,1,QLD,Hold QLD,No action,,Hold QLD while the Donchian20 signal remains 1.,0.0,0.0,2112.47,2112.47,1857.31,-22.06,-1.61
2013-03-08,61.44,1.86,13.72,58.38,5.23,1.86,1.73,101.68,1,1,QLD,Hold QLD,No action,,Hold QLD while the Donchian20 signal remains 1.,0.0,0.0,2114.9,2114.9,1859.47,-21.97,-1.49
2013-03-11,61.61,1.87,12.41,58.42,5.47,1.86,1.73,109.93,1,1,QLD,Hold QLD,No action,,Hold QLD while the Donchian20 signal remains 1.,0.0,0.0,2129.49,2129.49,1864.88,-21.43,-1.2
2013-03-12,61.39,1.86,12.84,58.45,5.04,1.87,1.73,90.75,1,1,QLD,Hold QLD,No action,,Hold QLD while the Donchian20 signal remains 1.,0.0,0.0,2114.55,2114.55,1858.12,-21.98,-1.56
2013-03-13,61.31,1.85,12.65,58.47,4.85,1.87,1.73,86.24,1,1,QLD,Hold QLD,No action,,Hold QLD while the Donchian20 signal remains 1.,0.0,0.0,2107.25,2107.25,1855.68,-22.25,-1.69
2013-03-14,61.52,1.87,12.33,58.5,5.15,1.87,1.73,95.48,1,1,QLD,Hold QLD,No action,,Hold QLD while the Donchian20 signal remains 1.,0.0,0.0,2122.2,2122.2,1861.9,-21.7,-1.36
2013-03-15,61.34,1.86,12.03,58.53,4.8,1.87,1.73,88.17,1,1,QLD,Hold QLD,No action,,Hold QLD while the Donchian20 signal remains 1.,0.0,0.0,2110.38,2110.38,1856.73,-22.13,-1.64
2013-03-18,61.21,1.85,13.69,58.56,4.53,1.87,1.73,81.29,1,1,QLD,Hold QLD,No action,,Hold QLD while the Donchian20 signal remains 1.,0.0,0.0,2099.26,2099.26,1852.66,-22.54,-1.85
2013-03-19,61.09,1.84,14.45,58.58,4.28,1.87,1.73,77.63,1,1,QLD,Hold QLD,No action,,Hold QLD while the Donchian20 signal remains 1.,0.0,0.0,2093.35,2093.35,1849.14,-22.76,-2.04
2013-03-20,61.52,1.86,13.42,58.61,4.96,1.87,1.73,93.82,1,1,QLD,Hold QLD,No action,,Hold QLD while the Donchian20 signal remains 1.,0.0,0.0,2119.51,2119.51,1862.15,-21.8,-1.35
2013-03-21,60.83,1.83,14.24,58.64,3.73,1.87,1.73,66.02,1,1,QLD,Hold QLD,No action,,Hold QLD while the Donchian20 signal remains 1.,0.0,0.0,2074.58,2074.58,1841.01,-23.46,-2.47
2013-03-22,61.42,1.86,13.88,58.66,4.69,1.87,1.73,89.94,1,1,QLD,Hold QLD,No action,,Hold QLD while the Donchian20 signal remains 1.,0.0,0.0,2113.24,2113.24,1858.89,-22.03,-1.52
2013-03-25,61.19,1.84,14.35,58.69,4.27,1.87,1.73,79.81,1,1,QLD,Hold QLD,No action,,Hold QLD while the Donchian20 signal remains 1.,0.0,0.0,2096.87,2096.87,1852.12,-22.63,-1.88
2013-03-26,61.52,1.87,13.42,58.72,4.78,1.87,1.74,94.4,1,1,QLD,Hold QLD,No action,,Hold QLD while the Donchian20 signal remains 1.,0.0,0.0,2121.25,2121.25,1862.15,-21.73,-1.35
2013-03-27,61.6,1.87,13.57,58.75,4.87,1.87,1.77,97.35,1,1,QLD,Hold QLD,No action,,Hold QLD while the Donchian20 signal remains 1.,0.0,0.0,2126.47,2126.47,1864.59,-21.54,-1.22
2013-03-28,61.76,1.88,13.28,58.78,5.07,1.87,1.77,107.43,1,1,QLD,Hold QLD,No action,,Hold QLD while the Donchian20 signal remains 1.,0.0,0.0,2137.97,2137.97,1869.19,-21.12,-0.98
2013-04-01,61.34,1.85,14.48,58.8,4.31,1.88,1.79,71.12,1,1,QLD,Hold QLD,No action,,Hold QLD while the Donchian20 signal remains 1.,0.0,0.0,2107.32,2107.32,1856.45,-22.25,-1.65
2013-04-02,61.82,1.88,14.02,58.83,5.08,1.88,1.8,103.19,1,1,QLD,Hold QLD,No action,,Hold QLD while the Donchian20 signal remains 1.,0.0,0.0,2140.75,2140.75,1871.09,-21.01,-0.88
2013-04-03,61.25,1.85,14.94,58.86,4.08,1.88,1.83,41.05,1,1,QLD,Hold QLD,No action,,Hold QLD while the Donchian20 signal remains 1.,0.0,0.0,2101.75,2101.75,1854.02,-22.45,-1.78
2013-04-04,61.27,1.85,15.26,58.88,4.06,1.88,1.83,43.68,1,1,QLD,Hold QLD,No action,,Hold QLD while the Donchian20 signal remains 1.,0.0,0.0,2103.49,2103.49,1854.56,-22.39,-1.75
2013-04-05,60.76,1.82,15.52,58.9,3.17,1.88,1.83,-10.53,1,0,QQQ,Hold QQQ,Reduce QLD to QQQ,QLD->QQQ_on_Donchian_exit,QLD closed below its prior 20-day low; the signal changed to 0 and the account reduced to QQQ.,0.0,2067.62,0.0,2067.62,1839.11,-23.71,-2.57
2013-04-08,61.08,1.84,14.89,58.92,3.67,1.88,1.82,30.48,0,0,QQQ,Hold QQQ,No action,,Hold QQQ after the Donchian exit while QQQ remains at or above EMA200.,0.0,2078.59,0.0,2078.59,1848.87,-23.31,-2.05
2013-04-09,61.5,1.86,14.46,58.95,4.33,1.88,1.82,66.67,0,0,QQQ,Hold QQQ,No action,,Hold QQQ after the Donchian exit while QQQ remains at or above EMA200.,0.0,2092.6,0.0,2092.6,1861.33,-22.79,-1.39
2013-04-10,62.7,1.94,13.71,58.98,6.3,1.88,1.82,180.95,0,1,QLD,Hold QLD,Buy QLD,toQLD,QLD closed above its prior 20-day high; the signal changed to 1 and the account moved fully into QLD.,0.0,0.0,2133.43,2133.43,1897.65,-21.28,0.0
2013-04-11,62.67,1.93,14.09,59.02,6.18,1.94,1.82,96.84,1,1,QLD,Hold QLD,No action,,Hold QLD while the Donchian20 signal remains 1.,0.0,0.0,2129.38,2129.38,1896.84,-21.43,-0.04
2013-04-12,62.62,1.93,13.88,59.06,6.04,1.94,1.82,95.53,1,1,QLD,Hold QLD,No action,,Hold QLD while the Donchian20 signal remains 1.,0.0,0.0,2127.69,2127.69,1895.48,-21.5,-0.11
2013-04-15,61.39,1.85,17.16,59.08,3.91,1.94,1.82,30.53,1,1,QLD,Hold QLD,No action,,Hold QLD while the Donchian20 signal remains 1.,0.0,0.0,2044.27,2044.27,1858.08,-24.57,-2.09
2013-04-16,62.2,1.9,15.72,59.11,5.23,1.94,1.82,73.16,1,1,QLD,Hold QLD,No action,,Hold QLD while the Donchian20 signal remains 1.,0.0,0.0,2098.98,2098.98,1882.74,-22.56,-0.79
2013-04-17,60.99,1.83,18.2,59.13,3.14,1.94,1.82,9.21,1,1,QLD,Hold QLD,No action,,Hold QLD while the Donchian20 signal remains 1.,0.0,0.0,2016.91,2016.91,1845.89,-25.58,-2.73
2013-04-18,60.14,1.78,18.75,59.14,1.7,1.94,1.82,-35.0,1,0,QQQ,Hold QQQ,Reduce QLD to QQQ,QLD->QQQ_on_Donchian_exit,QLD closed below its prior 20-day low; the signal changed to 0 and the account reduced to QQQ.,0.0,1960.18,0.0,1960.18,1820.41,-27.68,-4.07
2013-04-19,60.97,1.83,17.17,59.16,3.06,1.94,1.78,31.38,0,0,QQQ,Hold QQQ,No action,,Hold QQQ after the Donchian exit while QQQ remains at or above EMA200.,0.0,1987.02,0.0,1987.02,1845.34,-26.69,-2.76
2013-04-22,61.6,1.86,16.13,59.18,4.08,1.94,1.78,53.8,0,0,QQQ,Hold QQQ,No action,,Hold QQQ after the Donchian exit while QQQ remains at or above EMA200.,0.0,2007.45,0.0,2007.45,1864.31,-25.93,-1.76
2013-04-23,62.19,1.9,15.72,59.21,5.02,1.94,1.78,76.8,0,0,QQQ,Hold QQQ,No action,,Hold QQQ after the Donchian exit while QQQ remains at or above EMA200.,0.0,2026.71,0.0,2026.71,1882.2,-25.22,-0.81
2013-04-24,62.16,1.9,15.4,59.24,4.93,1.94,1.78,75.83,0,0,QQQ,Hold QQQ,No action,,Hold QQQ after the Donchian exit while QQQ remains at or above EMA200.,0.0,2025.84,0.0,2025.84,1881.39,-25.25,-0.86
2013-04-25,62.49,1.92,15.32,59.27,5.43,1.94,1.78,88.69,0,0,QQQ,Hold QQQ,No action,,Hold QQQ after the Donchian exit while QQQ remains at or above EMA200.,0.0,2036.63,0.0,2036.63,1891.42,-24.86,-0.33
2013-04-26,62.29,1.91,15.48,59.3,5.04,1.94,1.78,81.87,0,0,QQQ,Hold QQQ,No action,,Hold QQQ after the Donchian exit while QQQ remains at or above EMA200.,0.0,2030.21,0.0,2030.21,1885.45,-25.09,-0.64
2013-04-29,62.87,1.94,15.32,59.34,5.95,1.94,1.78,103.9,0,1,QLD,Hold QLD,Buy QLD,toQLD,QLD closed above its prior 20-day high; the signal changed to 1 and the account moved fully into QLD.,0.0,0.0,2048.89,2048.89,1902.8,-24.4,0.0
2013-04-30,63.32,1.97,15.34,59.38,6.64,1.94,1.78,116.51,1,1,QLD,Hold QLD,No action,,Hold QLD while the Donchian20 signal remains 1.,0.0,0.0,2077.34,2077.34,1916.62,-23.35,0.0
2013-05-01,63.03,1.95,16.0,59.41,6.08,1.97,1.78,91.3,1,1,QLD,Hold QLD,No action,,Hold QLD while the Donchian20 signal remains 1.,0.0,0.0,2059.88,2059.88,1907.68,-24.0,-0.47
2013-05-02,63.82,2.0,15.19,59.46,7.34,1.97,1.78,116.75,1,1,QLD,Hold QLD,No action,,Hold QLD while the Donchian20 signal remains 1.,0.0,0.0,2110.97,2110.97,1931.8,-22.11,0.0
2013-05-03,64.58,2.05,14.66,59.51,8.52,2.0,1.78,121.38,1,1,QLD,Hold QLD,No action,,Hold QLD while the Donchian20 signal remains 1.,0.0,0.0,2161.08,2161.08,1954.56,-20.26,0.0
2013-05-06,64.83,2.06,14.6,59.56,8.84,2.05,1.78,105.57,1,1,QLD,Hold QLD,No action,,Hold QLD while the Donchian20 signal remains 1.,0.0,0.0,2176.92,2176.92,1962.15,-19.68,0.0
2013-05-07,64.79,2.06,14.27,59.61,8.69,2.06,1.78,99.14,1,1,QLD,Hold QLD,No action,,Hold QLD while the Donchian20 signal remains 1.,0.0,0.0,2174.34,2174.34,1961.07,-19.77,-0.06
2013-05-08,65.11,2.08,14.49,59.67,9.11,2.06,1.78,106.35,1,1,QLD,Hold QLD,No action,,Hold QLD while the Donchian20 signal remains 1.,0.0,0.0,2196.0,2196.0,1970.55,-18.98,0.0
2013-05-09,65.02,2.08,14.49,59.72,8.86,2.08,1.78,98.68,1,1,QLD,Hold QLD,No action,,Hold QLD while the Donchian20 signal remains 1.,0.0,0.0,2191.8,2191.8,1967.84,-19.13,-0.14
2013-05-10,65.41,2.1,14.34,59.78,9.42,2.08,1.78,105.97,1,1,QLD,Hold QLD,No action,,Hold QLD while the Donchian20 signal remains 1.,0.0,0.0,2215.08,2215.08,1979.77,-18.27,0.0
2013-05-13,65.49,2.11,14.59,59.84,9.45,2.1,1.78,102.2,1,1,QLD,Hold QLD,No action,,Hold QLD while the Donchian20 signal remains 1.,0.0,0.0,2222.51,2222.51,1982.21,-18.0,0.0
2013-05-14,65.83,2.13,14.78,59.89,9.91,2.11,1.78,106.45,1,1,QLD,Hold QLD,No action,,Hold QLD while the Donchian20 signal remains 1.,0.0,0.0,2244.82,2244.82,1992.5,-17.17,0.0
2013-05-15,65.96,2.14,13.88,59.96,10.02,2.13,1.78,102.37,1,1,QLD,Hold QLD,No action,,Hold QLD while the Donchian20 signal remains 1.,0.0,0.0,2253.55,2253.55,1996.57,-16.85,0.0
2013-05-16,65.89,2.13,13.72,60.01,9.8,2.14,1.78,98.97,1,1,QLD,Hold QLD,No action,,Hold QLD while the Donchian20 signal remains 1.,0.0,0.0,2249.67,2249.67,1994.4,-17.0,-0.11
2013-05-17,66.53,2.17,13.3,60.08,10.74,2.14,1.83,111.44,1,1,QLD,Hold QLD,No action,,Hold QLD while the Donchian20 signal remains 1.,0.0,0.0,2290.73,2290.73,2013.64,-15.48,0.0
2013-05-20,66.43,2.16,13.53,60.14,10.46,2.17,1.86,98.01,1,1,QLD,Hold QLD,No action,,Hold QLD while the Donchian20 signal remains 1.,0.0,0.0,2284.27,2284.27,2010.66,-15.72,-0.15
2013-05-21,66.5,2.17,14.41,60.21,10.46,2.17,1.9,99.22,1,1,QLD,Hold QLD,No action,,Hold QLD while the Donchian20 signal remains 1.,0.0,0.0,2288.47,2288.47,2012.83,-15.56,-0.04
2013-05-22,65.92,2.13,14.73,60.26,9.39,2.17,1.9,86.55,1,1,QLD,Hold QLD,No action,,Hold QLD while the Donchian20 signal remains 1.,0.0,0.0,2251.94,2251.94,1995.22,-16.91,-0.92
2013-05-23,65.77,2.12,14.89,60.32,9.04,2.17,1.91,80.95,1,1,QLD,Hold QLD,No action,,Hold QLD while the Donchian20 signal remains 1.,0.0,0.0,2237.71,2237.71,1990.61,-17.44,-1.14
2013-05-24,65.73,2.12,14.48,60.37,8.88,2.17,1.91,80.84,1,1,QLD,Hold QLD,No action,,Hold QLD while the Donchian20 signal remains 1.,0.0,0.0,2237.39,2237.39,1989.52,-17.45,-1.2
2013-05-28,66.16,2.15,14.99,60.43,9.49,2.17,1.94,89.71,1,1,QLD,Hold QLD,No action,,Hold QLD while the Donchian20 signal remains 1.,0.0,0.0,2265.84,2265.84,2002.53,-16.4,-0.55
2013-05-29,65.85,2.13,15.18,60.48,8.87,2.17,1.95,79.69,1,1,QLD,Hold QLD,No action,,Hold QLD while the Donchian20 signal remains 1.,0.0,0.0,2243.85,2243.85,1993.05,-17.21,-1.02
2013-05-30,66.2,2.15,14.99,60.54,9.35,2.17,1.95,89.78,1,1,QLD,Hold QLD,No action,,Hold QLD while the Donchian20 signal remains 1.,0.0,0.0,2267.13,2267.13,2003.62,-16.35,-0.5
2013-05-31,65.59,2.11,15.99,60.59,8.25,2.17,2.0,63.49,1,1,QLD,Hold QLD,No action,,Hold QLD while the Donchian20 signal remains 1.,0.0,0.0,2225.1,2225.1,1985.19,-17.9,-1.41
2013-06-03,65.71,2.12,16.79,60.64,8.35,2.17,2.05,56.61,1,1,QLD,Hold QLD,No action,,Hold QLD while the Donchian20 signal remains 1.,0.0,0.0,2234.48,2234.48,1988.71,-17.56,-1.24
2013-06-04,65.36,2.1,16.84,60.69,7.71,2.17,2.06,31.67,1,1,QLD,Hold QLD,No action,,Hold QLD while the Donchian20 signal remains 1.,0.0,0.0,2211.2,2211.2,1978.41,-18.41,-1.75
2013-06-05,64.51,2.04,17.49,60.73,6.24,2.17,2.06,-16.67,1,0,QQQ,Hold QQQ,Reduce QLD to QQQ,QLD->QQQ_on_Donchian_exit,QLD closed below its prior 20-day low; the signal changed to 0 and the account reduced to QQQ.,0.0,2154.94,0.0,2154.94,1952.67,-20.49,-3.03
2013-06-06,64.83,2.06,17.4,60.77,6.68,2.17,2.04,11.67,0,0,QQQ,Hold QQQ,No action,,Hold QQQ after the Donchian exit while QQQ remains at or above EMA200.,0.0,2165.41,0.0,2165.41,1962.15,-20.1,-2.56
2013-06-07,65.71,2.12,15.88,60.82,8.05,2.17,2.04,56.9,0,0,QQQ,Hold QQQ,No action,,Hold QQQ after the Donchian exit while QQQ remains at or above EMA200.,0.0,2195.02,0.0,2195.02,1988.98,-19.01,-1.22
2013-06-10,65.74,2.12,15.86,60.86,8.01,2.17,2.04,59.28,0,0,QQQ,Hold QQQ,No action,,Hold QQQ after the Donchian exit while QQQ remains at or above EMA200.,0.0,2195.91,0.0,2195.91,1989.79,-18.98,-1.18
2013-06-11,65.09,2.08,16.88,60.91,6.86,2.17,2.04,26.19,0,0,QQQ,Hold QQQ,No action,,Hold QQQ after the Donchian exit while QQQ remains at or above EMA200.,0.0,2174.08,0.0,2174.08,1970.01,-19.78,-2.17
2013-06-12,64.34,2.03,18.7,60.94,5.57,2.17,2.04,-11.43,0,0,QQQ,Hold QQQ,No action,,Hold QQQ after the Donchian exit while QQQ remains at or above EMA200.,0.0,2148.96,0.0,2148.96,1947.25,-20.71,-3.3
2013-06-13,65.15,2.08,17.13,60.98,6.83,2.17,2.03,34.62,0,0,QQQ,Hold QQQ,No action,,Hold QQQ after the Donchian exit while QQQ remains at or above EMA200.,0.0,2176.17,0.0,2176.17,1971.91,-19.71,-2.07
2013-06-14,64.72,2.05,17.28,61.02,6.06,2.17,2.03,16.88,0,0,QQQ,Hold QQQ,No action,,Hold QQQ after the Donchian exit while QQQ remains at or above EMA200.,0.0,2161.82,0.0,2161.82,1958.9,-20.24,-2.72
2013-06-17,65.35,2.09,16.95,61.06,7.02,2.17,2.03,43.16,0,0,QQQ,Hold QQQ,No action,,Hold QQQ after the Donchian exit while QQQ remains at or above EMA200.,0.0,2182.75,0.0,2182.75,1977.87,-19.46,-1.78
2013-06-18,65.88,2.12,16.47,61.11,7.81,2.17,2.03,68.33,0,0,QQQ,Hold QQQ,No action,,Hold QQQ after the Donchian exit while QQQ remains at or above EMA200.,0.0,2200.7,0.0,2200.7,1994.13,-18.8,-0.97
2013-06-19,65.15,2.08,15.12,61.15,6.54,2.17,2.03,34.71,0,0,QQQ,Hold QQQ,No action,,Hold QQQ after the Donchian exit while QQQ remains at or above EMA200.,0.0,2176.17,0.0,2176.17,1971.91,-19.71,-2.07
2013-06-20,63.6,1.97,20.06,61.18,3.96,2.15,2.03,-43.29,0,0,QQQ,Hold QQQ,No action,,Hold QQQ after the Donchian exit while QQQ remains at or above EMA200.,0.0,2124.43,0.0,2124.43,1925.02,-21.62,-4.4
2013-06-21,63.26,1.96,19.44,61.2,3.38,2.15,1.97,-9.89,0,0,QQQ,Hold QQQ,No action,,Hold QQQ after the Donchian exit while QQQ remains at or above EMA200.,0.0,2113.15,0.0,2113.15,1914.8,-22.03,-4.91
2013-06-24,62.63,1.92,19.83,61.21,2.33,2.15,1.96,-20.74,0,0,QQQ,Hold QQQ,No action,,Hold QQQ after the Donchian exit while QQQ remains at or above EMA200.,0.0,2092.15,0.0,2092.15,1895.77,-22.81,-5.85
2013-06-25,63.09,1.94,18.8,61.23,3.04,2.15,1.92,11.58,0,0,QQQ,Hold QQQ,No action,,Hold QQQ after the Donchian exit while QQQ remains at or above EMA200.,0.0,2107.45,0.0,2107.45,1909.63,-22.24,-5.17
2013-06-26,63.66,1.98,17.38,61.25,3.93,2.15,1.92,25.97,0,0,QQQ,Hold QQQ,No action,,Hold QQQ after the Donchian exit while QQQ remains at or above EMA200.,0.0,2126.35,0.0,2126.35,1926.76,-21.55,-4.31
2013-06-27,63.93,2.0,16.72,61.28,4.32,2.15,1.92,34.49,0,0,QQQ,Hold QQQ,No action,,Hold QQQ after the Donchian exit while QQQ remains at or above EMA200.,0.0,2135.35,0.0,2135.35,1934.92,-21.21,-3.91
2013-06-28,64.02,2.0,16.47,61.31,4.42,2.12,1.92,39.49,0,0,QQQ,Hold QQQ,No action,,Hold QQQ after the Donchian exit while QQQ remains at or above EMA200.,0.0,2138.35,0.0,2138.35,1937.64,-21.1,-3.77
2013-07-01,64.41,2.03,16.16,61.34,5.01,2.12,1.92,53.5,0,0,QQQ,Hold QQQ,No action,,Hold QQQ after the Donchian exit while QQQ remains at or above EMA200.,0.0,2151.55,0.0,2151.55,1949.6,-20.62,-3.18
2013-07-02,64.44,2.03,15.94,61.37,5.0,2.12,1.92,53.8,0,0,QQQ,Hold QQQ,No action,,Hold QQQ after the Donchian exit while QQQ remains at or above EMA200.,0.0,2152.45,0.0,2152.45,1950.41,-20.58,-3.14
2013-07-03,64.7,2.05,15.8,61.4,5.37,2.12,1.92,62.15,0,0,QQQ,Hold QQQ,No action,,Hold QQQ after the Donchian exit while QQQ remains at or above EMA200.,0.0,2161.16,0.0,2161.16,1958.3,-20.26,-2.75
2013-07-05,65.19,2.08,14.91,61.44,6.11,2.12,1.92,76.6,0,0,QQQ,Hold QQQ,No action,,Hold QQQ after the Donchian exit while QQQ remains at or above EMA200.,0.0,2177.66,0.0,2177.66,1973.25,-19.65,-2.01
2013-07-08,65.26,2.08,14.77,61.48,6.15,2.12,1.92,78.39,0,0,QQQ,Hold QQQ,No action,,Hold QQQ after the Donchian exit while QQQ remains at or above EMA200.,0.0,2179.76,0.0,2179.76,1975.15,-19.57,-1.91
2013-07-09,65.65,2.1,14.26,61.52,6.72,2.12,1.92,90.76,0,0,QQQ,Hold QQQ,No action,,Hold QQQ after the Donchian exit while QQQ remains at or above EMA200.,0.0,2192.96,0.0,2192.96,1987.12,-19.09,-1.32
2013-07-10,66.03,2.13,13.95,61.56,7.25,2.12,1.92,103.13,0,1,QLD,Hold QLD,Buy QLD,toQLD,QLD closed above its prior 20-day high; the signal changed to 1 and the account moved fully into QLD.,0.0,0.0,2205.56,2205.56,1998.54,-18.62,-0.75
2013-07-11,67.34,2.22,13.87,61.62,9.28,2.13,1.92,141.47,1,1,QLD,Hold QLD,No action,,Hold QLD while the Donchian20 signal remains 1.,0.0,0.0,2296.6,2296.6,2038.23,-15.26,0.0
2013-07-12,67.64,2.23,13.96,61.68,9.66,2.22,1.92,105.41,1,1,QLD,Hold QLD,No action,,Hold QLD while the Donchian20 signal remains 1.,0.0,0.0,2313.41,2313.41,2047.2,-14.64,0.0
2013-07-15,67.79,2.24,14.03,61.74,9.8,2.23,1.92,103.29,1,1,QLD,Hold QLD,No action,,Hold QLD while the Donchian20 signal remains 1.,0.0,0.0,2324.2,2324.2,2051.82,-14.25,0.0
2013-07-16,67.7,2.24,14.25,61.8,9.54,2.24,1.92,98.22,1,1,QLD,Hold QLD,No action,,Hold QLD while the Donchian20 signal remains 1.,0.0,0.0,2318.17,2318.17,2049.1,-14.47,-0.13
2013-07-17,67.87,2.25,13.92,61.86,9.71,2.24,1.92,101.31,1,1,QLD,Hold QLD,No action,,Hold QLD while the Donchian20 signal remains 1.,0.0,0.0,2328.64,2328.64,2054.27,-14.08,0.0
2013-07-18,67.7,2.24,13.47,61.92,9.33,2.25,1.92,96.57,1,1,QLD,Hold QLD,No action,,Hold QLD while the Donchian20 signal remains 1.,0.0,0.0,2316.9,2316.9,2049.1,-14.51,-0.25
2013-07-19,67.0,2.19,13.75,61.97,8.11,2.25,1.92,82.87,1,1,QLD,Hold QLD,No action,,Hold QLD while the Donchian20 signal remains 1.,0.0,0.0,2269.95,2269.95,2027.9,-16.25,-1.28
2013-07-22,67.2,2.2,13.39,62.02,8.34,2.25,1.92,86.11,1,1,QLD,Hold QLD,No action,,Hold QLD while the Donchian20 signal remains 1.,0.0,0.0,2281.06,2281.06,2033.88,-15.84,-0.99
2013-07-23,66.7,2.17,13.37,62.07,7.47,2.25,1.92,76.94,1,1,QLD,Hold QLD,No action,,Hold QLD while the Donchian20 signal remains 1.,0.0,0.0,2249.65,2249.65,2018.93,-17.0,-1.72
2013-07-24,66.92,2.19,13.27,62.12,7.73,2.25,1.94,79.25,1,1,QLD,Hold QLD,No action,,Hold QLD while the Donchian20 signal remains 1.,0.0,0.0,2263.29,2263.29,2025.45,-16.49,-1.4
2013-07-25,67.34,2.21,13.32,62.17,8.32,2.25,1.98,86.33,1,1,QLD,Hold QLD,No action,,Hold QLD while the Donchian20 signal remains 1.,0.0,0.0,2290.26,2290.26,2038.23,-15.5,-0.78
2013-07-26,67.7,2.24,12.93,62.22,8.8,2.25,2.0,94.76,1,1,QLD,Hold QLD,No action,,Hold QLD while the Donchian20 signal remains 1.,0.0,0.0,2315.0,2315.0,2049.1,-14.58,-0.25
2013-07-29,67.57,2.23,13.65,62.28,8.51,2.25,2.0,91.53,1,1,QLD,Hold QLD,No action,,Hold QLD while the Donchian20 signal remains 1.,0.0,0.0,2306.75,2306.75,2045.3,-14.89,-0.44
2013-07-30,67.93,2.25,13.87,62.33,8.98,2.25,2.03,100.69,1,1,QLD,Hold QLD,No action,,Hold QLD while the Donchian20 signal remains 1.,0.0,0.0,2330.22,2330.22,2056.17,-14.02,0.0
2013-07-31,68.06,2.26,14.25,62.39,9.09,2.25,2.03,104.42,1,1,QLD,Hold QLD,No action,,Hold QLD while the Donchian20 signal remains 1.,0.0,0.0,2340.37,2340.37,2059.98,-13.65,0.0
2013-08-01,68.75,2.31,13.88,62.45,10.08,2.26,2.05,120.86,1,1,QLD,Hold QLD,No action,,Hold QLD while the Donchian20 signal remains 1.,0.0,0.0,2386.69,2386.69,2080.91,-11.94,0.0
2013-08-02,69.14,2.33,12.77,62.52,10.58,2.31,2.08,111.75,1,1,QLD,Hold QLD,No action,,Hold QLD while the Donchian20 signal remains 1.,0.0,0.0,2414.6,2414.6,2092.6,-10.91,0.0
2013-08-05,69.18,2.34,12.83,62.59,10.54,2.33,2.08,101.33,1,1,QLD,Hold QLD,No action,,Hold QLD while the Donchian20 signal remains 1.,0.0,0.0,2418.09,2418.09,2093.96,-10.78,0.0
2013-08-06,68.77,2.31,13.35,62.65,9.77,2.34,2.1,87.91,1,1,QLD,Hold QLD,No action,,Hold QLD while the Donchian20 signal remains 1.,0.0,0.0,2389.23,2389.23,2081.46,-11.85,-0.6
2013-08-07,68.64,2.3,13.44,62.71,9.46,2.34,2.13,82.24,1,1,QLD,Hold QLD,No action,,Hold QLD while the Donchian20 signal remains 1.,0.0,0.0,2380.34,2380.34,2077.65,-12.17,-0.78
2013-08-08,68.98,2.32,13.26,62.77,9.9,2.34,2.17,90.4,1,1,QLD,Hold QLD,No action,,Hold QLD while the Donchian20 signal remains 1.,0.0,0.0,2401.91,2401.91,2087.98,-11.38,-0.29
2013-08-09,68.71,2.3,13.63,62.83,9.35,2.34,2.17,80.04,1,1,QLD,Hold QLD,No action,,Hold QLD while the Donchian20 signal remains 1.,0.0,0.0,2384.47,2384.47,2079.55,-12.02,-0.69
2013-08-12,68.87,2.31,12.86,62.89,9.51,2.34,2.17,85.31,1,1,QLD,Hold QLD,No action,,Hold QLD while the Donchian20 signal remains 1.,0.0,0.0,2393.35,2393.35,2084.45,-11.69,-0.45
2013-08-13,69.25,2.34,12.5,62.95,10.01,2.34,2.17,101.13,1,1,QLD,Hold QLD,No action,,Hold QLD while the Donchian20 signal remains 1.,0.0,0.0,2420.0,2420.0,2096.14,-10.71,0.0
2013-08-14,68.99,2.32,13.3,63.01,9.49,2.34,2.17,90.13,1,1,QLD,Hold QLD,No action,,Hold QLD while the Donchian20 signal remains 1.,0.0,0.0,2403.18,2403.18,2088.25,-11.33,-0.38
2013-08-15,67.83,2.24,14.9,63.06,7.56,2.34,2.17,43.2,1,1,QLD,Hold QLD,No action,,Hold QLD while the Donchian20 signal remains 1.,0.0,0.0,2323.25,2323.25,2052.91,-14.28,-2.06
2013-08-16,67.8,2.24,14.73,63.11,7.43,2.34,2.17,40.6,1,1,QLD,Hold QLD,No action,,Hold QLD while the Donchian20 signal remains 1.,0.0,0.0,2318.8,2318.8,2052.1,-14.44,-2.1
2013-08-19,67.68,2.23,15.53,63.15,7.17,2.34,2.17,36.31,1,1,QLD,Hold QLD,No action,,Hold QLD while the Donchian20 signal remains 1.,0.0,0.0,2311.51,2311.51,2048.56,-14.71,-2.27
2013-08-20,67.98,2.25,15.15,63.2,7.56,2.34,2.17,48.23,1,1,QLD,Hold QLD,No action,,Hold QLD while the Donchian20 signal remains 1.,0.0,0.0,2331.81,2331.81,2057.53,-13.96,-1.84
2013-08-21,67.75,2.24,15.99,63.25,7.11,2.34,2.19,33.4,1,1,QLD,Hold QLD,No action,,Hold QLD while the Donchian20 signal remains 1.,0.0,0.0,2315.63,2315.63,2050.46,-14.56,-2.18
2013-08-22,68.41,2.28,15.44,63.3,8.08,2.34,2.21,53.3,1,1,QLD,Hold QLD,No action,,Hold QLD while the Donchian20 signal remains 1.,0.0,0.0,2359.41,2359.41,2070.58,-12.95,-1.22
2013-08-23,68.87,2.31,14.62,63.35,8.7,2.34,2.23,76.19,1,1,QLD,Hold QLD,No action,,Hold QLD while the Donchian20 signal remains 1.,0.0,0.0,2393.03,2393.03,2084.45,-11.71,-0.56
2013-08-26,68.9,2.31,15.32,63.41,8.67,2.34,2.23,76.75,1,1,QLD,Hold QLD,No action,,Hold QLD while the Donchian20 signal remains 1.,0.0,0.0,2393.67,2393.67,2085.53,-11.68,-0.51
2013-08-27,67.49,2.22,17.63,63.45,6.37,2.34,2.23,-15.5,1,0,QQQ,Hold QQQ,Reduce QLD to QQQ,QLD->QQQ_on_Donchian_exit,QLD closed below its prior 20-day low; the signal changed to 0 and the account reduced to QQQ.,0.0,2294.7,0.0,2294.7,2042.85,-15.33,-2.54
2013-08-28,67.75,2.24,17.42,63.49,6.71,2.34,2.22,16.46,0,0,QQQ,Hold QQQ,No action,,Hold QQQ after the Donchian exit while QQQ remains at or above EMA200.,0.0,2303.55,0.0,2303.55,2050.74,-15.01,-2.17
2013-08-29,68.23,2.27,17.4,63.54,7.38,2.34,2.22,41.52,0,0,QQQ,Hold QQQ,No action,,Hold QQQ after the Donchian exit while QQQ remains at or above EMA200.,0.0,2319.74,0.0,2319.74,2065.15,-14.41,-1.48
2013-08-30,67.79,2.24,17.53,63.58,6.62,2.34,2.22,16.96,0,0,QQQ,Hold QQQ,No action,,Hold QQQ after the Donchian exit while QQQ remains at or above EMA200.,0.0,2304.78,0.0,2304.78,2051.82,-14.96,-2.11
2013-09-03,68.18,2.26,17.89,63.63,7.15,2.34,2.22,36.2,0,0,QQQ,Hold QQQ,No action,,Hold QQQ after the Donchian exit while QQQ remains at or above EMA200.,0.0,2317.91,0.0,2317.91,2063.51,-14.48,-1.56
2013-09-04,68.9,2.31,16.77,63.68,8.2,2.34,2.22,78.23,0,0,QQQ,Hold QQQ,No action,,Hold QQQ after the Donchian exit while QQQ remains at or above EMA200.,0.0,2342.64,0.0,2342.64,2085.53,-13.56,-0.51
2013-09-05,69.02,2.32,16.51,63.73,8.3,2.34,2.22,84.81,0,0,QQQ,Hold QQQ,No action,,Hold QQQ after the Donchian exit while QQQ remains at or above EMA200.,0.0,2346.61,0.0,2346.61,2089.07,-13.42,-0.34
2013-09-06,69.1,2.32,16.32,63.79,8.33,2.34,2.22,89.11,0,0,QQQ,Hold QQQ,No action,,Hold QQQ after the Donchian exit while QQQ remains at or above EMA200.,0.0,2349.36,0.0,2349.36,2091.52,-13.32,-0.22
2013-09-09,69.91,2.38,16.16,63.85,9.49,2.34,2.22,133.16,0,1,QLD,Hold QLD,Buy QLD,toQLD,QLD closed above its prior 20-day high; the signal changed to 1 and the account moved fully into QLD.,0.0,0.0,2376.85,2376.85,2115.98,-12.3,0.0
2013-09-10,70.25,2.4,15.24,63.91,9.92,2.38,2.22,115.02,1,1,QLD,Hold QLD,No action,,Hold QLD while the Donchian20 signal remains 1.,0.0,0.0,2401.05,2401.05,2126.32,-11.41,0.0
2013-09-11,70.12,2.39,14.73,63.97,9.6,2.4,2.22,95.21,1,1,QLD,Hold QLD,No action,,Hold QLD while the Donchian20 signal remains 1.,0.0,0.0,2392.16,2392.16,2122.24,-11.74,-0.19
2013-09-12,70.07,2.39,14.75,64.03,9.43,2.4,2.22,92.73,1,1,QLD,Hold QLD,No action,,Hold QLD while the Donchian20 signal remains 1.,0.0,0.0,2387.57,2387.57,2120.88,-11.91,-0.26
2013-09-13,70.12,2.39,14.7,64.09,9.4,2.4,2.22,95.04,1,1,QLD,Hold QLD,No action,,Hold QLD while the Donchian20 signal remains 1.,0.0,0.0,2391.86,2391.86,2122.24,-11.75,-0.19
2013-09-16,69.93,2.38,15.16,64.15,9.0,2.4,2.22,87.6,1,1,QLD,Hold QLD,No action,,Hold QLD while the Donchian20 signal remains 1.,0.0,0.0,2378.07,2378.07,2116.53,-12.26,-0.46
2013-09-17,70.4,2.41,14.72,64.21,9.62,2.4,2.22,105.12,1,1,QLD,Hold QLD,No action,,Hold QLD while the Donchian20 signal remains 1.,0.0,0.0,2410.54,2410.54,2130.67,-11.06,0.0
2013-09-18,71.24,2.47,14.15,64.28,10.82,2.41,2.22,129.4,1,1,QLD,Hold QLD,No action,,Hold QLD while the Donchian20 signal remains 1.,0.0,0.0,2467.82,2467.82,2156.22,-8.95,0.0
2013-09-19,71.41,2.48,13.77,64.36,10.96,2.47,2.22,104.5,1,1,QLD,Hold QLD,No action,,Hold QLD while the Donchian20 signal remains 1.,0.0,0.0,2479.15,2479.15,2161.39,-8.53,0.0
2013-09-20,71.17,2.46,12.97,64.42,10.47,2.48,2.22,93.26,1,1,QLD,Hold QLD,No action,,Hold QLD while the Donchian20 signal remains 1.,0.0,0.0,2461.38,2461.38,2153.97,-9.18,-0.34
2013-09-23,71.02,2.45,14.64,64.49,10.13,2.48,2.22,89.3,1,1,QLD,Hold QLD,No action,,Hold QLD while the Donchian20 signal remains 1.,0.0,0.0,2450.97,2450.97,2149.61,-9.57,-0.55
2013-09-24,71.02,2.45,14.37,64.55,10.02,2.48,2.22,89.65,1,1,QLD,Hold QLD,No action,,Hold QLD while the Donchian20 signal remains 1.,0.0,0.0,2451.89,2451.89,2149.61,-9.53,-0.55
2013-09-25,70.78,2.44,14.66,64.62,9.54,2.48,2.22,84.07,1,1,QLD,Hold QLD,No action,,Hold QLD while the Donchian20 signal remains 1.,0.0,0.0,2437.19,2437.19,2142.24,-10.08,-0.89
2013-09-26,71.33,2.47,14.36,64.68,10.27,2.48,2.24,97.61,1,1,QLD,Hold QLD,No action,,Hold QLD while the Donchian20 signal remains 1.,0.0,0.0,2473.33,2473.33,2158.88,-8.74,-0.12
2013-09-27,71.24,2.47,15.65,64.75,10.02,2.48,2.24,95.33,1,1,QLD,Hold QLD,No action,,Hold QLD while the Donchian20 signal remains 1.,0.0,0.0,2467.82,2467.82,2156.15,-8.95,-0.24
2013-09-30,71.07,2.45,16.73,64.81,9.65,2.48,2.24,88.02,1,1,QLD,Hold QLD,No action,,Hold QLD while the Donchian20 signal remains 1.,0.0,0.0,2450.05,2450.05,2150.97,-9.6,-0.48
2013-10-01,71.79,2.51,15.97,64.88,10.65,2.48,2.26,111.72,1,1,QLD,Hold QLD,No action,,Hold QLD while the Donchian20 signal remains 1.,0.0,0.0,2504.88,2504.88,2172.79,-7.58,0.0
2013-10-02,71.76,2.5,16.72,64.95,10.49,2.51,2.31,98.58,1,1,QLD,Hold QLD,No action,,Hold QLD while the Donchian20 signal remains 1.,0.0,0.0,2502.12,2502.12,2171.97,-7.68,-0.04
2013-10-03,70.92,2.45,18.3,65.01,9.1,2.51,2.32,67.65,1,1,QLD,Hold QLD,No action,,Hold QLD while the Donchian20 signal remains 1.,0.0,0.0,2444.54,2444.54,2146.61,-9.81,-1.2
2013-10-04,71.53,2.49,17.32,65.07,9.93,2.51,2.32,89.19,1,1,QLD,Hold QLD,No action,,Hold QLD while the Donchian20 signal remains 1.,0.0,0.0,2485.28,2485.28,2165.15,-8.3,-0.35
2013-10-07,70.94,2.44,19.84,65.13,8.92,2.51,2.38,52.63,1,1,QLD,Hold QLD,No action,,Hold QLD while the Donchian20 signal remains 1.,0.0,0.0,2444.23,2444.23,2147.15,-9.82,-1.18
2013-10-08,69.57,2.35,22.07,65.18,6.74,2.51,2.38,-19.81,1,0,QQQ,Hold QQQ,Reduce QLD to QQQ,QLD->QQQ_on_Donchian_exit,QLD closed below its prior 20-day low; the signal changed to 0 and the account reduced to QQQ.,0.0,2352.96,0.0,2352.96,2105.7,-13.18,-3.09
2013-10-09,69.35,2.34,21.68,65.22,6.34,2.51,2.35,-11.29,0,0,QQQ,Hold QQQ,No action,,Hold QQQ after the Donchian exit while QQQ remains at or above EMA200.,0.0,2345.64,0.0,2345.64,2099.16,-13.45,-3.39
2013-10-10,70.82,2.43,18.45,65.27,8.5,2.51,2.34,57.25,0,0,QQQ,Hold QQQ,No action,,Hold QQQ after the Donchian exit while QQQ remains at or above EMA200.,0.0,2395.31,0.0,2395.31,2143.61,-11.62,-1.34
2013-10-11,71.38,2.47,17.19,65.33,9.26,2.51,2.34,80.98,0,0,QQQ,Hold QQQ,No action,,Hold QQQ after the Donchian exit while QQQ remains at or above EMA200.,0.0,2414.2,0.0,2414.2,2160.52,-10.92,-0.56
2013-10-14,71.89,2.51,17.47,65.4,9.92,2.51,2.34,101.09,0,1,QLD,Hold QLD,Buy QLD,toQLD,QLD closed above its prior 20-day high; the signal changed to 1 and the account moved fully into QLD.,0.0,0.0,2431.27,2431.27,2175.79,-10.29,0.0
2013-10-15,71.61,2.49,18.77,65.46,9.39,2.51,2.34,89.07,1,1,QLD,Hold QLD,No action,,Hold QLD while the Donchian20 signal remains 1.,0.0,0.0,2413.15,2413.15,2167.33,-10.96,-0.39
2013-10-16,72.42,2.54,16.4,65.53,10.51,2.51,2.34,121.86,1,1,QLD,Hold QLD,No action,,Hold QLD while the Donchian20 signal remains 1.,0.0,0.0,2467.51,2467.51,2191.87,-8.96,0.0
2013-10-17,72.83,2.57,14.49,65.6,11.02,2.54,2.34,113.97,1,1,QLD,Hold QLD,No action,,Hold QLD while the Donchian20 signal remains 1.,0.0,0.0,2495.73,2495.73,2204.42,-7.92,0.0
2013-10-18,74.01,2.66,13.69,65.69,12.68,2.57,2.34,134.97,1,1,QLD,Hold QLD,No action,,Hold QLD while the Donchian20 signal remains 1.,0.0,0.0,2576.24,2576.24,2240.14,-4.95,0.0
2013-10-21,74.17,2.67,14.4,65.77,12.78,2.66,2.34,103.44,1,1,QLD,Hold QLD,No action,,Hold QLD while the Donchian20 signal remains 1.,0.0,0.0,2586.94,2586.94,2245.05,-4.55,0.0
2013-10-22,74.28,2.67,14.96,65.86,12.8,2.67,2.34,101.39,1,1,QLD,Hold QLD,No action,,Hold QLD while the Donchian20 signal remains 1.,0.0,0.0,2591.39,2591.39,2248.32,-4.39,0.0
2013-10-23,73.83,2.64,15.33,65.93,11.98,2.67,2.34,91.7,1,1,QLD,Hold QLD,No action,,Hold QLD while the Donchian20 signal remains 1.,0.0,0.0,2564.36,2564.36,2234.69,-5.38,-0.61
2013-10-24,74.16,2.67,14.5,66.02,12.33,2.67,2.34,98.27,1,1,QLD,Hold QLD,No action,,Hold QLD while the Donchian20 signal remains 1.,0.0,0.0,2585.75,2585.75,2244.5,-4.6,-0.17
2013-10-25,74.69,2.7,14.91,66.1,12.99,2.67,2.34,109.3,1,1,QLD,Hold QLD,No action,,Hold QLD while the Donchian20 signal remains 1.,0.0,0.0,2621.69,2621.69,2260.59,-3.27,0.0
2013-10-28,74.71,2.71,14.97,66.19,12.87,2.7,2.34,100.75,1,1,QLD,Hold QLD,No action,,Hold QLD while the Donchian20 signal remains 1.,0.0,0.0,2624.37,2624.37,2261.14,-3.17,0.0
2013-10-29,74.83,2.71,14.83,66.27,12.91,2.71,2.34,102.07,1,1,QLD,Hold QLD,No action,,Hold QLD while the Donchian20 signal remains 1.,0.0,0.0,2631.79,2631.79,2264.95,-2.9,0.0
2013-10-30,74.76,2.71,14.72,66.36,12.66,2.71,2.34,98.78,1,1,QLD,Hold QLD,No action,,Hold QLD while the Donchian20 signal remains 1.,0.0,0.0,2627.34,2627.34,2262.77,-3.06,-0.1
2013-10-31,74.59,2.7,14.88,66.44,12.26,2.71,2.34,95.54,1,1,QLD,Hold QLD,No action,,Hold QLD while the Donchian20 signal remains 1.,0.0,0.0,2615.45,2615.45,2257.59,-3.5,-0.33
2013-11-01,74.61,2.7,14.76,66.52,12.15,2.71,2.34,95.78,1,1,QLD,Hold QLD,No action,,Hold QLD while the Donchian20 signal remains 1.,0.0,0.0,2616.35,2616.35,2258.14,-3.47,-0.3
2013-11-04,74.71,2.7,14.37,66.6,12.18,2.71,2.34,97.49,1,1,QLD,Hold QLD,No action,,Hold QLD while the Donchian20 signal remains 1.,0.0,0.0,2622.58,2622.58,2261.41,-3.24,-0.16
2013-11-05,74.8,2.71,14.4,66.68,12.16,2.71,2.34,99.51,1,1,QLD,Hold QLD,No action,,Hold QLD while the Donchian20 signal remains 1.,0.0,0.0,2630.01,2630.01,2263.87,-2.96,-0.05
2013-11-06,74.78,2.71,14.76,66.77,12.0,2.71,2.34,99.11,1,1,QLD,Hold QLD,No action,,Hold QLD while the Donchian20 signal remains 1.,0.0,0.0,2628.52,2628.52,2263.32,-3.02,-0.07
2013-11-07,73.37,2.61,15.67,66.83,9.79,2.71,2.43,62.7,1,1,QLD,Hold QLD,No action,,Hold QLD while the Donchian20 signal remains 1.,0.0,0.0,2530.19,2530.19,2220.78,-6.64,-1.95
2013-11-08,74.36,2.68,14.67,66.91,11.15,2.71,2.47,85.75,1,1,QLD,Hold QLD,No action,,Hold QLD while the Donchian20 signal remains 1.,0.0,0.0,2598.52,2598.52,2250.78,-4.12,-0.63
2013-11-11,74.25,2.67,14.37,66.98,10.85,2.71,2.49,81.11,1,1,QLD,Hold QLD,No action,,Hold QLD while the Donchian20 signal remains 1.,0.0,0.0,2590.5,2590.5,2247.23,-4.42,-0.78
2013-11-12,74.36,2.68,14.14,67.05,10.9,2.71,2.49,84.24,1,1,QLD,Hold QLD,No action,,Hold QLD while the Donchian20 signal remains 1.,0.0,0.0,2597.33,2597.33,2250.78,-4.17,-0.63
2013-11-13,75.26,2.74,13.66,67.13,12.11,2.71,2.54,117.72,1,1,QLD,Hold QLD,No action,,Hold QLD while the Donchian20 signal remains 1.,0.0,0.0,2660.91,2660.91,2278.04,-1.82,0.0
2013-11-14,75.5,2.76,13.26,67.22,12.32,2.74,2.57,108.81,1,1,QLD,Hold QLD,No action,,Hold QLD while the Donchian20 signal remains 1.,0.0,0.0,2675.46,2675.46,2285.13,-1.28,0.0
2013-11-15,75.64,2.77,13.13,67.3,12.39,2.76,2.61,107.16,1,1,QLD,Hold QLD,No action,,Hold QLD while the Donchian20 signal remains 1.,0.0,0.0,2685.86,2685.86,2289.5,-0.9,0.0
2013-11-18,74.9,2.72,14.37,67.38,11.17,2.77,2.61,68.32,1,1,QLD,Hold QLD,No action,,Hold QLD while the Donchian20 signal remains 1.,0.0,0.0,2636.55,2636.55,2267.14,-2.72,-0.98
2013-11-19,74.69,2.7,14.52,67.45,10.73,2.77,2.61,56.68,1,1,QLD,Hold QLD,No action,,Hold QLD while the Donchian20 signal remains 1.,0.0,0.0,2618.43,2618.43,2260.59,-3.39,-1.26
2013-11-20,74.51,2.69,14.44,67.52,10.35,2.77,2.61,50.19,1,1,QLD,Hold QLD,No action,,Hold QLD while the Donchian20 signal remains 1.,0.0,0.0,2608.32,2608.32,2255.14,-3.76,-1.5
2013-11-21,75.26,2.74,14.01,67.6,11.34,2.77,2.61,81.87,1,1,QLD,Hold QLD,No action,,Hold QLD while the Donchian20 signal remains 1.,0.0,0.0,2657.64,2657.64,2278.04,-1.94,-0.5
2013-11-22,75.67,2.77,13.65,67.68,11.81,2.77,2.61,101.34,1,1,QLD,Hold QLD,No action,,Hold QLD while the Donchian20 signal remains 1.,0.0,0.0,2687.94,2687.94,2290.32,-0.82,0.0
2013-11-25,75.85,2.78,13.74,67.76,11.94,2.77,2.61,107.53,1,1,QLD,Hold QLD,No action,,Hold QLD while the Donchian20 signal remains 1.,0.0,0.0,2699.82,2699.82,2295.77,-0.39,0.0
2013-11-26,76.25,2.81,13.6,67.84,12.39,2.78,2.61,116.64,1,1,QLD,Hold QLD,No action,,Hold QLD while the Donchian20 signal remains 1.,0.0,0.0,2728.05,2728.05,2307.77,0.0,0.0
2013-11-27,76.78,2.85,13.36,67.93,13.02,2.81,2.61,118.92,1,1,QLD,Hold QLD,No action,,Hold QLD while the Donchian20 signal remains 1.,0.0,0.0,2765.48,2765.48,2323.86,0.0,0.0
2013-11-29,77.24,2.88,13.93,68.02,13.54,2.85,2.61,113.0,1,1,QLD,Hold QLD,No action,,Hold QLD while the Donchian20 signal remains 1.,0.0,0.0,2796.08,2796.08,2337.76,0.0,0.0
2013-12-02,77.01,2.87,14.81,68.11,13.06,2.88,2.61,94.64,1,1,QLD,Hold QLD,No action,,Hold QLD while the Donchian20 signal remains 1.,0.0,0.0,2781.82,2781.82,2330.95,-0.51,-0.29
2013-12-03,76.95,2.86,14.93,68.2,12.83,2.88,2.61,92.96,1,1,QLD,Hold QLD,No action,,Hold QLD while the Donchian20 signal remains 1.,0.0,0.0,2777.36,2777.36,2329.04,-0.67,-0.37
2013-12-04,77.02,2.87,15.08,68.29,12.79,2.88,2.61,94.97,1,1,QLD,Hold QLD,No action,,Hold QLD while the Donchian20 signal remains 1.,0.0,0.0,2782.71,2782.71,2331.22,-0.48,-0.28
2013-12-05,76.92,2.86,16.11,68.38,12.5,2.88,2.61,93.07,1,1,QLD,Hold QLD,No action,,Hold QLD while the Donchian20 signal remains 1.,0.0,0.0,2777.66,2777.66,2328.22,-0.66,-0.41
2013-12-06,77.48,2.9,14.85,68.47,13.17,2.88,2.61,107.71,1,1,QLD,Hold QLD,No action,,Hold QLD while the Donchian20 signal remains 1.,0.0,0.0,2816.58,2816.58,2345.13,0.0,0.0
2013-12-09,77.8,2.93,14.8,68.56,13.47,2.9,2.67,109.72,1,1,QLD,Hold QLD,No action,,Hold QLD while the Donchian20 signal remains 1.,0.0,0.0,2838.56,2838.56,2354.67,0.0,0.0
2013-12-10,77.74,2.92,14.8,68.65,13.24,2.93,2.67,98.68,1,1,QLD,Hold QLD,No action,,Hold QLD while the Donchian20 signal remains 1.,0.0,0.0,2835.29,2835.29,2353.03,-0.12,-0.07
2013-12-11,76.74,2.85,15.88,68.73,11.66,2.93,2.68,68.6,1,1,QLD,Hold QLD,No action,,Hold QLD while the Donchian20 signal remains 1.,0.0,0.0,2762.8,2762.8,2322.76,-2.67,-1.35
2013-12-12,76.54,2.84,16.0,68.81,11.24,2.93,2.69,61.29,1,1,QLD,Hold QLD,No action,,Hold QLD while the Donchian20 signal remains 1.,0.0,0.0,2749.44,2749.44,2316.77,-3.14,-1.61
2013-12-13,76.44,2.83,15.98,68.88,10.97,2.93,2.69,57.42,1,1,QLD,Hold QLD,No action,,Hold QLD while the Donchian20 signal remains 1.,0.0,0.0,2740.52,2740.52,2313.77,-3.45,-1.74
2013-12-16,76.87,2.86,16.54,68.96,11.46,2.93,2.69,70.45,1,1,QLD,Hold QLD,No action,,Hold QLD while the Donchian20 signal remains 1.,0.0,0.0,2770.53,2770.53,2326.58,-2.4,-1.19
2013-12-17,76.71,2.85,16.47,69.04,11.11,2.93,2.69,66.19,1,1,QLD,Hold QLD,No action,,Hold QLD while the Donchian20 signal remains 1.,0.0,0.0,2760.72,2760.72,2321.95,-2.74,-1.39
2013-12-18,77.61,2.91,15.01,69.13,12.27,2.93,2.69,94.06,1,1,QLD,Hold QLD,No action,,Hold QLD while the Donchian20 signal remains 1.,0.0,0.0,2824.89,2824.89,2348.94,-0.48,-0.24
2013-12-19,77.39,2.89,14.92,69.21,11.82,2.93,2.69,86.06,1,1,QLD,Hold QLD,No action,,Hold QLD while the Donchian20 signal remains 1.,0.0,0.0,2806.47,2806.47,2342.4,-1.13,-0.52
2013-12-20,78.18,2.95,14.48,69.3,12.82,2.93,2.74,113.46,1,1,QLD,Hold QLD,No action,,Hold QLD while the Donchian20 signal remains 1.,0.0,0.0,2862.92,2862.92,2366.25,0.0,0.0
2013-12-23,79.0,3.02,14.11,69.39,13.84,2.95,2.77,134.63,1,1,QLD,Hold QLD,No action,,Hold QLD while the Donchian20 signal remains 1.,0.0,0.0,2923.52,2923.52,2391.15,0.0,0.0
2013-12-24,79.04,3.02,13.91,69.49,13.74,3.02,2.78,101.73,1,1,QLD,Hold QLD,No action,,Hold QLD while the Donchian20 signal remains 1.,0.0,0.0,2927.38,2927.38,2392.24,0.0,0.0
2013-12-26,79.3,3.04,13.93,69.59,13.96,3.02,2.81,109.09,1,1,QLD,Hold QLD,No action,,Hold QLD while the Donchian20 signal remains 1.,0.0,0.0,2945.51,2945.51,2400.17,0.0,0.0
2013-12-27,79.1,3.02,14.51,69.68,13.52,3.04,2.83,92.61,1,1,QLD,Hold QLD,No action,,Hold QLD while the Donchian20 signal remains 1.,0.0,0.0,2930.35,2930.35,2394.16,-0.51,-0.25
2013-12-30,78.98,3.01,15.16,69.78,13.2,3.04,2.83,88.26,1,1,QLD,Hold QLD,No action,,Hold QLD while the Donchian20 signal remains 1.,0.0,0.0,2921.44,2921.44,2390.6,-0.82,-0.4
2013-12-31,79.5,3.05,15.44,69.87,13.78,3.04,2.83,106.52,1,1,QLD,Hold QLD,No action,,Hold QLD while the Donchian20 signal remains 1.,0.0,0.0,2958.87,2958.87,2406.19,0.0,0.0
2014-01-02,78.87,3.0,15.88,69.96,12.74,3.05,2.83,79.18,1,1,QLD,Hold QLD,No action,,Hold QLD while the Donchian20 signal remains 1.,0.0,0.0,2913.42,2913.42,2387.32,-1.54,-0.78
2014-01-03,78.31,2.96,15.85,70.04,11.79,3.05,2.83,60.27,1,1,QLD,Hold QLD,No action,,Hold QLD while the Donchian20 signal remains 1.,0.0,0.0,2872.13,2872.13,2370.08,-2.93,-1.5
2014-01-06,78.02,2.94,15.82,70.12,11.25,3.05,2.83,49.52,1,1,QLD,Hold QLD,No action,,Hold QLD while the Donchian20 signal remains 1.,0.0,0.0,2848.66,2848.66,2361.33,-3.72,-1.86
2014-01-07,78.74,2.99,15.1,70.21,12.15,3.05,2.83,73.33,1,1,QLD,Hold QLD,No action,,Hold QLD while the Donchian20 signal remains 1.,0.0,0.0,2900.65,2900.65,2383.21,-1.97,-0.95
2014-01-08,78.91,3.01,14.88,70.3,12.25,3.05,2.83,80.14,1,1,QLD,Hold QLD,No action,,Hold QLD while the Donchian20 signal remains 1.,0.0,0.0,2915.5,2915.5,2388.41,-1.47,-0.74
2014-01-09,78.65,2.99,15.1,70.38,11.75,3.05,2.83,70.61,1,1,QLD,Hold QLD,No action,,Hold QLD while the Donchian20 signal remains 1.,0.0,0.0,2894.71,2894.71,2380.48,-2.17,-1.07
2014-01-10,78.9,3.0,14.09,70.46,11.97,3.05,2.83,79.18,1,1,QLD,Hold QLD,No action,,Hold QLD while the Donchian20 signal remains 1.,0.0,0.0,2913.42,2913.42,2388.14,-1.54,-0.75
2014-01-13,77.74,2.91,15.05,70.54,10.21,3.05,2.83,38.78,1,1,QLD,Hold QLD,No action,,Hold QLD while the Donchian20 signal remains 1.,0.0,0.0,2825.19,2825.19,2352.85,-4.52,-2.22
2014-01-14,79.22,3.03,13.52,70.62,12.17,3.05,2.83,89.25,1,1,QLD,Hold QLD,No action,,Hold QLD while the Donchian20 signal remains 1.,0.0,0.0,2935.41,2935.41,2397.71,-0.79,-0.35
2014-01-15,79.87,3.08,13.63,70.71,12.94,3.05,2.85,111.69,1,1,QLD,Hold QLD,No action,,Hold QLD while the Donchian20 signal remains 1.,0.0,0.0,2982.05,2982.05,2417.41,0.0,0.0
2014-01-16,79.88,3.08,14.11,70.81,12.81,3.08,2.85,101.48,1,1,QLD,Hold QLD,No action,,Hold QLD while the Donchian20 signal remains 1.,0.0,0.0,2985.31,2985.31,2417.68,0.0,0.0
2014-01-17,79.43,3.04,14.2,70.89,12.04,3.08,2.89,80.4,1,1,QLD,Hold QLD,No action,,Hold QLD while the Donchian20 signal remains 1.,0.0,0.0,2950.26,2950.26,2404.0,-1.17,-0.57
2014-01-21,80.03,3.09,14.34,70.98,12.75,3.08,2.89,105.32,1,1,QLD,Hold QLD,No action,,Hold QLD while the Donchian20 signal remains 1.,0.0,0.0,2994.82,2994.82,2422.33,0.0,0.0
2014-01-22,80.24,3.11,14.43,71.07,12.89,3.09,2.91,110.33,1,1,QLD,Hold QLD,No action,,Hold QLD while the Donchian20 signal remains 1.,0.0,0.0,3012.35,3012.35,2428.62,0.0,0.0
2014-01-23,79.97,3.08,15.33,71.16,12.37,3.11,2.91,88.41,1,1,QLD,Hold QLD,No action,,Hold QLD while the Donchian20 signal remains 1.,0.0,0.0,2990.66,2990.66,2420.42,-0.72,-0.34
2014-01-24,78.4,2.96,18.84,71.24,10.05,3.11,2.91,23.33,1,1,QLD,Hold QLD,No action,,Hold QLD while the Donchian20 signal remains 1.,0.0,0.0,2868.86,2868.86,2372.82,-4.76,-2.3
2014-01-27,77.64,2.91,18.87,71.3,8.89,3.11,2.91,-4.13,1,0,QQQ,Hold QQQ,Reduce QLD to QQQ,QLD->QQQ_on_Donchian_exit,QLD closed below its prior 20-day low; the signal changed to 0 and the account reduced to QQQ.,0.0,2817.47,0.0,2817.47,2349.84,-6.47,-3.24
2014-01-28,77.59,2.9,17.65,71.36,8.73,3.11,2.91,-2.13,0,0,QQQ,Hold QQQ,No action,,Hold QQQ after the Donchian exit while QQQ remains at or above EMA200.,0.0,2815.82,0.0,2815.82,2348.47,-6.52,-3.3
2014-01-29,76.76,2.84,18.69,71.42,7.48,3.11,2.9,-30.0,0,0,QQQ,Hold QQQ,No action,,Hold QQQ after the Donchian exit while QQQ remains at or above EMA200.,0.0,2785.65,0.0,2785.65,2323.3,-7.53,-4.34
2014-01-30,78.18,2.94,18.65,71.48,9.37,3.11,2.84,37.43,0,0,QQQ,Hold QQQ,No action,,Hold QQQ after the Donchian exit while QQQ remains at or above EMA200.,0.0,2837.14,0.0,2837.14,2366.25,-5.82,-2.57
2014-01-31,77.97,2.93,18.97,71.55,8.98,3.11,2.84,32.72,0,0,QQQ,Hold QQQ,No action,,Hold QQQ after the Donchian exit while QQQ remains at or above EMA200.,0.0,2829.6,0.0,2829.6,2359.96,-6.07,-2.83
2014-02-03,76.18,2.8,21.44,71.59,6.41,3.11,2.84,-16.53,0,0,QQQ,Hold QQQ,No action,,Hold QQQ after the Donchian exit while QQQ remains at or above EMA200.,0.0,2764.66,0.0,2764.66,2305.8,-8.22,-5.06
2014-02-04,76.74,2.83,20.1,71.64,7.11,3.11,2.8,12.12,0,0,QQQ,Hold QQQ,No action,,Hold QQQ after the Donchian exit while QQQ remains at or above EMA200.,0.0,2784.99,0.0,2784.99,2322.76,-7.55,-4.36
2014-02-05,76.54,2.82,21.15,71.69,6.76,3.11,2.8,7.39,0,0,QQQ,Hold QQQ,No action,,Hold QQQ after the Donchian exit while QQQ remains at or above EMA200.,0.0,2777.78,0.0,2777.78,2316.74,-7.79,-4.61
2014-02-06,77.52,2.89,19.48,71.75,8.04,3.11,2.8,29.66,0,0,QQQ,Hold QQQ,No action,,Hold QQQ after the Donchian exit while QQQ remains at or above EMA200.,0.0,2813.2,0.0,2813.2,2346.28,-6.61,-3.39
2014-02-07,78.9,2.99,16.71,71.82,9.86,3.11,2.8,62.86,0,0,QQQ,Hold QQQ,No action,,Hold QQQ after the Donchian exit while QQQ remains at or above EMA200.,0.0,2863.38,0.0,2863.38,2388.14,-4.95,-1.67
2014-02-10,79.35,3.03,16.53,71.9,10.37,3.11,2.8,74.19,0,0,QQQ,Hold QQQ,No action,,Hold QQQ after the Donchian exit while QQQ remains at or above EMA200.,0.0,2879.78,0.0,2879.78,2401.82,-4.4,-1.1
2014-02-11,80.26,3.1,15.84,71.98,11.5,3.11,2.8,96.26,0,0,QQQ,Hold QQQ,No action,,Hold QQQ after the Donchian exit while QQQ remains at or above EMA200.,0.0,2912.58,0.0,2912.58,2429.17,-3.31,0.0
2014-02-12,80.41,3.11,15.93,72.06,11.58,3.11,2.8,100.2,0,1,QLD,Hold QLD,Buy QLD,toQLD,QLD closed above its prior 20-day high; the signal changed to 1 and the account moved fully into QLD.,0.0,0.0,2918.16,2918.16,2433.82,-3.13,0.0
2014-02-13,81.01,3.15,15.49,72.15,12.27,3.11,2.8,114.55,1,1,QLD,Hold QLD,No action,,Hold QLD while the Donchian20 signal remains 1.,0.0,0.0,2960.74,2960.74,2451.88,-1.71,0.0
2014-02-14,81.17,3.17,14.8,72.24,12.36,3.15,2.8,103.95,1,1,QLD,Hold QLD,No action,,Hold QLD while the Donchian20 signal remains 1.,0.0,0.0,2973.98,2973.98,2456.8,-1.27,0.0
2014-02-18,81.57,3.2,15.23,72.34,12.76,3.17,2.8,108.34,1,1,QLD,Hold QLD,No action,,Hold QLD while the Donchian20 signal remains 1.,0.0,0.0,3003.04,3003.04,2468.84,-0.31,0.0
2014-02-19,81.01,3.15,16.32,72.42,11.85,3.2,2.8,89.18,1,1,QLD,Hold QLD,No action,,Hold QLD while the Donchian20 signal remains 1.,0.0,0.0,2962.18,2962.18,2451.88,-1.67,-0.69
2014-02-20,81.39,3.18,15.91,72.51,12.24,3.2,2.8,95.58,1,1,QLD,Hold QLD,No action,,Hold QLD while the Donchian20 signal remains 1.,0.0,0.0,2986.35,2986.35,2463.36,-0.86,-0.22
2014-02-21,81.28,3.17,15.81,72.6,11.96,3.2,2.8,93.37,1,1,QLD,Hold QLD,No action,,Hold QLD while the Donchian20 signal remains 1.,0.0,0.0,2978.01,2978.01,2460.08,-1.14,-0.35
2014-02-24,81.71,3.21,15.24,72.69,12.41,3.2,2.8,102.82,1,1,QLD,Hold QLD,No action,,Hold QLD while the Donchian20 signal remains 1.,0.0,0.0,3013.68,3013.68,2473.21,0.0,0.0
2014-02-25,81.62,3.2,15.15,72.78,12.15,3.21,2.8,97.63,1,1,QLD,Hold QLD,No action,,Hold QLD while the Donchian20 signal remains 1.,0.0,0.0,3004.48,3004.48,2470.48,-0.31,-0.11
2014-02-26,81.55,3.19,15.29,72.87,11.92,3.21,2.8,96.37,1,1,QLD,Hold QLD,No action,,Hold QLD while the Donchian20 signal remains 1.,0.0,0.0,2999.59,2999.59,2468.29,-0.47,-0.2
2014-02-27,82.08,3.24,14.79,72.96,12.5,3.21,2.8,106.6,1,1,QLD,Hold QLD,No action,,Hold QLD while the Donchian20 signal remains 1.,0.0,0.0,3039.29,3039.29,2484.3,0.0,0.0
2014-02-28,81.99,3.23,15.01,73.05,12.24,3.24,2.8,97.98,1,1,QLD,Hold QLD,No action,,Hold QLD while the Donchian20 signal remains 1.,0.0,0.0,3030.95,3030.95,2481.56,-0.27,-0.11
2014-03-03,81.38,3.18,16.85,73.13,11.28,3.24,2.8,87.27,1,1,QLD,Hold QLD,No action,,Hold QLD while the Donchian20 signal remains 1.,0.0,0.0,2986.64,2986.64,2463.15,-1.73,-0.85
2014-03-04,82.41,3.26,15.41,73.22,12.55,3.24,2.8,105.7,1,1,QLD,Hold QLD,No action,,Hold QLD while the Donchian20 signal remains 1.,0.0,0.0,3062.89,3062.89,2494.47,0.0,0.0
2014-03-05,82.64,3.28,15.22,73.32,12.72,3.26,2.82,104.08,1,1,QLD,Hold QLD,No action,,Hold QLD while the Donchian20 signal remains 1.,0.0,0.0,3079.86,3079.86,2501.33,0.0,0.0
2014-03-06,82.57,3.27,14.94,73.41,12.48,3.28,2.82,98.34,1,1,QLD,Hold QLD,No action,,Hold QLD while the Donchian20 signal remains 1.,0.0,0.0,3072.67,3072.67,2499.14,-0.23,-0.09
2014-03-07,82.16,3.24,15.23,73.5,11.79,3.28,2.89,89.91,1,1,QLD,Hold QLD,No action,,Hold QLD while the Donchian20 signal remains 1.,0.0,0.0,3042.75,3042.75,2486.78,-1.21,-0.58
2014-03-10,82.23,3.24,15.52,73.58,11.76,3.28,2.99,87.99,1,1,QLD,Hold QLD,No action,,Hold QLD while the Donchian20 signal remains 1.,0.0,0.0,3047.35,3047.35,2488.97,-1.06,-0.49
2014-03-11,81.88,3.22,15.78,73.66,11.15,3.28,3.03,75.91,1,1,QLD,Hold QLD,No action,,Hold QLD while the Donchian20 signal remains 1.,0.0,0.0,3022.6,3022.6,2478.26,-1.86,-0.92
2014-03-12,82.19,3.24,15.54,73.75,11.44,3.28,3.1,79.07,1,1,QLD,Hold QLD,No action,,Hold QLD while the Donchian20 signal remains 1.,0.0,0.0,3043.61,3043.61,2487.6,-1.18,-0.55
2014-03-13,81.03,3.15,17.47,73.82,9.76,3.28,3.11,25.45,1,1,QLD,Hold QLD,No action,,Hold QLD while the Donchian20 signal remains 1.,0.0,0.0,2959.3,2959.3,2452.44,-3.91,-1.95
2014-03-14,80.47,3.11,18.89,73.89,8.91,3.28,3.15,-35.32,1,0,QQQ,Hold QQQ,Reduce QLD to QQQ,QLD->QQQ_on_Donchian_exit,QLD closed below its prior 20-day low; the signal changed to 0 and the account reduced to QQQ.,0.0,2916.72,0.0,2916.72,2435.68,-5.3,-2.62
2014-03-17,81.18,3.16,17.47,73.96,9.76,3.28,3.11,32.63,0,0,QQQ,Hold QQQ,No action,,Hold QQQ after the Donchian exit while QQQ remains at or above EMA200.,0.0,2942.38,0.0,2942.38,2457.11,-4.46,-1.77
2014-03-18,82.16,3.24,15.93,74.04,10.96,3.28,3.11,76.19,0,0,QQQ,Hold QQQ,No action,,Hold QQQ after the Donchian exit while QQQ remains at or above EMA200.,0.0,2977.9,0.0,2977.9,2486.78,-3.31,-0.58
2014-03-19,81.72,3.2,16.23,74.12,10.25,3.28,3.11,56.79,0,0,QQQ,Hold QQQ,No action,,Hold QQQ after the Donchian exit while QQQ remains at or above EMA200.,0.0,2961.78,0.0,2961.78,2473.32,-3.83,-1.12
2014-03-20,81.94,3.22,16.18,74.2,10.44,3.28,3.11,65.78,0,0,QQQ,Hold QQQ,No action,,Hold QQQ after the Donchian exit while QQQ remains at or above EMA200.,0.0,2970.01,0.0,2970.01,2480.18,-3.57,-0.85
2014-03-21,80.96,3.14,17.35,74.26,9.01,3.28,3.11,20.63,0,0,QQQ,Hold QQQ,No action,,Hold QQQ after the Donchian exit while QQQ remains at or above EMA200.,0.0,2934.27,0.0,2934.27,2450.34,-4.73,-2.04
2014-03-24,80.25,3.09,18.12,74.32,7.97,3.28,3.11,-9.7,0,0,QQQ,Hold QQQ,No action,,Hold QQQ after the Donchian exit while QQQ remains at or above EMA200.,0.0,2908.55,0.0,2908.55,2428.86,-5.56,-2.9
2014-03-25,80.51,3.11,17.12,74.38,8.24,3.28,3.09,9.49,0,0,QQQ,Hold QQQ,No action,,Hold QQQ after the Donchian exit while QQQ remains at or above EMA200.,0.0,2918.11,0.0,2918.11,2436.85,-5.25,-2.58
2014-03-26,79.47,3.03,18.14,74.44,6.77,3.28,3.09,-32.48,0,0,QQQ,Hold QQQ,No action,,Hold QQQ after the Donchian exit while QQQ remains at or above EMA200.,0.0,2880.53,0.0,2880.53,2405.46,-6.47,-3.83
2014-03-27,79.03,2.99,18.49,74.48,6.11,3.28,3.03,-13.35,0,0,QQQ,Hold QQQ,No action,,Hold QQQ after the Donchian exit while QQQ remains at or above EMA200.,0.0,2864.37,0.0,2864.37,2391.97,-7.0,-4.37
2014-03-28,79.18,3.01,18.09,74.53,6.25,3.28,2.99,4.39,0,0,QQQ,Hold QQQ,No action,,Hold QQQ after the Donchian exit while QQQ remains at or above EMA200.,0.0,2869.98,0.0,2869.98,2396.65,-6.81,-4.19
2014-03-31,79.75,3.05,18.12,74.58,6.93,3.28,2.99,18.74,0,0,QQQ,Hold QQQ,No action,,Hold QQQ after the Donchian exit while QQQ remains at or above EMA200.,0.0,2890.42,0.0,2890.42,2413.72,-6.15,-3.5
2014-04-01,81.15,3.15,16.74,74.65,8.71,3.28,2.99,55.89,0,0,QQQ,Hold QQQ,No action,,Hold QQQ after the Donchian exit while QQQ remains at or above EMA200.,0.0,2941.19,0.0,2941.19,2456.12,-4.5,-1.81
2014-04-02,81.36,3.17,16.37,74.71,8.89,3.28,2.99,61.78,0,0,QQQ,Hold QQQ,No action,,Hold QQQ after the Donchian exit while QQQ remains at or above EMA200.,0.0,2948.78,0.0,2948.78,2462.45,-4.26,-1.55
2014-04-03,80.71,3.12,16.96,74.77,7.94,3.27,2.99,45.66,0,0,QQQ,Hold QQQ,No action,,Hold QQQ after the Donchian exit while QQQ remains at or above EMA200.,0.0,2925.37,0.0,2925.37,2442.91,-5.02,-2.34
2014-04-04,78.56,2.95,18.79,74.81,5.02,3.24,2.99,-16.44,0,0,QQQ,Hold QQQ,No action,,Hold QQQ after the Donchian exit while QQQ remains at or above EMA200.,0.0,2847.56,0.0,2847.56,2377.93,-7.54,-4.93
2014-04-07,77.82,2.9,20.05,74.84,3.98,3.24,2.95,-17.99,0,0,QQQ,Hold QQQ,No action,,Hold QQQ after the Donchian exit while QQQ remains at or above EMA200.,0.0,2820.52,0.0,2820.52,2355.35,-8.42,-5.84
2014-04-08,78.54,2.95,19.11,74.88,4.89,3.24,2.9,14.89,0,0,QQQ,Hold QQQ,No action,,Hold QQQ after the Donchian exit while QQQ remains at or above EMA200.,0.0,2846.57,0.0,2846.57,2377.1,-7.57,-4.97
2014-04-09,79.88,3.05,17.72,74.93,6.62,3.24,2.9,44.75,0,0,QQQ,Hold QQQ,No action,,Hold QQQ after the Donchian exit while QQQ remains at or above EMA200.,0.0,2895.36,0.0,2895.36,2417.85,-5.99,-3.34
2014-04-10,77.41,2.86,20.59,74.95,3.28,3.24,2.9,-10.49,0,0,QQQ,Hold QQQ,No action,,Hold QQQ after the Donchian exit while QQQ remains at or above EMA200.,0.0,2805.69,0.0,2805.69,2342.96,-8.9,-6.33
2014-04-11,76.51,2.8,22.65,74.97,2.06,3.24,2.86,-17.76,0,0,QQQ,Hold QQQ,No action,,Hold QQQ after the Donchian exit while QQQ remains at or above EMA200.,0.0,2773.05,0.0,2773.05,2315.71,-9.96,-7.42
2014-04-14,77.11,2.84,21.77,74.99,2.83,3.24,2.8,9.66,0,0,QQQ,Hold QQQ,No action,,Hold QQQ after the Donchian exit while QQQ remains at or above EMA200.,0.0,2794.81,0.0,2794.81,2333.88,-9.26,-6.69
2014-04-15,77.36,2.86,21.91,75.01,3.14,3.24,2.8,13.76,0,0,QQQ,Hold QQQ,No action,,Hold QQQ after the Donchian exit while QQQ remains at or above EMA200.,0.0,2804.04,0.0,2804.04,2341.59,-8.96,-6.39
2014-04-16,78.39,2.93,20.41,75.04,4.46,3.22,2.8,31.96,0,0,QQQ,Hold QQQ,No action,,Hold QQQ after the Donchian exit while QQQ remains at or above EMA200.,0.0,2841.3,0.0,2841.3,2372.7,-7.75,-5.14
2014-04-17,78.41,2.93,19.39,75.08,4.44,3.22,2.8,32.39,0,0,QQQ,Hold QQQ,No action,,Hold QQQ after the Donchian exit while QQQ remains at or above EMA200.,0.0,2841.96,0.0,2841.96,2373.25,-7.72,-5.12
2014-04-21,78.99,2.98,18.53,75.12,5.16,3.17,2.8,48.64,0,0,QQQ,Hold QQQ,No action,,Hold QQQ after the Donchian exit while QQQ remains at or above EMA200.,0.0,2863.06,0.0,2863.06,2390.87,-7.04,-4.42
2014-04-22,79.62,3.03,17.18,75.16,5.93,3.17,2.8,61.54,0,0,QQQ,Hold QQQ,No action,,Hold QQQ after the Donchian exit while QQQ remains at or above EMA200.,0.0,2885.8,0.0,2885.8,2409.87,-6.3,-3.66
2014-04-23,78.92,2.97,16.9,75.2,4.95,3.17,2.8,46.92,0,0,QQQ,Hold QQQ,No action,,Hold QQQ after the Donchian exit while QQQ remains at or above EMA200.,0.0,2860.42,0.0,2860.42,2388.67,-7.13,-4.5
2014-04-24,79.67,3.03,17.17,75.24,5.89,3.17,2.8,62.45,0,0,QQQ,Hold QQQ,No action,,Hold QQQ after the Donchian exit while QQQ remains at or above EMA200.,0.0,2887.78,0.0,2887.78,2411.52,-6.24,-3.59
2014-04-25,78.4,2.93,18.59,75.28,4.15,3.17,2.8,36.24,0,0,QQQ,Hold QQQ,No action,,Hold QQQ after the Donchian exit while QQQ remains at or above EMA200.,0.0,2841.63,0.0,2841.63,2372.97,-7.74,-5.13
2014-04-28,78.66,2.95,18.74,75.31,4.44,3.17,2.8,41.91,0,0,QQQ,Hold QQQ,No action,,Hold QQQ after the Donchian exit while QQQ remains at or above EMA200.,0.0,2850.86,0.0,2850.86,2380.68,-7.44,-4.82
2014-04-29,79.28,3.0,18.33,75.35,5.22,3.17,2.8,53.82,0,0,QQQ,Hold QQQ,No action,,Hold QQQ after the Donchian exit while QQQ remains at or above EMA200.,0.0,2873.6,0.0,2873.6,2399.68,-6.7,-4.06
2014-04-30,79.49,3.01,17.68,75.39,5.44,3.17,2.8,58.09,0,0,QQQ,Hold QQQ,No action,,Hold QQQ after the Donchian exit while QQQ remains at or above EMA200.,0.0,2881.19,0.0,2881.19,2406.01,-6.45,-3.81
2014-05-01,79.73,3.03,17.15,75.43,5.69,3.17,2.8,63.27,0,0,QQQ,Hold QQQ,No action,,Hold QQQ after the Donchian exit while QQQ remains at or above EMA200.,0.0,2889.76,0.0,2889.76,2413.17,-6.17,-3.52
2014-05-02,79.58,3.02,17.03,75.47,5.44,3.12,2.8,69.38,0,0,QQQ,Hold QQQ,No action,,Hold QQQ after the Donchian exit while QQQ remains at or above EMA200.,0.0,2884.49,0.0,2884.49,2408.77,-6.34,-3.7
2014-05-05,80.0,3.05,16.78,75.52,5.94,3.05,2.8,100.0,0,0,QQQ,Hold QQQ,No action,,Hold QQQ after the Donchian exit while QQQ remains at or above EMA200.,0.0,2899.65,0.0,2899.65,2421.43,-5.85,-3.19
2014-05-06,78.96,2.97,17.09,75.55,4.51,3.05,2.8,68.75,0,0,QQQ,Hold QQQ,No action,,Hold QQQ after the Donchian exit while QQQ remains at or above EMA200.,0.0,2862.07,0.0,2862.07,2390.04,-7.07,-4.45
2014-05-07,78.74,2.95,17.4,75.59,4.17,3.05,2.8,61.66,0,0,QQQ,Hold QQQ,No action,,Hold QQQ after the Donchian exit while QQQ remains at or above EMA200.,0.0,2853.83,0.0,2853.83,2383.16,-7.34,-4.72
2014-05-08,78.66,2.95,17.42,75.62,4.03,3.05,2.8,59.86,0,0,QQQ,Hold QQQ,No action,,Hold QQQ after the Donchian exit while QQQ remains at or above EMA200.,0.0,2851.19,0.0,2851.19,2380.96,-7.42,-4.81
2014-05-09,78.96,2.97,16.52,75.65,4.37,3.05,2.8,68.75,0,0,QQQ,Hold QQQ,No action,,Hold QQQ after the Donchian exit while QQQ remains at or above EMA200.,0.0,2861.74,0.0,2861.74,2389.77,-7.08,-4.46
2014-05-12,80.26,3.07,15.49,75.7,6.03,3.05,2.8,106.13,0,1,QLD,Hold QLD,Buy QLD,toQLD,QLD closed above its prior 20-day high; the signal changed to 1 and the account moved fully into QLD.,0.0,0.0,2908.88,2908.88,2429.14,-5.55,-2.89
2014-05-13,80.31,3.07,15.37,75.74,6.03,3.07,2.84,101.75,1,1,QLD,Hold QLD,No action,,Hold QLD while the Donchian20 signal remains 1.,0.0,0.0,2912.66,2912.66,2430.79,-5.43,-2.82
2014-05-14,79.89,3.04,15.16,75.78,5.42,3.07,2.86,84.96,1,1,QLD,Hold QLD,No action,,Hold QLD while the Donchian20 signal remains 1.,0.0,0.0,2882.16,2882.16,2418.13,-6.42,-3.33
2014-05-15,79.26,2.99,16.06,75.82,4.55,3.07,2.93,43.96,1,1,QLD,Hold QLD,No action,,Hold QLD while the Donchian20 signal remains 1.,0.0,0.0,2838.58,2838.58,2399.13,-7.83,-4.09
2014-05-16,79.78,3.03,15.25,75.86,5.18,3.07,2.93,71.65,1,1,QLD,Hold QLD,No action,,Hold QLD while the Donchian20 signal remains 1.,0.0,0.0,2875.18,2875.18,2414.82,-6.65,-3.46
2014-05-19,80.34,3.08,15.1,75.9,5.85,3.07,2.93,103.08,1,1,QLD,Hold QLD,No action,,Hold QLD while the Donchian20 signal remains 1.,0.0,0.0,2916.73,2916.73,2431.62,-5.3,-2.79
2014-05-20,80.05,3.05,15.34,75.94,5.41,3.08,2.93,84.01,1,1,QLD,Hold QLD,No action,,Hold QLD while the Donchian20 signal remains 1.,0.0,0.0,2894.94,2894.94,2422.81,-6.0,-3.14
2014-05-21,80.81,3.11,14.5,75.99,6.34,3.08,2.93,124.09,1,1,QLD,Hold QLD,No action,,Hold QLD while the Donchian20 signal remains 1.,0.0,0.0,2949.56,2949.56,2445.93,-4.23,-2.21
2014-05-22,81.17,3.14,14.2,76.04,6.74,3.11,2.93,114.26,1,1,QLD,Hold QLD,No action,,Hold QLD while the Donchian20 signal remains 1.,0.0,0.0,2973.67,2973.67,2456.67,-3.45,-1.79
2014-05-23,81.76,3.18,13.45,76.1,7.44,3.14,2.93,123.16,1,1,QLD,Hold QLD,No action,,Hold QLD while the Donchian20 signal remains 1.,0.0,0.0,3018.41,3018.41,2474.57,-2.0,-1.07
2014-05-27,82.78,3.26,13.72,76.17,8.68,3.18,2.95,134.38,1,1,QLD,Hold QLD,No action,,Hold QLD while the Donchian20 signal remains 1.,0.0,0.0,3094.52,3094.52,2505.4,0.0,0.0
2014-05-28,82.52,3.24,14.04,76.23,8.26,3.26,2.95,93.07,1,1,QLD,Hold QLD,No action,,Hold QLD while the Donchian20 signal remains 1.,0.0,0.0,3073.89,3073.89,2497.69,-0.67,-0.31
2014-05-29,83.05,3.28,13.84,76.3,8.85,3.26,2.95,106.06,1,1,QLD,Hold QLD,No action,,Hold QLD while the Donchian20 signal remains 1.,0.0,0.0,3112.53,3112.53,2513.66,0.0,0.0
2014-05-30,83.06,3.28,13.77,76.36,8.77,3.28,2.95,100.64,1,1,QLD,Hold QLD,No action,,Hold QLD while the Donchian20 signal remains 1.,0.0,0.0,3114.57,3114.57,2513.94,0.0,0.0
2014-06-02,82.98,3.28,14.33,76.43,8.57,3.28,2.95,97.53,1,1,QLD,Hold QLD,No action,,Hold QLD while the Donchian20 signal remains 1.,0.0,0.0,3106.72,3106.72,2511.46,-0.25,-0.1
2014-06-03,82.94,3.28,14.35,76.49,8.43,3.28,2.95,97.07,1,1,QLD,Hold QLD,No action,,Hold QLD while the Donchian20 signal remains 1.,0.0,0.0,3105.27,3105.27,2510.36,-0.3,-0.14
2014-06-04,83.25,3.3,14.21,76.56,8.73,3.28,2.95,103.66,1,1,QLD,Hold QLD,No action,,Hold QLD while the Donchian20 signal remains 1.,0.0,0.0,3126.19,3126.19,2519.72,0.0,0.0
2014-06-05,83.95,3.35,13.66,76.64,9.54,3.3,2.95,116.33,1,1,QLD,Hold QLD,No action,,Hold QLD while the Donchian20 signal remains 1.,0.0,0.0,3179.93,3179.93,2540.92,0.0,0.0
2014-06-06,84.43,3.39,13.21,76.71,10.06,3.35,2.95,109.41,1,1,QLD,Hold QLD,No action,,Hold QLD while the Donchian20 signal remains 1.,0.0,0.0,3215.95,3215.95,2555.51,0.0,0.0
2014-06-09,84.37,3.39,13.79,76.79,9.87,3.39,2.97,98.76,1,1,QLD,Hold QLD,No action,,Hold QLD while the Donchian20 signal remains 1.,0.0,0.0,3211.02,3211.02,2553.58,-0.15,-0.08
2014-06-10,84.51,3.4,13.57,76.87,9.95,3.39,2.99,101.31,1,1,QLD,Hold QLD,No action,,Hold QLD while the Donchian20 signal remains 1.,0.0,0.0,3220.89,3220.89,2557.99,0.0,0.0
2014-06-11,84.5,3.4,13.37,76.94,9.82,3.4,2.99,99.54,1,1,QLD,Hold QLD,No action,,Hold QLD while the Donchian20 signal remains 1.,0.0,0.0,3219.15,3219.15,2557.44,-0.05,-0.02
2014-06-12,83.73,3.34,13.85,77.01,8.73,3.4,2.99,85.18,1,1,QLD,Hold QLD,No action,,Hold QLD while the Donchian20 signal remains 1.,0.0,0.0,3164.24,3164.24,2534.31,-1.76,-0.93
2014-06-13,83.98,3.36,13.61,77.08,8.95,3.4,2.99,89.67,1,1,QLD,Hold QLD,No action,,Hold QLD while the Donchian20 signal remains 1.,0.0,0.0,3181.38,3181.38,2541.75,-1.23,-0.63
2014-06-16,84.05,3.36,13.7,77.15,8.95,3.4,3.03,90.0,1,1,QLD,Hold QLD,No action,,Hold QLD while the Donchian20 signal remains 1.,0.0,0.0,3186.32,3186.32,2543.95,-1.07,-0.55
2014-06-17,84.1,3.36,13.51,77.22,8.91,3.4,3.05,90.37,1,1,QLD,Hold QLD,No action,,Hold QLD while the Donchian20 signal remains 1.,0.0,0.0,3189.52,3189.52,2545.32,-0.97,-0.5
2014-06-18,84.57,3.4,12.65,77.29,9.42,3.4,3.05,102.32,1,1,QLD,Hold QLD,No action,,Hold QLD while the Donchian20 signal remains 1.,0.0,0.0,3228.45,3228.45,2559.64,0.0,0.0
2014-06-19,84.51,3.4,12.51,77.36,9.24,3.4,3.11,97.5,1,1,QLD,Hold QLD,No action,,Hold QLD while the Donchian20 signal remains 1.,0.0,0.0,3221.47,3221.47,2557.99,-0.22,-0.06
2014-06-20,84.61,3.4,12.27,77.43,9.27,3.4,3.14,99.66,1,1,QLD,Hold QLD,No action,,Hold QLD while the Donchian20 signal remains 1.,0.0,0.0,3227.57,3227.57,2561.0,-0.03,0.0
2014-06-23,84.63,3.41,12.3,77.51,9.19,3.4,3.18,100.41,1,1,QLD,Hold QLD,No action,,Hold QLD while the Donchian20 signal remains 1.,0.0,0.0,3229.32,3229.32,2561.55,0.0,0.0
2014-06-24,84.55,3.4,12.61,77.58,8.99,3.41,3.24,96.26,1,1,QLD,Hold QLD,No action,,Hold QLD while the Donchian20 signal remains 1.,0.0,0.0,3223.51,3223.51,2559.07,-0.18,-0.1
2014-06-25,85.09,3.44,12.54,77.65,9.58,3.41,3.24,123.03,1,1,QLD,Hold QLD,No action,,Hold QLD while the Donchian20 signal remains 1.,0.0,0.0,3265.12,3265.12,2575.35,0.0,0.0
2014-06-26,85.13,3.45,12.2,77.73,9.53,3.44,3.28,101.64,1,1,QLD,Hold QLD,No action,,Hold QLD while the Donchian20 signal remains 1.,0.0,0.0,3267.74,3267.74,2576.73,0.0,0.0
2014-06-27,85.51,3.48,12.03,77.8,9.9,3.45,3.28,116.84,1,1,QLD,Hold QLD,No action,,Hold QLD while the Donchian20 signal remains 1.,0.0,0.0,3295.09,3295.09,2588.05,0.0,0.0
2014-06-30,85.65,3.49,12.21,77.88,9.98,3.48,3.28,107.05,1,1,QLD,Hold QLD,No action,,Hold QLD while the Donchian20 signal remains 1.,0.0,0.0,3308.47,3308.47,2592.47,0.0,0.0
2014-07-01,86.59,3.57,11.98,77.97,11.06,3.49,3.28,135.94,1,1,QLD,Hold QLD,No action,,Hold QLD while the Donchian20 signal remains 1.,0.0,0.0,3381.51,3381.51,2620.9,0.0,0.0
2014-07-02,86.74,3.58,11.59,78.05,11.12,3.57,3.3,103.99,1,1,QLD,Hold QLD,No action,,Hold QLD while the Donchian20 signal remains 1.,0.0,0.0,3391.69,3391.69,2625.32,0.0,0.0
2014-07-03,87.29,3.62,11.36,78.15,11.69,3.58,3.34,117.53,1,1,QLD,Hold QLD,No action,,Hold QLD while the Donchian20 signal remains 1.,0.0,0.0,3431.56,3431.56,2641.88,0.0,0.0
2014-07-07,87.02,3.6,12.44,78.23,11.23,3.62,3.34,92.6,1,1,QLD,Hold QLD,No action,,Hold QLD while the Donchian20 signal remains 1.,0.0,0.0,3411.77,3411.77,2633.88,-0.58,-0.3
2014-07-08,85.97,3.51,13.74,78.31,9.78,3.62,3.34,62.45,1,1,QLD,Hold QLD,No action,,Hold QLD while the Donchian20 signal remains 1.,0.0,0.0,3331.17,3331.17,2602.13,-2.93,-1.5
2014-07-09,86.61,3.56,13.22,78.39,10.48,3.62,3.34,80.73,1,1,QLD,Hold QLD,No action,,Hold QLD while the Donchian20 signal remains 1.,0.0,0.0,3380.06,3380.06,2621.45,-1.5,-0.77
2014-07-10,86.34,3.54,14.13,78.47,10.02,3.62,3.34,72.9,1,1,QLD,Hold QLD,No action,,Hold QLD while the Donchian20 signal remains 1.,0.0,0.0,3359.1,3359.1,2613.17,-2.11,-1.09
2014-07-11,86.89,3.58,13.66,78.56,10.61,3.62,3.34,87.81,1,1,QLD,Hold QLD,No action,,Hold QLD while the Donchian20 signal remains 1.,0.0,0.0,3398.97,3398.97,2630.01,-0.95,-0.45
2014-07-14,87.41,3.63,13.59,78.65,11.15,3.62,3.36,104.77,1,1,QLD,Hold QLD,No action,,Hold QLD while the Donchian20 signal remains 1.,0.0,0.0,3443.49,3443.49,2645.75,0.0,0.0
2014-07-15,87.11,3.61,14.33,78.73,10.65,3.63,3.36,90.72,1,1,QLD,Hold QLD,No action,,Hold QLD while the Donchian20 signal remains 1.,0.0,0.0,3419.63,3419.63,2636.64,-0.69,-0.34
2014-07-16,87.46,3.63,13.38,78.82,10.97,3.63,3.36,100.8,1,1,QLD,Hold QLD,No action,,Hold QLD while the Donchian20 signal remains 1.,0.0,0.0,3445.53,3445.53,2647.13,0.0,0.0
2014-07-17,86.3,3.54,15.85,78.89,9.39,3.63,3.4,59.48,1,1,QLD,Hold QLD,No action,,Hold QLD while the Donchian20 signal remains 1.,0.0,0.0,3354.74,3354.74,2612.07,-2.63,-1.32
2014-07-18,87.67,3.65,13.4,78.98,11.0,3.63,3.4,105.32,1,1,QLD,Hold QLD,No action,,Hold QLD while the Donchian20 signal remains 1.,0.0,0.0,3457.46,3457.46,2653.48,0.0,0.0
2014-07-21,87.56,3.64,14.17,79.06,10.74,3.65,3.4,96.64,1,1,QLD,Hold QLD,No action,,Hold QLD while the Donchian20 signal remains 1.,0.0,0.0,3449.6,3449.6,2650.16,-0.23,-0.12
2014-07-22,88.12,3.69,13.26,79.15,11.32,3.65,3.4,116.67,1,1,QLD,Hold QLD,No action,,Hold QLD while the Donchian20 signal remains 1.,0.0,0.0,3496.45,3496.45,2667.0,0.0,0.0
2014-07-23,88.68,3.73,12.91,79.25,11.9,3.69,3.4,115.67,1,1,QLD,Hold QLD,No action,,Hold QLD while the Donchian20 signal remains 1.,0.0,0.0,3539.22,3539.22,2684.12,0.0,0.0
2014-07-24,88.58,3.73,13.08,79.34,11.64,3.73,3.44,97.45,1,1,QLD,Hold QLD,No action,,Hold QLD while the Donchian20 signal remains 1.,0.0,0.0,3532.24,3532.24,2681.08,-0.2,-0.11
2014-07-25,88.23,3.69,13.36,79.43,11.08,3.73,3.45,85.96,1,1,QLD,Hold QLD,No action,,Hold QLD while the Donchian20 signal remains 1.,0.0,0.0,3501.1,3501.1,2670.59,-1.08,-0.5
2014-07-28,88.26,3.7,13.84,79.52,11.0,3.73,3.48,86.05,1,1,QLD,Hold QLD,No action,,Hold QLD while the Donchian20 signal remains 1.,0.0,0.0,3505.18,3505.18,2671.42,-0.96,-0.47
2014-07-29,88.11,3.69,14.2,79.6,10.68,3.73,3.49,80.71,1,1,QLD,Hold QLD,No action,,Hold QLD while the Donchian20 signal remains 1.,0.0,0.0,3494.7,3494.7,2666.73,-1.26,-0.65
2014-07-30,88.45,3.71,13.93,79.69,10.99,3.73,3.51,91.47,1,1,QLD,Hold QLD,No action,,Hold QLD while the Donchian20 signal remains 1.,0.0,0.0,3521.47,3521.47,2677.22,-0.5,-0.26
2014-07-31,86.67,3.56,16.82,79.76,8.66,3.73,3.51,22.38,1,1,QLD,Hold QLD,No action,,Hold QLD while the Donchian20 signal remains 1.,0.0,0.0,3377.73,3377.73,2623.11,-4.56,-2.27
2014-08-01,86.35,3.54,17.26,79.83,8.17,3.73,3.51,10.77,1,1,QLD,Hold QLD,No action,,Hold QLD while the Donchian20 signal remains 1.,0.0,0.0,3353.58,3353.58,2613.45,-5.25,-2.63
2014-08-04,86.94,3.58,16.08,79.9,8.81,3.73,3.51,31.89,1,1,QLD,Hold QLD,No action,,Hold QLD while the Donchian20 signal remains 1.,0.0,0.0,3397.51,3397.51,2631.39,-4.0,-1.96
2014-08-05,86.27,3.53,17.02,79.96,7.89,3.73,3.51,7.69,1,1,QLD,Hold QLD,No action,,Hold QLD while the Donchian20 signal remains 1.,0.0,0.0,3347.17,3347.17,2611.24,-5.43,-2.72
2014-08-06,86.21,3.52,17.07,80.02,7.73,3.73,3.53,-3.48,1,0,QQQ,Hold QQQ,Reduce QLD to QQQ,QLD->QQQ_on_Donchian_exit,QLD closed below its prior 20-day low; the signal changed to 0 and the account reduced to QQQ.,0.0,3340.48,0.0,3340.48,2609.31,-5.62,-2.79
2014-08-07,85.94,3.5,17.37,80.08,7.31,3.73,3.52,-9.96,0,0,QQQ,Hold QQQ,No action,,Hold QQQ after the Donchian exit while QQQ remains at or above EMA200.,0.0,3329.88,0.0,3329.88,2601.03,-5.91,-3.1
2014-08-08,86.56,3.55,17.02,80.15,8.0,3.73,3.5,21.17,0,0,QQQ,Hold QQQ,No action,,Hold QQQ after the Donchian exit while QQQ remains at or above EMA200.,0.0,3353.91,0.0,3353.91,2619.8,-5.24,-2.4
2014-08-11,87.07,3.59,15.27,80.21,8.54,3.73,3.5,39.81,0,0,QQQ,Hold QQQ,No action,,Hold QQQ after the Donchian exit while QQQ remains at or above EMA200.,0.0,3373.7,0.0,3373.7,2635.26,-4.68,-1.82
2014-08-12,87.03,3.59,15.13,80.28,8.4,3.73,3.5,37.55,0,0,QQQ,Hold QQQ,No action,,Hold QQQ after the Donchian exit while QQQ remains at or above EMA200.,0.0,3372.29,0.0,3372.29,2634.15,-4.72,-1.86
2014-08-13,87.95,3.67,13.81,80.36,9.45,3.73,3.5,71.5,0,0,QQQ,Hold QQQ,No action,,Hold QQQ after the Donchian exit while QQQ remains at or above EMA200.,0.0,3407.98,0.0,3407.98,2662.03,-3.71,-0.82
2014-08-14,88.41,3.7,12.95,80.44,9.91,3.73,3.5,87.88,0,0,QQQ,Hold QQQ,No action,,Hold QQQ after the Donchian exit while QQQ remains at or above EMA200.,0.0,3425.66,0.0,3425.66,2675.84,-3.21,-0.31
2014-08-15,88.84,3.74,13.37,80.52,10.32,3.73,3.5,102.8,0,1,QLD,Hold QLD,Buy QLD,toQLD,QLD closed above its prior 20-day high; the signal changed to 1 and the account moved fully into QLD.,0.0,0.0,3442.27,3442.27,2688.81,-2.74,0.0
2014-08-18,89.52,3.8,12.85,80.61,11.05,3.74,3.5,125.0,1,1,QLD,Hold QLD,No action,,Hold QLD while the Donchian20 signal remains 1.,0.0,0.0,3496.79,3496.79,2709.52,-1.2,0.0
2014-08-19,90.02,3.84,12.66,80.71,11.54,3.8,3.5,114.09,1,1,QLD,Hold QLD,No action,,Hold QLD while the Donchian20 signal remains 1.,0.0,0.0,3535.22,3535.22,2724.7,-0.11,0.0
2014-08-20,90.02,3.84,12.66,80.8,11.42,3.84,3.5,100.64,1,1,QLD,Hold QLD,No action,,Hold QLD while the Donchian20 signal remains 1.,0.0,0.0,3537.19,3537.19,2724.7,-0.06,0.0
2014-08-21,90.2,3.86,12.5,80.89,11.51,3.84,3.5,103.88,1,1,QLD,Hold QLD,No action,,Hold QLD while the Donchian20 signal remains 1.,0.0,0.0,3549.34,3549.34,2730.22,0.0,0.0
2014-08-22,90.34,3.87,12.23,80.99,11.55,3.86,3.5,103.04,1,1,QLD,Hold QLD,No action,,Hold QLD while the Donchian20 signal remains 1.,0.0,0.0,3559.23,3559.23,2734.36,0.0,0.0
2014-08-25,90.66,3.89,12.45,81.08,11.81,3.87,3.5,107.76,1,1,QLD,Hold QLD,No action,,Hold QLD while the Donchian20 signal remains 1.,0.0,0.0,3585.22,3585.22,2744.02,0.0,0.0
2014-08-26,90.75,3.9,12.34,81.18,11.79,3.89,3.5,102.35,1,1,QLD,Hold QLD,No action,,Hold QLD while the Donchian20 signal remains 1.,0.0,0.0,3593.7,3593.7,2746.78,0.0,0.0
2014-08-27,90.77,3.9,12.34,81.27,11.68,3.9,3.5,100.08,1,1,QLD,Hold QLD,No action,,Hold QLD while the Donchian20 signal remains 1.,0.0,0.0,3593.98,3593.98,2747.34,0.0,0.0
2014-08-28,90.67,3.89,12.65,81.37,11.43,3.9,3.5,97.17,1,1,QLD,Hold QLD,No action,,Hold QLD while the Donchian20 signal remains 1.,0.0,0.0,3583.53,3583.53,2744.3,-0.29,-0.11
2014-08-29,91.01,3.92,12.71,81.46,11.72,3.9,3.5,104.97,1,1,QLD,Hold QLD,No action,,Hold QLD while the Donchian20 signal remains 1.,0.0,0.0,3612.35,3612.35,2754.52,0.0,0.0
2014-09-02,91.27,3.95,12.98,81.56,11.91,3.92,3.5,105.31,1,1,QLD,Hold QLD,No action,,Hold QLD while the Donchian20 signal remains 1.,0.0,0.0,3632.97,3632.97,2762.52,0.0,0.0
2014-09-03,90.73,3.9,13.56,81.65,11.12,3.95,3.5,89.56,1,1,QLD,Hold QLD,No action,,Hold QLD while the Donchian20 signal remains 1.,0.0,0.0,3590.31,3590.31,2746.23,-1.17,-0.59
2014-09-04,90.65,3.89,13.78,81.74,10.9,3.95,3.5,87.21,1,1,QLD,Hold QLD,No action,,Hold QLD while the Donchian20 signal remains 1.,0.0,0.0,3580.7,3580.7,2743.75,-1.44,-0.68
2014-09-05,91.11,3.93,13.24,81.83,11.33,3.95,3.5,97.03,1,1,QLD,Hold QLD,No action,,Hold QLD while the Donchian20 signal remains 1.,0.0,0.0,3620.82,3620.82,2757.55,-0.33,-0.18
2014-09-08,91.28,3.95,13.66,81.93,11.41,3.95,3.55,99.84,1,1,QLD,Hold QLD,No action,,Hold QLD while the Donchian20 signal remains 1.,0.0,0.0,3632.41,3632.41,2762.8,-0.02,0.0
2014-09-09,90.52,3.88,14.53,82.01,10.38,3.95,3.59,81.8,1,1,QLD,Hold QLD,No action,,Hold QLD while the Donchian20 signal remains 1.,0.0,0.0,3573.08,3573.08,2739.88,-1.65,-0.83
2014-09-10,91.27,3.94,14.12,82.11,11.16,3.95,3.59,98.63,1,1,QLD,Hold QLD,No action,,Hold QLD while the Donchian20 signal remains 1.,0.0,0.0,3628.45,3628.45,2762.52,-0.12,-0.01
2014-09-11,91.2,3.94,14.03,82.2,10.95,3.95,3.67,97.14,1,1,QLD,Hold QLD,No action,,Hold QLD while the Donchian20 signal remains 1.,0.0,0.0,3625.62,3625.62,2760.31,-0.2,-0.09
2014-09-12,90.73,3.9,14.67,82.28,10.27,3.95,3.7,79.42,1,1,QLD,Hold QLD,No action,,Hold QLD while the Donchian20 signal remains 1.,0.0,0.0,3587.2,3587.2,2746.23,-1.26,-0.6
2014-09-15,89.86,3.82,16.19,82.36,9.11,3.95,3.74,38.96,1,1,QLD,Hold QLD,No action,,Hold QLD while the Donchian20 signal remains 1.,0.0,0.0,3516.57,3516.57,2719.73,-3.2,-1.56
2014-09-16,90.64,3.89,14.92,82.44,9.95,3.95,3.8,59.96,1,1,QLD,Hold QLD,No action,,Hold QLD while the Donchian20 signal remains 1.,0.0,0.0,3578.44,3578.44,2743.47,-1.5,-0.7
2014-09-17,90.78,3.9,13.85,82.52,10.0,3.95,3.82,64.32,1,1,QLD,Hold QLD,No action,,Hold QLD while the Donchian20 signal remains 1.,0.0,0.0,3591.44,3591.44,2747.61,-1.14,-0.55
2014-09-18,91.46,3.96,13.51,82.61,10.71,3.95,3.82,108.98,1,1,QLD,Hold QLD,No action,,Hold QLD while the Donchian20 signal remains 1.,0.0,0.0,3643.42,3643.42,2768.32,0.0,0.0
2014-09-19,91.41,3.95,13.8,82.7,10.53,3.96,3.82,94.88,1,1,QLD,Hold QLD,No action,,Hold QLD while the Donchian20 signal remains 1.,0.0,0.0,3636.93,3636.93,2766.6,-0.18,-0.06
2014-09-22,90.56,3.88,15.51,82.78,9.4,3.96,3.82,43.65,1,1,QLD,Hold QLD,No action,,Hold QLD while the Donchian20 signal remains 1.,0.0,0.0,3571.95,3571.95,2740.87,-1.96,-0.99
2014-09-23,90.31,3.86,16.46,82.85,9.0,3.96,3.82,28.06,1,1,QLD,Hold QLD,No action,,Hold QLD while the Donchian20 signal remains 1.,0.0,0.0,3552.17,3552.17,2733.4,-2.5,-1.26
2014-09-24,91.28,3.94,15.25,82.94,10.06,3.96,3.82,87.75,1,1,QLD,Hold QLD,No action,,Hold QLD while the Donchian20 signal remains 1.,0.0,0.0,3627.89,3627.89,2762.73,-0.43,-0.2
2014-09-25,89.36,3.78,18.12,83.0,7.66,3.96,3.82,-32.07,1,0,QQQ,Hold QQQ,Reduce QLD to QQQ,QLD->QQQ_on_Donchian_exit,QLD closed below its prior 20-day low; the signal changed to 0 and the account reduced to QQQ.,0.0,3475.89,0.0,3475.89,2704.62,-4.6,-2.3
2014-09-26,90.31,3.86,16.85,83.07,8.71,3.96,3.78,45.19,0,0,QQQ,Hold QQQ,No action,,Hold QQQ after the Donchian exit while QQQ remains at or above EMA200.,0.0,3512.87,0.0,3512.87,2733.4,-3.58,-1.26
2014-09-29,90.19,3.85,18.03,83.14,8.48,3.96,3.78,38.95,0,0,QQQ,Hold QQQ,No action,,Hold QQQ after the Donchian exit while QQQ remains at or above EMA200.,0.0,3508.25,0.0,3508.25,2729.8,-3.71,-1.39
2014-09-30,90.32,3.86,18.26,83.21,8.54,3.96,3.78,45.36,0,0,QQQ,Hold QQQ,No action,,Hold QQQ after the Donchian exit while QQQ remains at or above EMA200.,0.0,3513.23,0.0,3513.23,2733.67,-3.57,-1.25
2014-10-01,88.87,3.73,19.21,83.27,6.73,3.96,3.78,-23.27,0,0,QQQ,Hold QQQ,No action,,Hold QQQ after the Donchian exit while QQQ remains at or above EMA200.,0.0,3457.04,0.0,3457.04,2689.95,-5.12,-2.83
2014-10-02,88.87,3.73,18.63,83.33,6.66,3.96,3.73,-1.09,0,0,QQQ,Hold QQQ,No action,,Hold QQQ after the Donchian exit while QQQ remains at or above EMA200.,0.0,3457.04,0.0,3457.04,2689.95,-5.12,-2.83
2014-10-03,89.75,3.81,17.54,83.39,7.63,3.96,3.73,33.02,0,0,QQQ,Hold QQQ,No action,,Hold QQQ after the Donchian exit while QQQ remains at or above EMA200.,0.0,3491.18,0.0,3491.18,2716.52,-4.18,-1.87
2014-10-06,89.56,3.79,17.98,83.45,7.32,3.96,3.73,25.71,0,0,QQQ,Hold QQQ,No action,,Hold QQQ after the Donchian exit while QQQ remains at or above EMA200.,0.0,3483.71,0.0,3483.71,2710.71,-4.38,-2.08
2014-10-07,88.29,3.68,19.17,83.5,5.73,3.96,3.73,-21.52,0,0,QQQ,Hold QQQ,No action,,Hold QQQ after the Donchian exit while QQQ remains at or above EMA200.,0.0,3434.28,0.0,3434.28,2672.24,-5.74,-3.47
2014-10-08,90.01,3.83,17.26,83.56,7.71,3.96,3.68,53.12,0,0,QQQ,Hold QQQ,No action,,Hold QQQ after the Donchian exit while QQQ remains at or above EMA200.,0.0,3501.14,0.0,3501.14,2724.26,-3.91,-1.59
2014-10-09,88.55,3.7,19.77,83.61,5.91,3.96,3.68,6.46,0,0,QQQ,Hold QQQ,No action,,Hold QQQ after the Donchian exit while QQQ remains at or above EMA200.,0.0,3444.59,0.0,3444.59,2680.27,-5.46,-3.18
2014-10-10,86.34,3.51,22.62,83.64,3.23,3.96,3.68,-60.8,0,0,QQQ,Hold QQQ,No action,,Hold QQQ after the Donchian exit while QQQ remains at or above EMA200.,0.0,3358.53,0.0,3358.53,2613.3,-7.82,-5.6
2014-10-13,84.99,3.41,25.72,83.66,1.59,3.96,3.51,-24.45,0,0,QQQ,Hold QQQ,No action,,Hold QQQ after the Donchian exit while QQQ remains at or above EMA200.,0.0,3305.9,0.0,3305.9,2572.35,-9.26,-7.08
2014-10-14,85.0,3.4,25.0,83.67,1.59,3.96,3.41,-0.28,0,0,QQQ,Hold QQQ,No action,,Hold QQQ after the Donchian exit while QQQ remains at or above EMA200.,0.0,3306.25,0.0,3306.25,2572.62,-9.25,-7.07
2014-10-15,84.45,3.36,27.05,83.68,0.92,3.96,3.4,-7.44,0,0,QQQ,Hold QQQ,No action,,Hold QQQ after the Donchian exit while QQQ remains at or above EMA200.,0.0,3284.92,0.0,3284.92,2556.02,-9.84,-7.67
2014-10-16,83.92,3.32,26.73,83.68,0.29,3.96,3.36,-7.49,0,0,QQQ,Hold QQQ,No action,,Hold QQQ after the Donchian exit while QQQ remains at or above EMA200.,0.0,3264.29,0.0,3264.29,2539.97,-10.41,-8.25
2014-10-17,85.02,3.41,23.13,83.69,1.59,3.95,3.32,14.04,0,0,QQQ,Hold QQQ,No action,,Hold QQQ after the Donchian exit while QQQ remains at or above EMA200.,0.0,3307.32,0.0,3307.32,2573.45,-9.22,-7.04
2014-10-20,86.3,3.51,20.32,83.72,3.08,3.94,3.32,30.45,0,0,QQQ,Hold QQQ,No action,,Hold QQQ after the Donchian exit while QQQ remains at or above EMA200.,0.0,3356.75,0.0,3356.75,2611.92,-7.87,-5.65
2014-10-21,88.56,3.69,18.22,83.77,5.73,3.94,3.32,59.97,0,0,QQQ,Hold QQQ,No action,,Hold QQQ after the Donchian exit while QQQ remains at or above EMA200.,0.0,3444.95,0.0,3444.95,2680.54,-5.45,-3.17
2014-10-22,88.11,3.65,19.96,83.81,5.13,3.94,3.32,53.65,0,0,QQQ,Hold QQQ,No action,,Hold QQQ after the Donchian exit while QQQ remains at or above EMA200.,0.0,3427.17,0.0,3427.17,2666.71,-5.94,-3.67
2014-10-23,89.43,3.76,18.78,83.87,6.64,3.86,3.32,82.64,0,0,QQQ,Hold QQQ,No action,,Hold QQQ after the Donchian exit while QQQ remains at or above EMA200.,0.0,3478.73,0.0,3478.73,2706.83,-4.52,-2.22
2014-10-24,90.16,3.82,17.93,83.93,7.43,3.86,3.32,93.28,0,0,QQQ,Hold QQQ,No action,,Hold QQQ after the Donchian exit while QQQ remains at or above EMA200.,0.0,3507.18,0.0,3507.18,2728.97,-3.74,-1.42
2014-10-27,90.23,3.83,17.94,83.99,7.42,3.86,3.32,95.16,0,0,QQQ,Hold QQQ,No action,,Hold QQQ after the Donchian exit while QQQ remains at or above EMA200.,0.0,3509.67,0.0,3509.67,2730.91,-3.67,-1.35
2014-10-28,91.59,3.95,16.6,84.07,8.95,3.86,3.32,116.16,0,1,QLD,Hold QLD,Buy QLD,toQLD,QLD closed above its prior 20-day high; the signal changed to 1 and the account moved fully into QLD.,0.0,0.0,3562.66,3562.66,2772.14,-2.22,0.0
2014-10-29,91.25,3.91,16.78,84.14,8.45,3.95,3.32,95.15,1,1,QLD,Hold QLD,No action,,Hold QLD while the Donchian20 signal remains 1.,0.0,0.0,3535.23,3535.23,2761.9,-2.97,-0.37
2014-10-30,91.44,3.93,16.61,84.21,8.59,3.95,3.32,98.19,1,1,QLD,Hold QLD,No action,,Hold QLD while the Donchian20 signal remains 1.,0.0,0.0,3552.41,3552.41,2767.71,-2.5,-0.16
2014-10-31,92.7,4.04,15.81,84.29,9.98,3.95,3.32,115.19,1,1,QLD,Hold QLD,No action,,Hold QLD while the Donchian20 signal remains 1.,0.0,0.0,3648.57,3648.57,2805.9,0.0,0.0
2014-11-03,92.98,4.06,16.42,84.38,10.19,4.04,3.32,103.23,1,1,QLD,Hold QLD,No action,,Hold QLD while the Donchian20 signal remains 1.,0.0,0.0,3669.63,3669.63,2814.2,0.0,0.0
2014-11-04,92.67,4.04,16.58,84.46,9.71,4.06,3.32,96.62,1,1,QLD,Hold QLD,No action,,Hold QLD while the Donchian20 signal remains 1.,0.0,0.0,3646.91,3646.91,2804.79,-0.62,-0.33
2014-11-05,92.68,4.04,16.34,84.55,9.62,4.06,3.32,96.29,1,1,QLD,Hold QLD,No action,,Hold QLD while the Donchian20 signal remains 1.,0.0,0.0,3644.69,3644.69,2805.06,-0.68,-0.32
2014-11-06,92.97,4.06,15.68,84.63,9.85,4.06,3.32,99.92,1,1,QLD,Hold QLD,No action,,Hold QLD while the Donchian20 signal remains 1.,0.0,0.0,3669.07,3669.07,2813.92,-0.02,-0.01
2014-11-07,92.89,4.05,14.71,84.71,9.65,4.06,3.32,98.68,1,1,QLD,Hold QLD,No action,,Hold QLD while the Donchian20 signal remains 1.,0.0,0.0,3660.76,3660.76,2811.43,-0.24,-0.1
2014-11-10,93.22,4.08,14.3,84.8,9.93,4.06,3.32,102.84,1,1,QLD,Hold QLD,No action,,Hold QLD while the Donchian20 signal remains 1.,0.0,0.0,3688.75,3688.75,2821.39,0.0,0.0
2014-11-11,93.51,4.11,14.32,84.88,10.16,4.08,3.32,103.04,1,1,QLD,Hold QLD,No action,,Hold QLD while the Donchian20 signal remains 1.,0.0,0.0,3709.81,3709.81,2830.25,0.0,0.0
2014-11-12,93.67,4.12,14.33,84.97,10.24,4.11,3.32,101.94,1,1,QLD,Hold QLD,No action,,Hold QLD while the Donchian20 signal remains 1.,0.0,0.0,3723.67,3723.67,2835.23,0.0,0.0
2014-11-13,94.08,4.16,14.55,85.06,10.6,4.12,3.32,104.27,1,1,QLD,Hold QLD,No action,,Hold QLD while the Donchian20 signal remains 1.,0.0,0.0,3754.71,3754.71,2847.4,0.0,0.0
2014-11-14,94.37,4.18,15.16,85.15,10.82,4.16,3.41,103.31,1,1,QLD,Hold QLD,No action,,Hold QLD while the Donchian20 signal remains 1.,0.0,0.0,3777.15,3777.15,2856.26,0.0,0.0
2014-11-17,94.08,4.16,15.53,85.24,10.37,4.18,3.51,96.18,1,1,QLD,Hold QLD,No action,,Hold QLD while the Donchian20 signal remains 1.,0.0,0.0,3753.87,3753.87,2847.68,-0.62,-0.3
2014-11-18,94.79,4.22,15.38,85.34,11.08,4.18,3.65,107.35,1,1,QLD,Hold QLD,No action,,Hold QLD while the Donchian20 signal remains 1.,0.0,0.0,3812.35,3812.35,2868.99,0.0,0.0
2014-11-19,94.36,4.18,15.71,85.43,10.46,4.22,3.65,93.15,1,1,QLD,Hold QLD,No action,,Hold QLD while the Donchian20 signal remains 1.,0.0,0.0,3777.15,3777.15,2855.98,-0.92,-0.45
2014-11-20,94.78,4.22,14.87,85.52,10.83,4.22,3.76,99.73,1,1,QLD,Hold QLD,No action,,Hold QLD while the Donchian20 signal remains 1.,0.0,0.0,3811.24,3811.24,2868.71,-0.03,-0.01
2014-11-21,94.96,4.24,14.71,85.61,10.92,4.22,3.82,103.61,1,1,QLD,Hold QLD,No action,,Hold QLD while the Donchian20 signal remains 1.,0.0,0.0,3825.37,3825.37,2874.24,0.0,0.0
2014-11-24,95.7,4.3,14.25,85.71,11.65,4.24,3.83,116.7,1,1,QLD,Hold QLD,No action,,Hold QLD while the Donchian20 signal remains 1.,0.0,0.0,3886.34,3886.34,2896.66,0.0,0.0
2014-11-25,95.85,4.32,14.12,85.82,11.69,4.3,3.91,103.31,1,1,QLD,Hold QLD,No action,,Hold QLD while the Donchian20 signal remains 1.,0.0,0.0,3897.98,3897.98,2901.09,0.0,0.0
2014-11-26,96.47,4.37,13.64,85.92,12.28,4.32,3.91,113.98,1,1,QLD,Hold QLD,No action,,Hold QLD while the Donchian20 signal remains 1.,0.0,0.0,3948.69,3948.69,2919.9,0.0,0.0
2014-11-28,96.92,4.41,14.74,86.03,12.66,4.37,3.93,108.88,1,1,QLD,Hold QLD,No action,,Hold QLD while the Donchian20 signal remains 1.,0.0,0.0,3983.88,3983.88,2933.46,0.0,0.0
2014-12-01,95.82,4.31,16.57,86.13,11.25,4.41,4.04,73.2,1,1,QLD,Hold QLD,No action,,Hold QLD while the Donchian20 signal remains 1.,0.0,0.0,3892.99,3892.99,2900.26,-2.28,-1.13
2014-12-02,96.21,4.35,15.66,86.23,11.57,4.41,4.04,82.35,1,1,QLD,Hold QLD,No action,,Hold QLD while the Donchian20 signal remains 1.,0.0,0.0,3924.02,3924.02,2911.88,-1.5,-0.74
2014-12-03,96.38,4.36,15.08,86.33,11.64,4.41,4.04,87.01,1,1,QLD,Hold QLD,No action,,Hold QLD while the Donchian20 signal remains 1.,0.0,0.0,3939.82,3939.82,2917.13,-1.11,-0.56
2014-12-04,96.33,4.36,14.98,86.43,11.46,4.41,4.04,85.21,1,1,QLD,Hold QLD,No action,,Hold QLD while the Donchian20 signal remains 1.,0.0,0.0,3933.72,3933.72,2915.75,-1.26,-0.6
2014-12-05,96.34,4.36,14.37,86.53,11.34,4.41,4.05,85.08,1,1,QLD,Hold QLD,No action,,Hold QLD while the Donchian20 signal remains 1.,0.0,0.0,3935.66,3935.66,2916.03,-1.21,-0.59
2014-12-08,95.66,4.29,16.03,86.62,10.43,4.41,4.05,66.98,1,1,QLD,Hold QLD,No action,,Hold QLD while the Donchian20 signal remains 1.,0.0,0.0,3877.19,3877.19,2895.27,-2.68,-1.3
2014-12-09,95.96,4.33,16.43,86.71,10.66,4.41,4.08,73.52,1,1,QLD,Hold QLD,No action,,Hold QLD while the Donchian20 signal remains 1.,0.0,0.0,3905.74,3905.74,2904.41,-1.96,-0.99
2014-12-10,94.45,4.19,19.47,86.79,8.83,4.41,4.11,25.99,1,1,QLD,Hold QLD,No action,,Hold QLD while the Donchian20 signal remains 1.,0.0,0.0,3781.03,3781.03,2858.75,-5.09,-2.55
2014-12-11,94.9,4.23,20.4,86.87,9.24,4.41,4.12,36.0,1,1,QLD,Hold QLD,No action,,Hold QLD while the Donchian20 signal remains 1.,0.0,0.0,3817.33,3817.33,2872.31,-4.18,-2.08
2014-12-12,93.87,4.14,22.51,86.94,7.97,4.41,4.16,-8.55,1,0,QQQ,Hold QQQ,Reduce QLD to QQQ,QLD->QQQ_on_Donchian_exit,QLD closed below its prior 20-day low; the signal changed to 0 and the account reduced to QQQ.,0.0,3734.2,0.0,3734.2,2841.04,-6.27,-3.15
2014-12-15,92.9,4.05,22.08,87.0,6.78,4.41,4.14,-30.52,0,0,QQQ,Hold QQQ,No action,,Hold QQQ after the Donchian exit while QQQ remains at or above EMA200.,0.0,3695.64,0.0,3695.64,2811.71,-7.24,-4.15
2014-12-16,91.41,3.92,24.06,87.04,5.01,4.41,4.05,-36.99,0,0,QQQ,Hold QQQ,No action,,Hold QQQ after the Donchian exit while QQQ remains at or above EMA200.,0.0,3636.36,0.0,3636.36,2766.6,-8.72,-5.69
2014-12-17,93.07,4.06,20.86,87.1,6.85,4.41,3.92,28.18,0,0,QQQ,Hold QQQ,No action,,Hold QQQ after the Donchian exit while QQQ remains at or above EMA200.,0.0,3702.56,0.0,3702.56,2816.96,-7.06,-3.97
2014-12-18,95.31,4.26,17.23,87.18,9.32,4.41,3.92,68.72,0,0,QQQ,Hold QQQ,No action,,Hold QQQ after the Donchian exit while QQQ remains at or above EMA200.,0.0,3791.66,0.0,3791.66,2884.76,-4.82,-1.66
2014-12-19,95.73,4.29,16.89,87.27,9.69,4.41,3.92,74.49,0,0,QQQ,Hold QQQ,No action,,Hold QQQ after the Donchian exit while QQQ remains at or above EMA200.,0.0,3808.35,0.0,3808.35,2897.45,-4.41,-1.23
2014-12-22,95.97,4.32,16.56,87.36,9.86,4.41,3.92,80.45,0,0,QQQ,Hold QQQ,No action,,Hold QQQ after the Donchian exit while QQQ remains at or above EMA200.,0.0,3817.84,0.0,3817.84,2904.67,-4.17,-0.98
2014-12-23,95.63,4.29,16.81,87.44,9.37,4.41,3.92,74.74,0,0,QQQ,Hold QQQ,No action,,Hold QQQ after the Donchian exit while QQQ remains at or above EMA200.,0.0,3804.33,0.0,3804.33,2894.4,-4.51,-1.33
2014-12-24,95.71,4.29,16.47,87.52,9.36,4.41,3.92,75.73,0,0,QQQ,Hold QQQ,No action,,Hold QQQ after the Donchian exit while QQQ remains at or above EMA200.,0.0,3807.62,0.0,3807.62,2896.9,-4.42,-1.25
2014-12-26,96.39,4.35,16.27,87.61,10.02,4.41,3.92,88.03,0,0,QQQ,Hold QQQ,No action,,Hold QQQ after the Donchian exit while QQQ remains at or above EMA200.,0.0,3834.63,0.0,3834.63,2917.45,-3.75,-0.55
2014-12-29,96.37,4.35,16.8,87.7,9.89,4.41,3.92,87.66,0,0,QQQ,Hold QQQ,No action,,Hold QQQ after the Donchian exit while QQQ remains at or above EMA200.,0.0,3833.9,0.0,3833.9,2916.89,-3.76,-0.56
2014-12-30,95.73,4.29,16.97,87.78,9.06,4.36,3.92,83.4,0,0,QQQ,Hold QQQ,No action,,Hold QQQ after the Donchian exit while QQQ remains at or above EMA200.,0.0,3808.35,0.0,3808.35,2897.45,-4.41,-1.23
2014-12-31,94.75,4.2,19.64,87.84,7.86,4.36,3.92,63.14,0,0,QQQ,Hold QQQ,No action,,Hold QQQ after the Donchian exit while QQQ remains at or above EMA200.,0.0,3769.29,0.0,3769.29,2867.73,-5.39,-2.24
2015-01-02,94.46,4.18,19.2,87.91,7.45,4.36,3.92,59.22,0,0,QQQ,Hold QQQ,No action,,Hold QQQ after the Donchian exit while QQQ remains at or above EMA200.,0.0,3757.97,0.0,3757.97,2859.12,-5.67,-2.53
2015-01-05,93.08,4.05,20.72,87.96,5.82,4.36,3.92,30.94,0,0,QQQ,Hold QQQ,No action,,Hold QQQ after the Donchian exit while QQQ remains at or above EMA200.,0.0,3702.84,0.0,3702.84,2817.18,-7.05,-3.96
2015-01-06,91.83,3.95,21.85,88.0,4.35,4.36,3.92,6.71,0,0,QQQ,Hold QQQ,No action,,Hold QQQ after the Donchian exit while QQQ remains at or above EMA200.,0.0,3653.2,0.0,3653.2,2779.41,-8.3,-5.25
2015-01-07,93.01,4.05,20.16,88.05,5.64,4.35,3.92,29.44,0,0,QQQ,Hold QQQ,No action,,Hold QQQ after the Donchian exit while QQQ remains at or above EMA200.,0.0,3700.29,0.0,3700.29,2815.24,-7.12,-4.03
2015-01-08,94.79,4.2,18.15,88.12,7.58,4.35,3.92,65.0,0,0,QQQ,Hold QQQ,No action,,Hold QQQ after the Donchian exit while QQQ remains at or above EMA200.,0.0,3771.11,0.0,3771.11,2869.12,-5.34,-2.19
2015-01-09,94.17,4.15,18.4,88.18,6.79,4.35,3.92,52.59,0,0,QQQ,Hold QQQ,No action,,Hold QQQ after the Donchian exit while QQQ remains at or above EMA200.,0.0,3746.29,0.0,3746.29,2850.24,-5.96,-2.84
2015-01-12,93.19,4.06,19.87,88.23,5.62,4.35,3.92,32.97,0,0,QQQ,Hold QQQ,No action,,Hold QQQ after the Donchian exit while QQQ remains at or above EMA200.,0.0,3707.23,0.0,3707.23,2820.52,-6.94,-3.85
2015-01-13,93.16,4.05,20.71,88.28,5.53,4.35,3.92,31.56,0,0,QQQ,Hold QQQ,No action,,Hold QQQ after the Donchian exit while QQQ remains at or above EMA200.,0.0,3706.13,0.0,3706.13,2819.68,-6.97,-3.88
2015-01-14,92.65,4.01,21.41,88.32,4.9,4.35,3.92,22.32,0,0,QQQ,Hold QQQ,No action,,Hold QQQ after the Donchian exit while QQQ remains at or above EMA200.,0.0,3685.69,0.0,3685.69,2804.13,-7.49,-4.41
2015-01-15,91.44,3.91,22.72,88.35,3.5,4.35,3.92,-2.02,0,0,QQQ,Hold QQQ,No action,,Hold QQQ after the Donchian exit while QQQ remains at or above EMA200.,0.0,3637.86,0.0,3637.86,2767.75,-8.69,-5.65
2015-01-16,92.52,4.0,21.22,88.39,4.67,4.35,3.91,20.75,0,0,QQQ,Hold QQQ,No action,,Hold QQQ after the Donchian exit while QQQ remains at or above EMA200.,0.0,3680.58,0.0,3680.58,2800.24,-7.61,-4.54
2015-01-20,93.25,4.06,20.69,88.44,5.44,4.35,3.91,34.65,0,0,QQQ,Hold QQQ,No action,,Hold QQQ after the Donchian exit while QQQ remains at or above EMA200.,0.0,3709.78,0.0,3709.78,2822.46,-6.88,-3.78
2015-01-21,93.73,4.1,20.02,88.49,5.92,4.35,3.91,43.91,0,0,QQQ,Hold QQQ,No action,,Hold QQQ after the Donchian exit while QQQ remains at or above EMA200.,0.0,3728.76,0.0,3728.76,2836.9,-6.4,-3.29
2015-01-22,95.46,4.26,17.08,88.56,7.79,4.35,3.91,78.08,0,0,QQQ,Hold QQQ,No action,,Hold QQQ after the Donchian exit while QQQ remains at or above EMA200.,0.0,3797.76,0.0,3797.76,2889.4,-4.67,-1.5
2015-01-23,95.67,4.27,17.06,88.63,7.94,4.35,3.91,82.23,0,0,QQQ,Hold QQQ,No action,,Hold QQQ after the Donchian exit while QQQ remains at or above EMA200.,0.0,3806.16,0.0,3806.16,2895.79,-4.46,-1.28
2015-01-26,95.56,4.27,16.97,88.7,7.74,4.35,3.91,80.29,0,0,QQQ,Hold QQQ,No action,,Hold QQQ after the Donchian exit while QQQ remains at or above EMA200.,0.0,3801.78,0.0,3801.78,2892.45,-4.57,-1.4
2015-01-27,93.09,4.05,19.22,88.75,4.89,4.35,3.91,31.05,0,0,QQQ,Hold QQQ,No action,,Hold QQQ after the Donchian exit while QQQ remains at or above EMA200.,0.0,3703.21,0.0,3703.21,2817.46,-7.05,-3.95
2015-01-28,92.61,4.0,21.39,88.78,4.31,4.35,3.91,21.18,0,0,QQQ,Hold QQQ,No action,,Hold QQQ after the Donchian exit while QQQ remains at or above EMA200.,0.0,3684.22,0.0,3684.22,2803.02,-7.52,-4.45
2015-01-29,93.5,4.08,19.48,88.83,5.25,4.29,3.91,43.91,0,0,QQQ,Hold QQQ,No action,,Hold QQQ after the Donchian exit while QQQ remains at or above EMA200.,0.0,3719.64,0.0,3719.64,2829.96,-6.63,-3.53
2015-01-30,92.77,4.02,21.59,88.87,4.39,4.27,3.91,29.44,0,0,QQQ,Hold QQQ,No action,,Hold QQQ after the Donchian exit while QQQ remains at or above EMA200.,0.0,3690.8,0.0,3690.8,2808.02,-7.36,-4.28
2015-02-02,93.58,4.08,20.79,88.92,5.25,4.27,3.91,48.11,0,0,QQQ,Hold QQQ,No action,,Hold QQQ after the Donchian exit while QQQ remains at or above EMA200.,0.0,3722.92,0.0,3722.92,2832.46,-6.55,-3.44
2015-02-03,94.48,4.16,18.81,88.97,6.19,4.27,3.91,69.55,0,0,QQQ,Hold QQQ,No action,,Hold QQQ after the Donchian exit while QQQ remains at or above EMA200.,0.0,3758.7,0.0,3758.7,2859.68,-5.65,-2.52
2015-02-04,94.4,4.15,19.16,89.03,6.03,4.27,3.91,66.95,0,0,QQQ,Hold QQQ,No action,,Hold QQQ after the Donchian exit while QQQ remains at or above EMA200.,0.0,3755.41,0.0,3755.41,2857.18,-5.73,-2.6
2015-02-05,95.22,4.23,18.18,89.09,6.88,4.27,3.91,86.88,0,0,QQQ,Hold QQQ,No action,,Hold QQQ after the Donchian exit while QQQ remains at or above EMA200.,0.0,3787.9,0.0,3787.9,2881.9,-4.92,-1.76
2015-02-06,94.64,4.17,18.41,89.14,6.16,4.27,3.91,72.83,0,0,QQQ,Hold QQQ,No action,,Hold QQQ after the Donchian exit while QQQ remains at or above EMA200.,0.0,3764.91,0.0,3764.91,2864.4,-5.5,-2.35
2015-02-09,94.33,4.15,19.12,89.2,5.76,4.27,3.91,65.43,0,0,QQQ,Hold QQQ,No action,,Hold QQQ after the Donchian exit while QQQ remains at or above EMA200.,0.0,3752.86,0.0,3752.86,2855.23,-5.8,-2.67
2015-02-10,95.8,4.28,17.46,89.26,7.33,4.27,3.91,100.93,0,1,QLD,Hold QLD,Buy QLD,toQLD,QLD closed above its prior 20-day high; the signal changed to 1 and the account moved fully into QLD.,0.0,0.0,3811.27,3811.27,2899.67,-4.33,-1.15
2015-02-11,96.15,4.31,17.39,89.33,7.64,4.28,3.91,108.67,1,1,QLD,Hold QLD,No action,,Hold QLD while the Donchian20 signal remains 1.,0.0,0.0,3839.72,3839.72,2910.23,-3.62,-0.79
2015-02-12,97.27,4.41,16.1,89.41,8.79,4.31,3.91,124.54,1,1,QLD,Hold QLD,No action,,Hold QLD while the Donchian20 signal remains 1.,0.0,0.0,3927.28,3927.28,2944.11,-1.42,0.0
2015-02-13,98.11,4.48,15.15,89.5,9.62,4.41,3.91,115.09,1,1,QLD,Hold QLD,No action,,Hold QLD while the Donchian20 signal remains 1.,0.0,0.0,3994.32,3994.32,2969.39,0.0,0.0
2015-02-17,98.2,4.49,15.96,89.58,9.62,4.48,4.0,101.85,1,1,QLD,Hold QLD,No action,,Hold QLD while the Donchian20 signal remains 1.,0.0,0.0,4002.26,4002.26,2972.17,0.0,0.0
2015-02-18,98.34,4.5,15.9,89.67,9.66,4.49,4.0,102.7,1,1,QLD,Hold QLD,No action,,Hold QLD while the Donchian20 signal remains 1.,0.0,0.0,4014.02,4014.02,2976.33,0.0,0.0
2015-02-19,98.82,4.55,15.44,89.76,10.1,4.5,4.0,108.74,1,1,QLD,Hold QLD,No action,,Hold QLD while the Donchian20 signal remains 1.,0.0,0.0,4053.15,4053.15,2991.05,0.0,0.0
2015-02-20,99.48,4.61,14.67,89.86,10.71,4.55,4.0,111.07,1,1,QLD,Hold QLD,No action,,Hold QLD while the Donchian20 signal remains 1.,0.0,0.0,4107.05,4107.05,3011.05,0.0,0.0
2015-02-23,99.58,4.62,14.87,89.95,10.71,4.61,4.0,101.77,1,1,QLD,Hold QLD,No action,,Hold QLD while the Donchian20 signal remains 1.,0.0,0.0,4116.63,4116.63,3014.11,0.0,0.0
2015-02-24,99.66,4.63,14.26,90.05,10.67,4.62,4.0,100.94,1,1,QLD,Hold QLD,No action,,Hold QLD while the Donchian20 signal remains 1.,0.0,0.0,4121.83,4121.83,3016.33,0.0,0.0
2015-02-25,99.41,4.6,14.38,90.14,10.28,4.63,4.0,96.16,1,1,QLD,Hold QLD,No action,,Hold QLD while the Donchian20 signal remains 1.,0.0,0.0,4100.48,4100.48,3008.83,-0.52,-0.25
2015-02-26,99.91,4.65,14.33,90.24,10.72,4.63,4.0,103.65,1,1,QLD,Hold QLD,No action,,Hold QLD while the Donchian20 signal remains 1.,0.0,0.0,4142.08,4142.08,3024.1,0.0,0.0
2015-02-27,99.47,4.61,14.62,90.33,10.12,4.65,4.02,93.59,1,1,QLD,Hold QLD,No action,,Hold QLD while the Donchian20 signal remains 1.,0.0,0.0,4105.96,4105.96,3010.77,-0.87,-0.44
2015-03-02,100.37,4.69,14.27,90.43,10.99,4.65,4.02,106.7,1,1,QLD,Hold QLD,No action,,Hold QLD while the Donchian20 signal remains 1.,0.0,0.0,4179.83,4179.83,3037.99,0.0,0.0
2015-03-03,99.9,4.64,14.98,90.53,10.36,4.69,4.08,92.41,1,1,QLD,Hold QLD,No action,,Hold QLD while the Donchian20 signal remains 1.,0.0,0.0,4138.79,4138.79,3023.83,-0.98,-0.47
2015-03-04,99.52,4.61,15.59,90.62,9.83,4.69,4.15,85.36,1,1,QLD,Hold QLD,No action,,Hold QLD while the Donchian20 signal remains 1.,0.0,0.0,4108.97,4108.97,3012.16,-1.7,-0.85
2015-03-05,99.69,4.63,15.22,90.71,9.91,4.69,4.15,87.96,1,1,QLD,Hold QLD,No action,,Hold QLD while the Donchian20 signal remains 1.,0.0,0.0,4121.55,4121.55,3017.44,-1.39,-0.68
2015-03-06,98.56,4.52,16.75,90.78,8.57,4.69,4.15,68.29,1,1,QLD,Hold QLD,No action,,Hold QLD while the Donchian20 signal remains 1.,0.0,0.0,4026.33,4026.33,2983.28,-3.67,-1.8
2015-03-09,98.85,4.54,16.44,90.86,8.79,4.69,4.15,72.92,1,1,QLD,Hold QLD,No action,,Hold QLD while the Donchian20 signal remains 1.,0.0,0.0,4048.77,4048.77,2991.89,-3.14,-1.52
2015-03-10,97.01,4.38,18.02,90.93,6.7,4.69,4.15,42.91,1,1,QLD,Hold QLD,No action,,Hold QLD while the Donchian20 signal remains 1.,0.0,0.0,3903.48,3903.48,2936.34,-6.61,-3.35
2015-03-11,96.45,4.33,18.42,90.98,6.02,4.69,4.28,12.18,1,1,QLD,Hold QLD,No action,,Hold QLD while the Donchian20 signal remains 1.,0.0,0.0,3856.14,3856.14,2919.39,-7.74,-3.9
2015-03-12,97.09,4.39,17.15,91.04,6.64,4.69,4.31,20.19,1,1,QLD,Hold QLD,No action,,Hold QLD while the Donchian20 signal remains 1.,0.0,0.0,3908.4,3908.4,2938.56,-6.49,-3.27
2015-03-13,96.67,4.35,17.55,91.1,6.11,4.69,4.33,4.99,1,1,QLD,Hold QLD,No action,,Hold QLD while the Donchian20 signal remains 1.,0.0,0.0,3872.28,3872.28,2925.78,-7.36,-3.69
2015-03-16,97.91,4.46,16.91,91.17,7.4,4.69,4.33,36.52,1,1,QLD,Hold QLD,No action,,Hold QLD while the Donchian20 signal remains 1.,0.0,0.0,3974.35,3974.35,2963.56,-4.92,-2.45
2015-03-17,98.07,4.47,16.6,91.23,7.49,4.69,4.33,39.56,1,1,QLD,Hold QLD,No action,,Hold QLD while the Donchian20 signal remains 1.,0.0,0.0,3984.2,3984.2,2968.28,-4.68,-2.29
2015-03-18,99.03,4.56,14.99,91.31,8.46,4.69,4.33,64.16,1,1,QLD,Hold QLD,No action,,Hold QLD while the Donchian20 signal remains 1.,0.0,0.0,4063.82,4063.82,2997.44,-2.78,-1.33
2015-03-19,99.18,4.57,14.71,91.39,8.52,4.69,4.33,67.54,1,1,QLD,Hold QLD,No action,,Hold QLD while the Donchian20 signal remains 1.,0.0,0.0,4074.76,4074.76,3001.89,-2.51,-1.19
2015-03-20,99.82,4.64,13.82,91.47,9.13,4.69,4.33,84.87,1,1,QLD,Hold QLD,No action,,Hold QLD while the Donchian20 signal remains 1.,0.0,0.0,4130.86,4130.86,3021.32,-1.17,-0.55
2015-03-23,99.63,4.61,14.44,91.55,8.82,4.69,4.33,78.53,1,1,QLD,Hold QLD,No action,,Hold QLD while the Donchian20 signal remains 1.,0.0,0.0,4110.34,4110.34,3015.47,-1.66,-0.74
2015-03-24,99.27,4.58,14.62,91.63,8.34,4.69,4.33,69.48,1,1,QLD,Hold QLD,No action,,Hold QLD while the Donchian20 signal remains 1.,0.0,0.0,4081.06,4081.06,3004.61,-2.36,-1.1
2015-03-25,97.0,4.37,17.33,91.69,5.79,4.69,4.33,11.63,1,1,QLD,Hold QLD,No action,,Hold QLD while the Donchian20 signal remains 1.,0.0,0.0,3893.77,3893.77,2935.85,-6.84,-3.36
2015-03-26,96.67,4.34,17.5,91.73,5.38,4.69,4.33,3.59,1,1,QLD,Hold QLD,No action,,Hold QLD while the Donchian20 signal remains 1.,0.0,0.0,3867.77,3867.77,2925.83,-7.47,-3.69
2015-03-27,97.05,4.38,16.89,91.79,5.74,4.69,4.33,13.32,1,1,QLD,Hold QLD,No action,,Hold QLD while the Donchian20 signal remains 1.,0.0,0.0,3899.25,3899.25,2937.52,-6.71,-3.31
2015-03-30,98.17,4.48,16.06,91.85,6.88,4.69,4.33,42.67,1,1,QLD,Hold QLD,No action,,Hold QLD while the Donchian20 signal remains 1.,0.0,0.0,3994.25,3994.25,2971.21,-4.44,-2.2
2015-03-31,97.13,4.38,17.29,91.9,5.68,4.64,4.33,16.41,1,1,QLD,Hold QLD,No action,,Hold QLD while the Donchian20 signal remains 1.,0.0,0.0,3902.54,3902.54,2939.75,-6.63,-3.23
2015-04-01,96.62,4.33,17.35,91.95,5.08,4.64,4.33,2.24,1,1,QLD,Hold QLD,No action,,Hold QLD while the Donchian20 signal remains 1.,0.0,0.0,3862.29,3862.29,2924.44,-7.6,-3.74
2015-04-02,96.69,4.34,16.72,92.0,5.1,4.64,4.33,3.63,1,1,QLD,Hold QLD,No action,,Hold QLD while the Donchian20 signal remains 1.,0.0,0.0,3866.12,3866.12,2926.39,-7.51,-3.67
2015-04-06,97.48,4.41,16.58,92.05,5.89,4.64,4.33,26.75,1,1,QLD,Hold QLD,No action,,Hold QLD while the Donchian20 signal remains 1.,0.0,0.0,3929.64,3929.64,2950.33,-5.99,-2.89
2015-04-07,97.31,4.39,16.39,92.1,5.65,4.64,4.33,21.77,1,1,QLD,Hold QLD,No action,,Hold QLD while the Donchian20 signal remains 1.,0.0,0.0,3915.95,3915.95,2945.32,-6.31,-3.05
2015-04-08,98.08,4.46,15.45,92.16,6.42,4.64,4.33,44.39,1,1,QLD,Hold QLD,No action,,Hold QLD while the Donchian20 signal remains 1.,0.0,0.0,3978.09,3978.09,2968.7,-4.83,-2.28
2015-04-09,98.7,4.52,14.7,92.23,7.02,4.64,4.33,62.53,1,1,QLD,Hold QLD,No action,,Hold QLD while the Donchian20 signal remains 1.,0.0,0.0,4027.92,4027.92,2987.35,-3.63,-1.67
2015-04-10,99.1,4.56,14.1,92.3,7.37,4.64,4.33,73.7,1,1,QLD,Hold QLD,No action,,Hold QLD while the Donchian20 signal remains 1.,0.0,0.0,4060.22,4060.22,2999.6,-2.86,-1.26
2015-04-13,98.86,4.53,15.45,92.36,7.03,4.64,4.33,65.95,1,1,QLD,Hold QLD,No action,,Hold QLD while the Donchian20 signal remains 1.,0.0,0.0,4039.42,4039.42,2992.09,-3.36,-1.51
2015-04-14,98.57,4.51,15.46,92.42,6.65,4.64,4.33,57.59,1,1,QLD,Hold QLD,No action,,Hold QLD while the Donchian20 signal remains 1.,0.0,0.0,4016.97,4016.97,2983.46,-3.9,-1.8
2015-04-15,99.19,4.56,14.63,92.49,7.24,4.64,4.33,75.13,1,1,QLD,Hold QLD,No action,,Hold QLD while the Donchian20 signal remains 1.,0.0,0.0,4064.06,4064.06,3002.11,-2.77,-1.18
2015-04-16,99.05,4.55,14.5,92.56,7.01,4.64,4.33,71.46,1,1,QLD,Hold QLD,No action,,Hold QLD while the Donchian20 signal remains 1.,0.0,0.0,4054.2,4054.2,2997.93,-3.01,-1.32
2015-04-17,97.5,4.41,16.03,92.61,5.29,4.64,4.33,24.97,1,1,QLD,Hold QLD,No action,,Hold QLD while the Donchian20 signal remains 1.,0.0,0.0,3929.36,3929.36,2951.16,-5.99,-2.86
2015-04-20,98.97,4.54,14.86,92.67,6.79,4.64,4.33,68.5,1,1,QLD,Hold QLD,No action,,Hold QLD while the Donchian20 signal remains 1.,0.0,0.0,4046.26,4046.26,2995.43,-3.2,-1.4
2015-04-21,99.39,4.58,14.93,92.74,7.17,4.61,4.33,87.63,1,1,QLD,Hold QLD,No action,,Hold QLD while the Donchian20 signal remains 1.,0.0,0.0,4079.66,4079.66,3008.23,-2.4,-0.98
2015-04-22,99.93,4.63,14.68,92.81,7.68,4.58,4.33,119.51,1,1,QLD,Hold QLD,No action,,Hold QLD while the Donchian20 signal remains 1.,0.0,0.0,4123.74,4123.74,3024.66,-1.34,-0.44
2015-04-23,100.31,4.66,14.22,92.88,8.0,4.63,4.33,112.67,1,1,QLD,Hold QLD,No action,,Hold QLD while the Donchian20 signal remains 1.,0.0,0.0,4156.86,4156.86,3036.07,-0.55,-0.06
2015-04-24,101.67,4.79,14.2,92.97,9.36,4.66,4.33,137.36,1,1,QLD,Hold QLD,No action,,Hold QLD while the Donchian20 signal remains 1.,0.0,0.0,4266.92,4266.92,3077.27,0.0,0.0
2015-04-27,101.41,4.77,15.18,93.05,8.98,4.79,4.33,95.2,1,1,QLD,Hold QLD,No action,,Hold QLD while the Donchian20 signal remains 1.,0.0,0.0,4247.48,4247.48,3069.48,-0.46,-0.25
2015-04-28,101.21,4.74,14.88,93.14,8.67,4.79,4.33,90.26,1,1,QLD,Hold QLD,No action,,Hold QLD while the Donchian20 signal remains 1.,0.0,0.0,4227.49,4227.49,3063.35,-0.92,-0.45
2015-04-29,100.58,4.69,15.47,93.21,7.9,4.79,4.33,77.74,1,1,QLD,Hold QLD,No action,,Hold QLD while the Donchian20 signal remains 1.,0.0,0.0,4176.85,4176.85,3044.14,-2.11,-1.08
2015-04-30,98.99,4.54,16.51,93.27,6.14,4.79,4.33,44.52,1,1,QLD,Hold QLD,No action,,Hold QLD while the Donchian20 signal remains 1.,0.0,0.0,4042.43,4042.43,2996.26,-5.26,-2.63
2015-05-01,100.3,4.66,15.07,93.34,7.46,4.79,4.34,71.45,1,1,QLD,Hold QLD,No action,,Hold QLD while the Donchian20 signal remains 1.,0.0,0.0,4152.48,4152.48,3035.79,-2.68,-1.35
2015-05-04,100.47,4.67,15.15,93.41,7.56,4.79,4.39,70.59,1,1,QLD,Hold QLD,No action,,Hold QLD while the Donchian20 signal remains 1.,0.0,0.0,4163.71,4163.71,3040.8,-2.42,-1.19
2015-05-05,98.83,4.52,16.66,93.46,5.74,4.79,4.39,32.92,1,1,QLD,Hold QLD,No action,,Hold QLD while the Donchian20 signal remains 1.,0.0,0.0,4031.48,4031.48,2991.25,-5.52,-2.8
2015-05-06,98.15,4.46,17.79,93.51,4.96,4.79,4.41,14.27,1,1,QLD,Hold QLD,No action,,Hold QLD while the Donchian20 signal remains 1.,0.0,0.0,3977.55,3977.55,2970.65,-6.78,-3.46
2015-05-07,98.74,4.51,17.37,93.56,5.53,4.79,4.41,27.09,1,1,QLD,Hold QLD,No action,,Hold QLD while the Donchian20 signal remains 1.,0.0,0.0,4020.8,4020.8,2988.47,-5.77,-2.89
2015-05-08,99.97,4.62,15.38,93.62,6.78,4.79,4.41,56.37,1,1,QLD,Hold QLD,No action,,Hold QLD while the Donchian20 signal remains 1.,0.0,0.0,4119.63,4119.63,3025.77,-3.45,-1.67
2015-05-11,99.58,4.59,15.56,93.68,6.3,4.79,4.41,46.47,1,1,QLD,Hold QLD,No action,,Hold QLD while the Donchian20 signal remains 1.,0.0,0.0,4086.23,4086.23,3014.08,-4.23,-2.05
2015-05-12,99.13,4.55,15.96,93.74,5.75,4.79,4.41,36.33,1,1,QLD,Hold QLD,No action,,Hold QLD while the Donchian20 signal remains 1.,0.0,0.0,4052.01,4052.01,3000.44,-5.04,-2.5
2015-05-13,99.33,4.56,15.62,93.79,5.91,4.79,4.41,40.96,1,1,QLD,Hold QLD,No action,,Hold QLD while the Donchian20 signal remains 1.,0.0,0.0,4067.62,4067.62,3006.56,-4.67,-2.3
2015-05-14,100.79,4.7,14.31,93.86,7.38,4.79,4.41,75.83,1,1,QLD,Hold QLD,No action,,Hold QLD while the Donchian20 signal remains 1.,0.0,0.0,4185.34,4185.34,3050.55,-1.91,-0.87
2015-05-15,100.79,4.7,13.89,93.93,7.3,4.79,4.41,76.4,1,1,QLD,Hold QLD,No action,,Hold QLD while the Donchian20 signal remains 1.,0.0,0.0,4187.25,4187.25,3050.55,-1.87,-0.87
2015-05-18,101.23,4.74,13.95,94.0,7.69,4.79,4.46,84.86,1,1,QLD,Hold QLD,No action,,Hold QLD while the Donchian20 signal remains 1.,0.0,0.0,4223.11,4223.11,3063.91,-1.03,-0.43
2015-05-19,101.12,4.73,14.15,94.08,7.49,4.79,4.46,80.98,1,1,QLD,Hold QLD,No action,,Hold QLD while the Donchian20 signal remains 1.,0.0,0.0,4211.89,4211.89,3060.57,-1.29,-0.54
2015-05-20,101.18,4.73,14.0,94.15,7.47,4.79,4.46,82.59,1,1,QLD,Hold QLD,No action,,Hold QLD while the Donchian20 signal remains 1.,0.0,0.0,4216.54,4216.54,3062.52,-1.18,-0.48
2015-05-21,101.71,4.78,13.38,94.22,7.95,4.79,4.46,98.3,1,1,QLD,Hold QLD,No action,,Hold QLD while the Donchian20 signal remains 1.,0.0,0.0,4261.99,4261.99,3078.39,-0.12,0.0
2015-05-22,101.61,4.78,13.23,94.29,7.75,4.79,4.46,96.4,1,1,QLD,Hold QLD,No action,,Hold QLD while the Donchian20 signal remains 1.,0.0,0.0,4256.51,4256.51,3075.32,-0.24,-0.1
2015-05-26,100.44,4.66,15.15,94.36,6.45,4.78,4.46,62.27,1,1,QLD,Hold QLD,No action,,Hold QLD while the Donchian20 signal remains 1.,0.0,0.0,4154.67,4154.67,3039.97,-2.63,-1.25
2015-05-27,102.06,4.81,13.96,94.43,8.07,4.78,4.46,109.24,1,1,QLD,Hold QLD,No action,,Hold QLD while the Donchian20 signal remains 1.,0.0,0.0,4288.27,4288.27,3088.96,0.0,0.0
2015-05-28,101.83,4.79,14.22,94.51,7.75,4.81,4.46,94.01,1,1,QLD,Hold QLD,No action,,Hold QLD while the Donchian20 signal remains 1.,0.0,0.0,4269.65,4269.65,3082.0,-0.43,-0.23
2015-05-29,101.22,4.74,14.75,94.57,7.03,4.81,4.46,78.5,1,1,QLD,Hold QLD,No action,,Hold QLD while the Donchian20 signal remains 1.,0.0,0.0,4221.47,4221.47,3063.63,-1.56,-0.82
2015-06-01,101.56,4.76,14.98,94.64,7.31,4.81,4.46,86.08,1,1,QLD,Hold QLD,No action,,Hold QLD while the Donchian20 signal remains 1.,0.0,0.0,4245.02,4245.02,3073.93,-1.01,-0.49
2015-06-02,101.24,4.73,15.46,94.71,6.9,4.81,4.46,77.8,1,1,QLD,Hold QLD,No action,,Hold QLD while the Donchian20 signal remains 1.,0.0,0.0,4219.28,4219.28,3064.19,-1.61,-0.8
2015-06-03,101.54,4.76,15.03,94.78,7.14,4.81,4.46,85.73,1,1,QLD,Hold QLD,No action,,Hold QLD while the Donchian20 signal remains 1.,0.0,0.0,4243.92,4243.92,3073.37,-1.03,-0.5
2015-06-04,100.77,4.69,15.79,94.84,6.26,4.81,4.46,65.99,1,1,QLD,Hold QLD,No action,,Hold QLD while the Donchian20 signal remains 1.,0.0,0.0,4182.6,4182.6,3049.99,-2.46,-1.26
2015-06-05,100.53,4.67,15.77,94.89,5.94,4.81,4.51,52.3,1,1,QLD,Hold QLD,No action,,Hold QLD while the Donchian20 signal remains 1.,0.0,0.0,4160.7,4160.7,3042.75,-2.97,-1.5
2015-06-08,99.51,4.58,16.94,94.94,4.81,4.81,4.55,10.55,1,1,QLD,Hold QLD,No action,,Hold QLD while the Donchian20 signal remains 1.,0.0,0.0,4076.92,4076.92,3011.85,-4.93,-2.5
2015-06-09,99.34,4.56,16.49,94.98,4.59,4.81,4.55,4.98,1,1,QLD,Hold QLD,No action,,Hold QLD while the Donchian20 signal remains 1.,0.0,0.0,4063.78,4063.78,3006.84,-5.23,-2.66
2015-06-10,100.7,4.68,15.07,95.04,5.96,4.81,4.55,49.48,1,1,QLD,Hold QLD,No action,,Hold QLD while the Donchian20 signal remains 1.,0.0,0.0,4168.91,4168.91,3048.04,-2.78,-1.32
2015-06-11,100.85,4.7,14.64,95.1,6.05,4.81,4.56,53.42,1,1,QLD,Hold QLD,No action,,Hold QLD while the Donchian20 signal remains 1.,0.0,0.0,4183.69,4183.69,3052.5,-2.44,-1.18
2015-06-12,100.02,4.62,15.16,95.15,5.13,4.81,4.56,22.93,1,1,QLD,Hold QLD,No action,,Hold QLD while the Donchian20 signal remains 1.,0.0,0.0,4115.25,4115.25,3027.44,-4.03,-1.99
2015-06-15,99.53,4.57,16.34,95.19,4.56,4.81,4.56,5.61,1,1,QLD,Hold QLD,No action,,Hold QLD while the Donchian20 signal remains 1.,0.0,0.0,4076.38,4076.38,3012.41,-4.94,-2.48
2015-06-16,100.07,4.62,16.0,95.24,5.07,4.81,4.56,23.9,1,1,QLD,Hold QLD,No action,,Hold QLD while the Donchian20 signal remains 1.,0.0,0.0,4117.44,4117.44,3028.83,-3.98,-1.95
2015-06-17,100.35,4.65,15.41,95.29,5.31,4.81,4.56,34.15,1,1,QLD,Hold QLD,No action,,Hold QLD while the Donchian20 signal remains 1.,0.0,0.0,4140.44,4140.44,3037.18,-3.45,-1.68
2015-06-18,101.81,4.78,13.88,95.35,6.77,4.81,4.56,86.59,1,1,QLD,Hold QLD,No action,,Hold QLD while the Donchian20 signal remains 1.,0.0,0.0,4258.16,4258.16,3081.45,-0.7,-0.24
2015-06-19,101.3,4.73,14.61,95.41,6.18,4.81,4.56,68.54,1,1,QLD,Hold QLD,No action,,Hold QLD while the Donchian20 signal remains 1.,0.0,0.0,4217.64,4217.64,3066.21,-1.65,-0.74
2015-06-22,102.05,4.8,13.83,95.48,6.88,4.81,4.56,96.34,1,1,QLD,Hold QLD,No action,,Hold QLD while the Donchian20 signal remains 1.,0.0,0.0,4280.06,4280.06,3088.81,-0.19,0.0
2015-06-23,102.13,4.81,13.52,95.54,6.9,4.81,4.56,99.76,1,1,QLD,Hold QLD,No action,,Hold QLD while the Donchian20 signal remains 1.,0.0,0.0,4287.72,4287.72,3091.33,-0.01,0.0
2015-06-24,101.61,4.76,14.24,95.61,6.28,4.81,4.56,80.98,1,1,QLD,Hold QLD,No action,,Hold QLD while the Donchian20 signal remains 1.,0.0,0.0,4245.56,4245.56,3075.42,-1.0,-0.51
2015-06-25,101.41,4.74,14.85,95.66,6.0,4.81,4.56,72.13,1,1,QLD,Hold QLD,No action,,Hold QLD while the Donchian20 signal remains 1.,0.0,0.0,4225.3,4225.3,3069.28,-1.47,-0.71
2015-06-26,100.73,4.68,15.33,95.71,5.24,4.81,4.56,49.14,1,1,QLD,Hold QLD,No action,,Hold QLD while the Donchian20 signal remains 1.,0.0,0.0,4173.84,4173.84,3048.91,-2.67,-1.37
2015-06-29,98.35,4.46,19.81,95.74,2.73,4.81,4.56,-38.14,1,0,QQQ,Hold QQQ,Reduce QLD to QQQ,QLD->QQQ_on_Donchian_exit,QLD closed below its prior 20-day low; the signal changed to 0 and the account reduced to QQQ.,0.0,3978.37,0.0,3978.37,2976.93,-7.23,-3.7
2015-06-30,98.71,4.49,19.34,95.77,3.07,4.81,4.46,8.67,0,0,QQQ,Hold QQQ,No action,,Hold QQQ after the Donchian exit while QQQ remains at or above EMA200.,0.0,3992.54,0.0,3992.54,2987.53,-6.9,-3.36
2015-07-01,99.49,4.56,17.56,95.81,3.84,4.81,4.46,28.32,0,0,QQQ,Hold QQQ,No action,,Hold QQQ after the Donchian exit while QQQ remains at or above EMA200.,0.0,4024.23,0.0,4024.23,3011.24,-6.16,-2.59
2015-07-02,99.52,4.57,17.66,95.84,3.83,4.81,4.46,29.38,0,0,QQQ,Hold QQQ,No action,,Hold QQQ after the Donchian exit while QQQ remains at or above EMA200.,0.0,4025.35,0.0,4025.35,3012.08,-6.13,-2.56
2015-07-06,99.29,4.55,17.91,95.88,3.55,4.81,4.46,23.19,0,0,QQQ,Hold QQQ,No action,,Hold QQQ after the Donchian exit while QQQ remains at or above EMA200.,0.0,4016.03,0.0,4016.03,3005.11,-6.35,-2.79
2015-07-07,99.53,4.56,17.34,95.91,3.78,4.81,4.46,28.32,0,0,QQQ,Hold QQQ,No action,,Hold QQQ after the Donchian exit while QQQ remains at or above EMA200.,0.0,4026.1,0.0,4026.1,3012.64,-6.11,-2.55
2015-07-08,97.8,4.41,20.07,95.93,1.95,4.81,4.46,-16.81,0,0,QQQ,Hold QQQ,No action,,Hold QQQ after the Donchian exit while QQQ remains at or above EMA200.,0.0,3955.99,0.0,3955.99,2960.18,-7.75,-4.24
2015-07-09,97.75,4.4,20.32,95.95,1.87,4.81,4.41,-1.52,0,0,QQQ,Hold QQQ,No action,,Hold QQQ after the Donchian exit while QQQ remains at or above EMA200.,0.0,3953.76,0.0,3953.76,2958.51,-7.8,-4.3
2015-07-10,99.24,4.54,17.92,95.98,3.39,4.81,4.4,33.43,0,0,QQQ,Hold QQQ,No action,,Hold QQQ after the Donchian exit while QQQ remains at or above EMA200.,0.0,4014.17,0.0,4014.17,3003.71,-6.39,-2.83
2015-07-13,100.98,4.69,15.02,96.03,5.15,4.81,4.4,70.9,0,0,QQQ,Hold QQQ,No action,,Hold QQQ after the Donchian exit while QQQ remains at or above EMA200.,0.0,4084.64,0.0,4084.64,3056.45,-4.75,-1.13
2015-07-14,101.65,4.75,14.27,96.09,5.78,4.81,4.4,86.12,0,0,QQQ,Hold QQQ,No action,,Hold QQQ after the Donchian exit while QQQ remains at or above EMA200.,0.0,4111.49,0.0,4111.49,3076.54,-4.12,-0.48
2015-07-15,101.76,4.77,14.17,96.15,5.84,4.81,4.4,88.81,0,0,QQQ,Hold QQQ,No action,,Hold QQQ after the Donchian exit while QQQ remains at or above EMA200.,0.0,4115.97,0.0,4115.97,3079.89,-4.02,-0.37
2015-07-16,103.19,4.9,12.59,96.22,7.25,4.81,4.4,121.04,0,1,QLD,Hold QLD,Buy QLD,toQLD,QLD closed above its prior 20-day high; the signal changed to 1 and the account moved fully into QLD.,0.0,0.0,4174.14,4174.14,3123.41,-2.66,0.0
2015-07-17,104.72,5.04,12.93,96.3,8.74,4.9,4.4,128.61,1,1,QLD,Hold QLD,No action,,Hold QLD while the Donchian20 signal remains 1.,0.0,0.0,4295.61,4295.61,3169.45,0.0,0.0
2015-07-20,105.08,5.08,14.03,96.39,9.01,5.04,4.4,106.04,1,1,QLD,Hold QLD,No action,,Hold QLD while the Donchian20 signal remains 1.,0.0,0.0,4328.6,4328.6,3180.34,0.0,0.0
2015-07-21,105.01,5.07,14.49,96.47,8.85,5.08,4.4,98.55,1,1,QLD,Hold QLD,No action,,Hold QLD while the Donchian20 signal remains 1.,0.0,0.0,4320.22,4320.22,3178.38,-0.19,-0.06
2015-07-22,103.82,4.96,14.17,96.55,7.54,5.08,4.4,82.37,1,1,QLD,Hold QLD,No action,,Hold QLD while the Donchian20 signal remains 1.,0.0,0.0,4226.5,4226.5,3142.39,-2.36,-1.19
2015-07-23,103.43,4.92,14.16,96.61,7.06,5.08,4.4,76.22,1,1,QLD,Hold QLD,No action,,Hold QLD while the Donchian20 signal remains 1.,0.0,0.0,4190.89,4190.89,3130.67,-3.18,-1.56
2015-07-24,102.42,4.82,15.85,96.67,5.95,5.08,4.4,62.48,1,1,QLD,Hold QLD,No action,,Hold QLD while the Donchian20 signal remains 1.,0.0,0.0,4111.31,4111.31,3099.98,-5.02,-2.53
2015-07-27,101.57,4.74,17.49,96.72,5.02,5.08,4.4,50.27,1,1,QLD,Hold QLD,No action,,Hold QLD while the Donchian20 signal remains 1.,0.0,0.0,4040.62,4040.62,3074.3,-6.65,-3.33
2015-07-28,102.45,4.82,15.51,96.78,5.86,5.08,4.4,62.3,1,1,QLD,Hold QLD,No action,,Hold QLD while the Donchian20 signal remains 1.,0.0,0.0,4110.26,4110.26,3100.81,-5.04,-2.5
2015-07-29,102.84,4.86,14.96,96.84,6.19,5.08,4.4,68.17,1,1,QLD,Hold QLD,No action,,Hold QLD while the Donchian20 signal remains 1.,0.0,0.0,4144.29,4144.29,3112.53,-4.26,-2.13
2015-07-30,103.32,4.91,14.44,96.9,6.63,5.08,4.4,74.59,1,1,QLD,Hold QLD,No action,,Hold QLD while the Donchian20 signal remains 1.,0.0,0.0,4181.47,4181.47,3127.32,-3.4,-1.67
2015-07-31,103.2,4.9,14.59,96.97,6.43,5.08,4.4,72.88,1,1,QLD,Hold QLD,No action,,Hold QLD while the Donchian20 signal remains 1.,0.0,0.0,4171.52,4171.52,3123.69,-3.63,-1.78
2015-08-03,102.88,4.87,15.18,97.02,6.04,5.08,4.4,68.9,1,1,QLD,Hold QLD,No action,,Hold QLD while the Donchian20 signal remains 1.,0.0,0.0,4148.48,4148.48,3113.93,-4.16,-2.09
2015-08-04,102.69,4.85,15.67,97.08,5.78,5.08,4.4,65.55,1,1,QLD,Hold QLD,No action,,Hold QLD while the Donchian20 signal remains 1.,0.0,0.0,4129.11,4129.11,3108.07,-4.61,-2.27
2015-08-05,103.48,4.92,15.13,97.14,6.52,5.08,4.4,76.4,1,1,QLD,Hold QLD,No action,,Hold QLD while the Donchian20 signal remains 1.,0.0,0.0,4191.94,4191.94,3132.06,-3.16,-1.52
2015-08-06,101.82,4.77,16.9,97.19,4.76,5.08,4.4,53.8,1,1,QLD,Hold QLD,No action,,Hold QLD while the Donchian20 signal remains 1.,0.0,0.0,4061.04,4061.04,3081.84,-6.18,-3.1
2015-08-07,101.69,4.75,16.9,97.24,4.58,5.08,4.54,39.12,1,1,QLD,Hold QLD,No action,,Hold QLD while the Donchian20 signal remains 1.,0.0,0.0,4047.43,4047.43,3077.93,-6.5,-3.22
2015-08-10,102.85,4.86,15.87,97.29,5.72,5.08,4.69,42.63,1,1,QLD,Hold QLD,No action,,Hold QLD while the Donchian20 signal remains 1.,0.0,0.0,4139.06,4139.06,3113.09,-4.38,-2.11
2015-08-11,101.54,4.74,17.45,97.33,4.32,5.08,4.74,-1.82,1,0,QQQ,Hold QQQ,Reduce QLD to QQQ,QLD->QQQ_on_Donchian_exit,QLD closed below its prior 20-day low; the signal changed to 0 and the account reduced to QQQ.,0.0,4035.38,0.0,4035.38,3073.19,-6.77,-3.37
2015-08-12,101.89,4.76,17.24,97.38,4.63,5.08,4.74,8.21,0,0,QQQ,Hold QQQ,No action,,Hold QQQ after the Donchian exit while QQQ remains at or above EMA200.,0.0,4049.3,0.0,4049.3,3083.79,-6.45,-3.04
2015-08-13,101.72,4.75,16.95,97.42,4.41,5.08,4.74,3.21,0,0,QQQ,Hold QQQ,No action,,Hold QQQ after the Donchian exit while QQQ remains at or above EMA200.,0.0,4042.71,0.0,4042.71,3078.77,-6.6,-3.19
2015-08-14,101.88,4.76,16.41,97.47,4.52,5.08,4.74,7.68,0,0,QQQ,Hold QQQ,No action,,Hold QQQ after the Donchian exit while QQQ remains at or above EMA200.,0.0,4048.94,0.0,4048.94,3083.51,-6.46,-3.04
2015-08-17,102.72,4.84,15.55,97.52,5.34,5.08,4.74,30.71,0,0,QQQ,Hold QQQ,No action,,Hold QQQ after the Donchian exit while QQQ remains at or above EMA200.,0.0,4082.65,0.0,4082.65,3109.18,-5.68,-2.24
2015-08-18,102.2,4.79,16.0,97.57,4.75,5.07,4.74,17.65,0,0,QQQ,Hold QQQ,No action,,Hold QQQ after the Donchian exit while QQQ remains at or above EMA200.,0.0,4061.76,0.0,4061.76,3093.28,-6.16,-2.74
2015-08-19,101.53,4.73,17.36,97.61,4.02,4.96,4.74,-2.47,0,0,QQQ,Hold QQQ,No action,,Hold QQQ after the Donchian exit while QQQ remains at or above EMA200.,0.0,4035.02,0.0,4035.02,3072.91,-6.78,-3.38
2015-08-20,98.71,4.47,21.61,97.62,1.12,4.92,4.73,-137.01,0,0,QQQ,Hold QQQ,No action,,Hold QQQ after the Donchian exit while QQQ remains at or above EMA200.,0.0,3923.27,0.0,3923.27,2987.81,-9.36,-6.05
2015-08-21,94.4,4.09,30.2,97.58,-3.26,4.92,4.47,-85.48,0,0,Cash,Hold Cash,Sell QQQ to Cash,QQQ->Cash_below_EMA200,QQQ closed below EMA200 while held; the account moved fully to Cash.,3751.8,0.0,0.0,3751.8,2857.22,-13.33,-10.16
2015-08-24,90.77,3.78,42.95,97.52,-6.92,4.92,4.09,-37.0,0,0,Cash,Hold Cash,No action,,Hold Cash until QLD creates a new Donchian20 breakout; QQQ moving above EMA200 alone is not a re-entry.,3751.8,0.0,0.0,3751.8,2747.29,-13.33,-13.62
2015-08-25,90.43,3.74,38.32,97.45,-7.2,4.92,3.78,-3.88,0,0,Cash,Hold Cash,No action,,Hold Cash until QLD creates a new Donchian20 breakout; QQQ moving above EMA200 alone is not a re-entry.,3751.8,0.0,0.0,3751.8,2736.96,-13.33,-13.94
2015-08-26,94.98,4.11,31.37,97.42,-2.51,4.92,3.74,31.6,0,0,Cash,Hold Cash,No action,,Hold Cash until QLD creates a new Donchian20 breakout; QQQ moving above EMA200 alone is not a re-entry.,3751.8,0.0,0.0,3751.8,2874.8,-13.33,-9.61
2015-08-27,97.39,4.32,28.46,97.42,-0.04,4.92,3.74,49.04,0,0,Cash,Hold Cash,No action,,Hold Cash until QLD creates a new Donchian20 breakout; QQQ moving above EMA200 alone is not a re-entry.,3751.8,0.0,0.0,3751.8,2947.63,-13.33,-7.32
2015-08-28,97.37,4.32,28.75,97.42,-0.05,4.92,3.74,49.46,0,0,Cash,Hold Cash,No action,,Hold Cash until QLD creates a new Donchian20 breakout; QQQ moving above EMA200 alone is not a re-entry.,3751.8,0.0,0.0,3751.8,2947.07,-13.33,-7.33
2015-08-31,96.16,4.21,29.92,97.41,-1.28,4.92,3.74,40.06,0,0,Cash,Hold Cash,No action,,Hold Cash until QLD creates a new Donchian20 breakout; QQQ moving above EMA200 alone is not a re-entry.,3751.8,0.0,0.0,3751.8,2910.52,-13.33,-8.48
2015-09-01,93.16,3.96,32.95,97.37,-4.32,4.92,3.74,18.58,0,0,Cash,Hold Cash,No action,,Hold Cash until QLD creates a new Donchian20 breakout; QQQ moving above EMA200 alone is not a re-entry.,3751.8,0.0,0.0,3751.8,2819.55,-13.33,-11.34
2015-09-02,95.78,4.17,28.41,97.35,-1.61,4.92,3.74,36.69,0,0,Cash,Hold Cash,No action,,Hold Cash until QLD creates a new Donchian20 breakout; QQQ moving above EMA200 alone is not a re-entry.,3751.8,0.0,0.0,3751.8,2899.08,-13.33,-8.84
2015-09-03,95.31,4.12,28.1,97.33,-2.07,4.86,3.74,34.67,0,0,Cash,Hold Cash,No action,,Hold Cash until QLD creates a new Donchian20 breakout; QQQ moving above EMA200 alone is not a re-entry.,3751.8,0.0,0.0,3751.8,2884.85,-13.33,-9.29
2015-09-04,94.18,4.03,28.92,97.3,-3.21,4.86,3.74,26.07,0,0,Cash,Hold Cash,No action,,Hold Cash until QLD creates a new Donchian20 breakout; QQQ moving above EMA200 alone is not a re-entry.,3751.8,0.0,0.0,3751.8,2850.53,-13.33,-10.37
2015-09-08,96.83,4.25,26.56,97.29,-0.47,4.86,3.74,46.22,0,0,Cash,Hold Cash,No action,,Hold Cash until QLD creates a new Donchian20 breakout; QQQ moving above EMA200 alone is not a re-entry.,3751.8,0.0,0.0,3751.8,2930.89,-13.33,-7.84
2015-09-09,95.75,4.16,27.51,97.28,-1.58,4.84,3.74,38.44,0,0,Cash,Hold Cash,No action,,Hold Cash until QLD creates a new Donchian20 breakout; QQQ moving above EMA200 alone is not a re-entry.,3751.8,0.0,0.0,3751.8,2897.96,-13.33,-8.88
2015-09-10,96.79,4.25,26.44,97.27,-0.5,4.84,3.74,46.28,0,0,Cash,Hold Cash,No action,,Hold Cash until QLD creates a new Donchian20 breakout; QQQ moving above EMA200 alone is not a re-entry.,3751.8,0.0,0.0,3751.8,2929.49,-13.33,-7.89
2015-09-11,97.32,4.3,25.02,97.27,0.05,4.84,3.74,50.61,0,0,Cash,Hold Cash,No action,,Hold Cash until QLD creates a new Donchian20 breakout; QQQ moving above EMA200 alone is not a re-entry.,3751.8,0.0,0.0,3751.8,2945.67,-13.33,-7.38
2015-09-14,97.03,4.27,25.44,97.27,-0.25,4.84,3.74,48.22,0,0,Cash,Hold Cash,No action,,Hold Cash until QLD creates a new Donchian20 breakout; QQQ moving above EMA200 alone is not a re-entry.,3751.8,0.0,0.0,3751.8,2936.75,-13.33,-7.66
2015-09-15,98.17,4.37,24.02,97.28,0.91,4.84,3.74,57.17,0,0,Cash,Hold Cash,No action,,Hold Cash until QLD creates a new Donchian20 breakout; QQQ moving above EMA200 alone is not a re-entry.,3751.8,0.0,0.0,3751.8,2971.34,-13.33,-6.57
2015-09-16,98.72,4.42,22.58,97.29,1.47,4.79,3.74,64.5,0,0,Cash,Hold Cash,No action,,Hold Cash until QLD creates a new Donchian20 breakout; QQQ moving above EMA200 alone is not a re-entry.,3751.8,0.0,0.0,3751.8,2988.09,-13.33,-6.04
2015-09-17,98.76,4.42,22.63,97.31,1.49,4.73,3.74,69.12,0,0,Cash,Hold Cash,No action,,Hold Cash until QLD creates a new Donchian20 breakout; QQQ moving above EMA200 alone is not a re-entry.,3751.8,0.0,0.0,3751.8,2989.2,-13.33,-6.01
2015-09-18,97.36,4.3,23.6,97.31,0.05,4.47,3.74,76.78,0,0,Cash,Hold Cash,No action,,Hold Cash until QLD creates a new Donchian20 breakout; QQQ moving above EMA200 alone is not a re-entry.,3751.8,0.0,0.0,3751.8,2946.69,-13.33,-7.35
2015-09-21,97.66,4.33,22.5,97.31,0.36,4.42,3.74,85.79,0,0,Cash,Hold Cash,No action,,Hold Cash until QLD creates a new Donchian20 breakout; QQQ moving above EMA200 alone is not a re-entry.,3751.8,0.0,0.0,3751.8,2955.92,-13.33,-7.06
2015-09-22,96.2,4.2,24.58,97.3,-1.13,4.42,3.74,67.11,0,0,Cash,Hold Cash,No action,,Hold Cash until QLD creates a new Donchian20 breakout; QQQ moving above EMA200 alone is not a re-entry.,3751.8,0.0,0.0,3751.8,2911.72,-13.33,-8.45
2015-09-23,96.27,4.2,23.78,97.29,-1.05,4.42,3.74,67.47,0,0,Cash,Hold Cash,No action,,Hold Cash until QLD creates a new Donchian20 breakout; QQQ moving above EMA200 alone is not a re-entry.,3751.8,0.0,0.0,3751.8,2913.96,-13.33,-8.38
2015-09-24,95.92,4.17,24.72,97.28,-1.39,4.42,3.96,46.65,0,0,Cash,Hold Cash,No action,,Hold Cash until QLD creates a new Donchian20 breakout; QQQ moving above EMA200 alone is not a re-entry.,3751.8,0.0,0.0,3751.8,2903.33,-13.33,-8.71
2015-09-25,95.11,4.1,25.16,97.26,-2.21,4.42,3.96,30.88,0,0,Cash,Hold Cash,No action,,Hold Cash until QLD creates a new Donchian20 breakout; QQQ moving above EMA200 alone is not a re-entry.,3751.8,0.0,0.0,3751.8,2878.72,-13.33,-9.48
2015-09-28,92.4,3.87,28.99,97.21,-4.94,4.42,3.96,-19.05,0,0,Cash,Hold Cash,No action,,Hold Cash until QLD creates a new Donchian20 breakout; QQQ moving above EMA200 alone is not a re-entry.,3751.8,0.0,0.0,3751.8,2796.76,-13.33,-12.06
2015-09-29,91.92,3.83,28.94,97.16,-5.39,4.42,3.87,-6.84,0,0,Cash,Hold Cash,No action,,Hold Cash until QLD creates a new Donchian20 breakout; QQQ moving above EMA200 alone is not a re-entry.,3751.8,0.0,0.0,3751.8,2782.22,-13.33,-12.52
2015-09-30,94.04,4.0,26.82,97.12,-3.18,4.42,3.83,28.41,0,0,Cash,Hold Cash,No action,,Hold Cash until QLD creates a new Donchian20 breakout; QQQ moving above EMA200 alone is not a re-entry.,3751.8,0.0,0.0,3751.8,2846.27,-13.33,-10.5
2015-10-01,94.46,4.03,25.58,97.1,-2.71,4.42,3.83,34.61,0,0,Cash,Hold Cash,No action,,Hold Cash until QLD creates a new Donchian20 breakout; QQQ moving above EMA200 alone is not a re-entry.,3751.8,0.0,0.0,3751.8,2859.14,-13.33,-10.1
2015-10-02,96.12,4.18,23.71,97.09,-1.0,4.42,3.83,58.37,0,0,Cash,Hold Cash,No action,,Hold Cash until QLD creates a new Donchian20 breakout; QQQ moving above EMA200 alone is not a re-entry.,3751.8,0.0,0.0,3751.8,2909.21,-13.33,-8.53
2015-10-05,97.49,4.3,22.82,97.09,0.41,4.42,3.83,79.13,0,0,Cash,Hold Cash,No action,,Hold Cash until QLD creates a new Donchian20 breakout; QQQ moving above EMA200 alone is not a re-entry.,3751.8,0.0,0.0,3751.8,2950.88,-13.33,-7.21
2015-10-06,97.03,4.26,22.65,97.09,-0.06,4.42,3.83,72.31,0,0,Cash,Hold Cash,No action,,Hold Cash until QLD creates a new Donchian20 breakout; QQQ moving above EMA200 alone is not a re-entry.,3751.8,0.0,0.0,3751.8,2936.9,-13.33,-7.65
2015-10-07,97.61,4.31,21.78,97.1,0.53,4.42,3.83,80.37,0,0,Cash,Hold Cash,No action,,Hold Cash until QLD creates a new Donchian20 breakout; QQQ moving above EMA200 alone is not a re-entry.,3751.8,0.0,0.0,3751.8,2954.52,-13.33,-7.1
2015-10-08,98.0,4.34,20.91,97.11,0.92,4.42,3.83,86.16,0,0,Cash,Hold Cash,No action,,Hold Cash until QLD creates a new Donchian20 breakout; QQQ moving above EMA200 alone is not a re-entry.,3751.8,0.0,0.0,3751.8,2966.27,-13.33,-6.73
2015-10-09,98.45,4.38,20.5,97.12,1.37,4.42,3.83,92.25,0,0,Cash,Hold Cash,No action,,Hold Cash until QLD creates a new Donchian20 breakout; QQQ moving above EMA200 alone is not a re-entry.,3751.8,0.0,0.0,3751.8,2979.69,-13.33,-6.31
2015-10-12,98.69,4.4,19.01,97.14,1.6,4.42,3.83,96.49,0,0,Cash,Hold Cash,No action,,Hold Cash until QLD creates a new Donchian20 breakout; QQQ moving above EMA200 alone is not a re-entry.,3751.8,0.0,0.0,3751.8,2986.97,-13.33,-6.08
2015-10-13,98.05,4.34,20.15,97.14,0.93,4.42,3.83,86.26,0,0,Cash,Hold Cash,No action,,Hold Cash until QLD creates a new Donchian20 breakout; QQQ moving above EMA200 alone is not a re-entry.,3751.8,0.0,0.0,3751.8,2967.66,-13.33,-6.69
2015-10-14,97.89,4.33,20.71,97.15,0.76,4.42,3.83,84.61,0,0,Cash,Hold Cash,No action,,Hold Cash until QLD creates a new Donchian20 breakout; QQQ moving above EMA200 alone is not a re-entry.,3751.8,0.0,0.0,3751.8,2962.91,-13.33,-6.84
2015-10-15,99.5,4.47,18.07,97.18,2.39,4.42,3.83,108.47,0,1,QLD,Hold QLD,Buy QLD,toQLD,QLD closed above its prior 20-day high; the signal changed to 1 and the account moved fully into QLD.,0.0,0.0,3751.8,3751.8,3011.58,-13.33,-5.31
2015-10-16,99.92,4.51,17.2,97.2,2.79,4.47,3.83,106.1,1,1,QLD,Hold QLD,No action,,Hold QLD while the Donchian20 signal remains 1.,0.0,0.0,3784.78,3784.78,3024.16,-12.56,-4.91
2015-10-19,100.49,4.56,16.86,97.24,3.35,4.51,3.83,107.45,1,1,QLD,Hold QLD,No action,,Hold QLD while the Donchian20 signal remains 1.,0.0,0.0,3827.56,3827.56,3041.51,-11.58,-4.37
2015-10-20,99.97,4.52,17.95,97.26,2.78,4.56,3.83,93.57,1,1,QLD,Hold QLD,No action,,Hold QLD while the Donchian20 signal remains 1.,0.0,0.0,3787.87,3787.87,3025.84,-12.49,-4.86
2015-10-21,99.36,4.46,18.98,97.28,2.14,4.56,3.83,85.8,1,1,QLD,Hold QLD,No action,,Hold QLD while the Donchian20 signal remains 1.,0.0,0.0,3739.95,3739.95,3007.38,-13.6,-5.44
2015-10-22,101.38,4.64,15.63,97.32,4.17,4.56,3.83,110.61,1,1,QLD,Hold QLD,No action,,Hold QLD while the Donchian20 signal remains 1.,0.0,0.0,3893.01,3893.01,3068.64,-10.06,-3.51
2015-10-23,104.22,4.9,16.6,97.39,7.01,4.64,3.83,131.87,1,1,QLD,Hold QLD,No action,,Hold QLD while the Donchian20 signal remains 1.,0.0,0.0,4110.49,4110.49,3154.51,-5.04,-0.81
2015-10-26,104.29,4.91,17.75,97.46,7.0,4.9,3.83,100.69,1,1,QLD,Hold QLD,No action,,Hold QLD while the Donchian20 signal remains 1.,0.0,0.0,4116.67,4116.67,3156.47,-4.9,-0.75
2015-10-27,104.5,4.92,17.92,97.53,7.14,4.91,3.83,101.54,1,1,QLD,Hold QLD,No action,,Hold QLD while the Donchian20 signal remains 1.,0.0,0.0,4130.59,4130.59,3162.9,-4.57,-0.55
2015-10-28,105.37,5.01,16.94,97.61,7.95,4.92,4.0,108.94,1,1,QLD,Hold QLD,No action,,Hold QLD while the Donchian20 signal remains 1.,0.0,0.0,4200.16,4200.16,3189.19,-2.97,0.0
2015-10-29,105.2,4.99,17.17,97.68,7.69,5.01,4.03,98.42,1,1,QLD,Hold QLD,No action,,Hold QLD while the Donchian20 signal remains 1.,0.0,0.0,4187.28,4187.28,3184.16,-3.26,-0.16
2015-10-30,104.73,4.95,17.3,97.75,7.14,5.01,4.18,92.91,1,1,QLD,Hold QLD,No action,,Hold QLD while the Donchian20 signal remains 1.,0.0,0.0,4150.68,4150.68,3169.89,-4.11,-0.61
2015-11-02,105.91,5.06,16.56,97.84,8.26,5.01,4.26,107.21,1,1,QLD,Hold QLD,No action,,Hold QLD while the Donchian20 signal remains 1.,0.0,0.0,4245.51,4245.51,3205.69,-1.92,0.0
2015-11-03,106.28,5.1,16.77,97.92,8.54,5.06,4.26,104.2,1,1,QLD,Hold QLD,No action,,Hold QLD while the Donchian20 signal remains 1.,0.0,0.0,4273.85,4273.85,3216.88,-1.26,0.0
2015-11-04,106.29,5.1,17.22,98.0,8.46,5.1,4.31,100.16,1,1,QLD,Hold QLD,No action,,Hold QLD while the Donchian20 signal remains 1.,0.0,0.0,4274.89,4274.89,3217.16,-1.24,0.0
2015-11-05,106.01,5.06,17.2,98.08,8.08,5.1,4.33,95.51,1,1,QLD,Hold QLD,No action,,Hold QLD while the Donchian20 signal remains 1.,0.0,0.0,4246.03,4246.03,3208.49,-1.91,-0.27
2015-11-06,106.08,5.07,16.36,98.16,8.07,5.1,4.33,97.11,1,1,QLD,Hold QLD,No action,,Hold QLD while the Donchian20 signal remains 1.,0.0,0.0,4256.33,4256.33,3210.73,-1.67,-0.2
2015-11-09,104.95,4.97,18.03,98.23,6.84,5.1,4.33,83.07,1,1,QLD,Hold QLD,No action,,Hold QLD while the Donchian20 signal remains 1.,0.0,0.0,4166.14,4166.14,3176.6,-3.75,-1.26
2015-11-10,104.68,4.94,17.32,98.29,6.5,5.1,4.33,79.13,1,1,QLD,Hold QLD,No action,,Hold QLD while the Donchian20 signal remains 1.,0.0,0.0,4140.89,4140.89,3168.49,-4.34,-1.51
2015-11-11,104.55,4.93,17.72,98.36,6.3,5.1,4.33,77.85,1,1,QLD,Hold QLD,No action,,Hold QLD while the Donchian20 signal remains 1.,0.0,0.0,4132.65,4132.65,3164.58,-4.53,-1.63
2015-11-12,103.54,4.83,18.92,98.41,5.21,5.1,4.46,58.19,1,1,QLD,Hold QLD,No action,,Hold QLD while the Donchian20 signal remains 1.,0.0,0.0,4051.22,4051.22,3133.81,-6.41,-2.59
2015-11-13,101.51,4.64,21.24,98.44,3.11,5.1,4.46,28.71,1,1,QLD,Hold QLD,No action,,Hold QLD while the Donchian20 signal remains 1.,0.0,0.0,3893.52,3893.52,3072.27,-10.05,-4.5
2015-11-16,102.97,4.77,18.79,98.48,4.55,5.1,4.46,49.42,1,1,QLD,Hold QLD,No action,,Hold QLD while the Donchian20 signal remains 1.,0.0,0.0,4004.32,4004.32,3116.47,-7.49,-3.13
2015-11-17,103.03,4.78,19.34,98.53,4.57,5.1,4.46,50.39,1,1,QLD,Hold QLD,No action,,Hold QLD while the Donchian20 signal remains 1.,0.0,0.0,4009.48,4009.48,3118.43,-7.37,-3.07
2015-11-18,105.01,4.96,17.76,98.59,6.51,5.1,4.46,78.71,1,1,QLD,Hold QLD,No action,,Hold QLD while the Donchian20 signal remains 1.,0.0,0.0,4160.99,4160.99,3178.28,-3.87,-1.21
2015-11-19,105.08,4.97,17.94,98.66,6.51,5.1,4.64,72.06,1,1,QLD,Hold QLD,No action,,Hold QLD while the Donchian20 signal remains 1.,0.0,0.0,4168.21,4168.21,3180.52,-3.71,-1.14
2015-11-20,105.79,5.04,17.03,98.73,7.15,5.1,4.64,86.49,1,1,QLD,Hold QLD,No action,,Hold QLD while the Donchian20 signal remains 1.,0.0,0.0,4223.35,4223.35,3202.06,-2.43,-0.47
2015-11-23,105.49,5.01,17.31,98.8,6.77,5.1,4.64,80.54,1,1,QLD,Hold QLD,No action,,Hold QLD while the Donchian20 signal remains 1.,0.0,0.0,4200.67,4200.67,3192.83,-2.96,-0.76
2015-11-24,105.4,5.0,17.48,98.86,6.61,5.1,4.64,79.19,1,1,QLD,Hold QLD,No action,,Hold QLD while the Donchian20 signal remains 1.,0.0,0.0,4195.52,4195.52,3190.03,-3.07,-0.84
2015-11-25,105.49,5.01,16.98,98.93,6.63,5.1,4.64,80.27,1,1,QLD,Hold QLD,No action,,Hold QLD while the Donchian20 signal remains 1.,0.0,0.0,4199.64,4199.64,3192.83,-2.98,-0.76
2015-11-27,105.64,5.02,17.13,98.99,6.71,5.1,4.64,83.78,1,1,QLD,Hold QLD,No action,,Hold QLD while the Donchian20 signal remains 1.,0.0,0.0,4213.04,4213.04,3197.3,-2.67,-0.62
2015-11-30,105.37,5.0,18.1,99.06,6.37,5.1,4.64,77.84,1,1,QLD,Hold QLD,No action,,Hold QLD while the Donchian20 signal remains 1.,0.0,0.0,4190.37,4190.37,3189.19,-3.19,-0.87
2015-12-01,106.42,5.1,17.15,99.13,7.35,5.1,4.64,99.86,1,1,QLD,Hold QLD,No action,,Hold QLD while the Donchian20 signal remains 1.,0.0,0.0,4274.37,4274.37,3221.08,-1.25,0.0
2015-12-02,105.77,5.04,17.83,99.2,6.62,5.1,4.64,86.62,1,1,QLD,Hold QLD,No action,,Hold QLD while the Donchian20 signal remains 1.,0.0,0.0,4223.87,4223.87,3201.22,-2.42,-0.62
2015-12-03,103.97,4.86,19.72,99.25,4.76,5.1,4.64,48.51,1,1,QLD,Hold QLD,No action,,Hold QLD while the Donchian20 signal remains 1.,0.0,0.0,4078.53,4078.53,3146.96,-5.78,-2.3
2015-12-04,106.4,5.09,16.66,99.32,7.14,5.1,4.64,97.97,1,1,QLD,Hold QLD,No action,,Hold QLD while the Donchian20 signal remains 1.,0.0,0.0,4266.64,4266.64,3220.52,-1.43,-0.02
2015-12-07,105.92,5.04,17.6,99.38,6.58,5.1,4.64,88.36,1,1,QLD,Hold QLD,No action,,Hold QLD while the Donchian20 signal remains 1.,0.0,0.0,4230.05,4230.05,3205.97,-2.28,-0.47
2015-12-08,105.93,5.05,18.84,99.45,6.52,5.1,4.64,88.77,1,1,QLD,Hold QLD,No action,,Hold QLD while the Donchian20 signal remains 1.,0.0,0.0,4231.6,4231.6,3206.25,-2.24,-0.46
2015-12-09,104.32,4.89,20.45,99.5,4.85,5.1,4.64,54.8,1,1,QLD,Hold QLD,No action,,Hold QLD while the Donchian20 signal remains 1.,0.0,0.0,4102.24,4102.24,3157.58,-5.23,-1.97
2015-12-10,104.79,4.93,20.11,99.55,5.27,5.1,4.64,64.14,1,1,QLD,Hold QLD,No action,,Hold QLD while the Donchian20 signal remains 1.,0.0,0.0,4137.8,4137.8,3171.85,-4.41,-1.53
2015-12-11,102.38,4.71,24.38,99.58,2.82,5.1,4.64,14.61,1,1,QLD,Hold QLD,No action,,Hold QLD while the Donchian20 signal remains 1.,0.0,0.0,3949.18,3949.18,3098.85,-8.77,-3.79
2015-12-14,103.16,4.78,23.11,99.61,3.56,5.1,4.64,30.72,1,1,QLD,Hold QLD,No action,,Hold QLD while the Donchian20 signal remains 1.,0.0,0.0,4010.51,4010.51,3122.34,-7.35,-3.07
2015-12-15,103.79,4.84,21.51,99.65,4.15,5.1,4.71,33.12,1,1,QLD,Hold QLD,No action,,Hold QLD while the Donchian20 signal remains 1.,0.0,0.0,4056.89,4056.89,3141.36,-6.28,-2.47
2015-12-16,105.33,4.97,18.79,99.71,5.64,5.1,4.71,68.15,1,1,QLD,Hold QLD,No action,,Hold QLD while the Donchian20 signal remains 1.,0.0,0.0,4170.78,4170.78,3188.07,-3.65,-1.02
2015-12-17,103.8,4.84,20.28,99.75,4.06,5.1,4.71,32.65,1,1,QLD,Hold QLD,No action,,Hold QLD while the Donchian20 signal remains 1.,0.0,0.0,4055.34,4055.34,3141.64,-6.31,-2.47
2015-12-18,101.81,4.66,21.5,99.77,2.04,5.1,4.71,-13.63,1,0,QQQ,Hold QQQ,Reduce QLD to QQQ,QLD->QQQ_on_Donchian_exit,QLD closed below its prior 20-day low; the signal changed to 0 and the account reduced to QQQ.,0.0,3904.86,0.0,3904.86,3081.38,-9.79,-4.34
2015-12-21,102.94,4.75,20.22,99.8,3.14,5.1,4.66,21.76,0,0,QQQ,Hold QQQ,No action,,Hold QQQ after the Donchian exit while QQQ remains at or above EMA200.,0.0,3948.24,0.0,3948.24,3115.61,-8.79,-3.27
2015-12-22,103.61,4.81,18.38,99.84,3.78,5.1,4.66,35.8,0,0,QQQ,Hold QQQ,No action,,Hold QQQ after the Donchian exit while QQQ remains at or above EMA200.,0.0,3974.19,0.0,3974.19,3136.09,-8.19,-2.64
2015-12-23,104.38,4.89,17.68,99.89,4.5,5.1,4.66,52.26,0,0,QQQ,Hold QQQ,No action,,Hold QQQ after the Donchian exit while QQQ remains at or above EMA200.,0.0,4003.7,0.0,4003.7,3159.37,-7.51,-1.92
2015-12-24,104.36,4.88,17.81,99.93,4.44,5.1,4.66,51.43,0,0,QQQ,Hold QQQ,No action,,Hold QQQ after the Donchian exit while QQQ remains at or above EMA200.,0.0,4002.99,0.0,4002.99,3158.81,-7.52,-1.93
2015-12-28,104.31,4.87,18.87,99.97,4.34,5.1,4.66,49.33,0,0,QQQ,Hold QQQ,No action,,Hold QQQ after the Donchian exit while QQQ remains at or above EMA200.,0.0,4000.85,0.0,4000.85,3157.13,-7.57,-1.99
2015-12-29,105.95,5.03,17.84,100.03,5.91,5.1,4.66,84.08,0,0,QQQ,Hold QQQ,No action,,Hold QQQ after the Donchian exit while QQQ remains at or above EMA200.,0.0,4063.78,0.0,4063.78,3206.79,-6.12,-0.44
2015-12-30,104.99,4.94,18.88,100.08,4.91,5.1,4.66,64.4,0,0,QQQ,Hold QQQ,No action,,Hold QQQ after the Donchian exit while QQQ remains at or above EMA200.,0.0,4027.16,0.0,4027.16,3177.89,-6.96,-1.34
2015-12-31,103.69,4.82,19.63,100.12,3.56,5.09,4.66,37.56,0,0,QQQ,Hold QQQ,No action,,Hold QQQ after the Donchian exit while QQQ remains at or above EMA200.,0.0,3977.03,0.0,3977.03,3138.33,-8.12,-2.57
2016-01-04,101.5,4.62,22.42,100.13,1.37,5.09,4.66,-9.05,0,0,QQQ,Hold QQQ,No action,,Hold QQQ after the Donchian exit while QQQ remains at or above EMA200.,0.0,3893.13,0.0,3893.13,3072.12,-10.06,-4.62
2016-01-05,101.32,4.59,21.56,100.14,1.18,5.09,4.62,-5.23,0,0,QQQ,Hold QQQ,No action,,Hold QQQ after the Donchian exit while QQQ remains at or above EMA200.,0.0,3886.37,0.0,3886.37,3066.79,-10.22,-4.79
2016-01-06,100.35,4.51,22.48,100.15,0.2,5.05,4.59,-18.31,0,0,QQQ,Hold QQQ,No action,,Hold QQQ after the Donchian exit while QQQ remains at or above EMA200.,0.0,3849.04,0.0,3849.04,3037.33,-11.08,-5.7
2016-01-07,97.21,4.23,26.77,100.12,-2.91,5.05,4.51,-52.4,0,0,Cash,Hold Cash,Sell QQQ to Cash,QQQ->Cash_below_EMA200,QQQ closed below EMA200 while held; the account moved fully to Cash.,3728.51,0.0,0.0,3728.51,2942.22,-13.86,-8.66
2016-01-08,96.41,4.15,28.33,100.08,-3.67,5.03,4.23,-9.24,0,0,Cash,Hold Cash,No action,,Hold Cash until QLD creates a new Donchian20 breakout; QQQ moving above EMA200 alone is not a re-entry.,3728.51,0.0,0.0,3728.51,2918.09,-13.86,-9.41
2016-01-11,96.71,4.18,26.41,100.05,-3.34,5.03,4.15,3.39,0,0,Cash,Hold Cash,No action,,Hold Cash until QLD creates a new Donchian20 breakout; QQQ moving above EMA200 alone is not a re-entry.,3728.51,0.0,0.0,3728.51,2927.07,-13.86,-9.13
2016-01-12,97.83,4.28,24.16,100.02,-2.19,5.03,4.15,14.53,0,0,Cash,Hold Cash,No action,,Hold Cash until QLD creates a new Donchian20 breakout; QQQ moving above EMA200 alone is not a re-entry.,3728.51,0.0,0.0,3728.51,2961.02,-13.86,-8.07
2016-01-13,94.46,3.98,27.11,99.97,-5.52,5.03,4.15,-19.68,0,0,Cash,Hold Cash,No action,,Hold Cash until QLD creates a new Donchian20 breakout; QQQ moving above EMA200 alone is not a re-entry.,3728.51,0.0,0.0,3728.51,2858.89,-13.86,-11.24
2016-01-14,96.47,4.15,25.96,99.93,-3.47,5.03,3.98,16.03,0,0,Cash,Hold Cash,No action,,Hold Cash until QLD creates a new Donchian20 breakout; QQQ moving above EMA200 alone is not a re-entry.,3728.51,0.0,0.0,3728.51,2919.78,-13.86,-9.35
2016-01-15,93.47,3.89,29.13,99.87,-6.41,5.03,3.98,-8.6,0,0,Cash,Hold Cash,No action,,Hold Cash until QLD creates a new Donchian20 breakout; QQQ moving above EMA200 alone is not a re-entry.,3728.51,0.0,0.0,3728.51,2829.15,-13.86,-12.17
2016-01-19,93.68,3.91,29.32,99.81,-6.14,5.03,3.89,1.46,0,0,Cash,Hold Cash,No action,,Hold Cash until QLD creates a new Donchian20 breakout; QQQ moving above EMA200 alone is not a re-entry.,3728.51,0.0,0.0,3728.51,2835.33,-13.86,-11.98
2016-01-20,93.39,3.89,30.84,99.74,-6.37,5.03,3.89,-0.49,0,0,Cash,Hold Cash,No action,,Hold Cash until QLD creates a new Donchian20 breakout; QQQ moving above EMA200 alone is not a re-entry.,3728.51,0.0,0.0,3728.51,2826.63,-13.86,-12.25
2016-01-21,93.48,3.9,30.23,99.68,-6.22,5.03,3.89,0.81,0,0,Cash,Hold Cash,No action,,Hold Cash until QLD creates a new Donchian20 breakout; QQQ moving above EMA200 alone is not a re-entry.,3728.51,0.0,0.0,3728.51,2829.43,-13.86,-12.16
2016-01-22,96.19,4.12,25.74,99.65,-3.47,5.03,3.89,20.3,0,0,Cash,Hold Cash,No action,,Hold Cash until QLD creates a new Donchian20 breakout; QQQ moving above EMA200 alone is not a re-entry.,3728.51,0.0,0.0,3728.51,2911.36,-13.86,-9.62
2016-01-25,94.76,4.0,27.54,99.6,-4.86,5.03,3.89,9.77,0,0,Cash,Hold Cash,No action,,Hold Cash until QLD creates a new Donchian20 breakout; QQQ moving above EMA200 alone is not a re-entry.,3728.51,0.0,0.0,3728.51,2868.15,-13.86,-10.96
2016-01-26,95.61,4.07,26.42,99.56,-3.96,5.03,3.89,15.98,0,0,Cash,Hold Cash,No action,,Hold Cash until QLD creates a new Donchian20 breakout; QQQ moving above EMA200 alone is not a re-entry.,3728.51,0.0,0.0,3728.51,2893.96,-13.86,-10.16
2016-01-27,93.23,3.87,27.27,99.5,-6.3,5.03,3.89,-1.94,0,0,Cash,Hold Cash,No action,,Hold Cash until QLD creates a new Donchian20 breakout; QQQ moving above EMA200 alone is not a re-entry.,3728.51,0.0,0.0,3728.51,2821.86,-13.86,-12.39
2016-01-28,94.55,3.97,26.32,99.45,-4.93,5.03,3.87,9.22,0,0,Cash,Hold Cash,No action,,Hold Cash until QLD creates a new Donchian20 breakout; QQQ moving above EMA200 alone is not a re-entry.,3728.51,0.0,0.0,3728.51,2861.7,-13.86,-11.16
2016-01-29,96.52,4.14,23.64,99.42,-2.91,4.94,3.87,25.47,0,0,Cash,Hold Cash,No action,,Hold Cash until QLD creates a new Donchian20 breakout; QQQ moving above EMA200 alone is not a re-entry.,3728.51,0.0,0.0,3728.51,2921.46,-13.86,-9.3
2016-02-01,96.78,4.16,23.06,99.39,-2.63,4.82,3.87,30.47,0,0,Cash,Hold Cash,No action,,Hold Cash until QLD creates a new Donchian20 breakout; QQQ moving above EMA200 alone is not a re-entry.,3728.51,0.0,0.0,3728.51,2929.31,-13.86,-9.06
2016-02-02,94.69,3.98,25.08,99.34,-4.69,4.62,3.87,15.22,0,0,Cash,Hold Cash,No action,,Hold Cash until QLD creates a new Donchian20 breakout; QQQ moving above EMA200 alone is not a re-entry.,3728.51,0.0,0.0,3728.51,2865.91,-13.86,-11.03
2016-02-03,94.23,3.94,25.05,99.29,-5.1,4.59,3.87,10.74,0,0,Cash,Hold Cash,No action,,Hold Cash until QLD creates a new Donchian20 breakout; QQQ moving above EMA200 alone is not a re-entry.,3728.51,0.0,0.0,3728.51,2852.16,-13.86,-11.45
2016-02-04,94.22,3.94,25.35,99.24,-5.06,4.51,3.87,11.94,0,0,Cash,Hold Cash,No action,,Hold Cash until QLD creates a new Donchian20 breakout; QQQ moving above EMA200 alone is not a re-entry.,3728.51,0.0,0.0,3728.51,2851.88,-13.86,-11.46
2016-02-05,90.95,3.67,27.65,99.16,-8.28,4.28,3.87,-48.08,0,0,Cash,Hold Cash,No action,,Hold Cash until QLD creates a new Donchian20 breakout; QQQ moving above EMA200 alone is not a re-entry.,3728.51,0.0,0.0,3728.51,2752.84,-13.86,-14.54
2016-02-08,89.56,3.55,31.46,99.07,-9.59,4.28,3.67,-18.08,0,0,Cash,Hold Cash,No action,,Hold Cash until QLD creates a new Donchian20 breakout; QQQ moving above EMA200 alone is not a re-entry.,3728.51,0.0,0.0,3728.51,2710.76,-13.86,-15.84
2016-02-09,89.28,3.53,31.91,98.97,-9.79,4.28,3.55,-3.3,0,0,Cash,Hold Cash,No action,,Hold Cash until QLD creates a new Donchian20 breakout; QQQ moving above EMA200 alone is not a re-entry.,3728.51,0.0,0.0,3728.51,2702.34,-13.86,-16.1
2016-02-10,89.63,3.56,31.26,98.88,-9.35,4.28,3.53,4.01,0,0,Cash,Hold Cash,No action,,Hold Cash until QLD creates a new Donchian20 breakout; QQQ moving above EMA200 alone is not a re-entry.,3728.51,0.0,0.0,3728.51,2712.72,-13.86,-15.78
2016-02-11,89.5,3.55,31.87,98.78,-9.4,4.16,3.53,3.74,0,0,Cash,Hold Cash,No action,,Hold Cash until QLD creates a new Donchian20 breakout; QQQ moving above EMA200 alone is not a re-entry.,3728.51,0.0,0.0,3728.51,2708.79,-13.86,-15.9
2016-02-12,90.86,3.66,29.74,98.7,-7.95,4.16,3.53,20.06,0,0,Cash,Hold Cash,No action,,Hold Cash until QLD creates a new Donchian20 breakout; QQQ moving above EMA200 alone is not a re-entry.,3728.51,0.0,0.0,3728.51,2750.04,-13.86,-14.62
2016-02-16,92.91,3.81,28.67,98.65,-5.82,4.16,3.53,45.53,0,0,Cash,Hold Cash,No action,,Hold Cash until QLD creates a new Donchian20 breakout; QQQ moving above EMA200 alone is not a re-entry.,3728.51,0.0,0.0,3728.51,2812.04,-13.86,-12.7
2016-02-17,95.01,3.99,27.19,98.61,-3.65,4.16,3.53,73.94,0,0,Cash,Hold Cash,No action,,Hold Cash until QLD creates a new Donchian20 breakout; QQQ moving above EMA200 alone is not a re-entry.,3728.51,0.0,0.0,3728.51,2875.73,-13.86,-10.72
2016-02-18,93.93,3.9,26.6,98.56,-4.7,4.16,3.53,59.78,0,0,Cash,Hold Cash,No action,,Hold Cash until QLD creates a new Donchian20 breakout; QQQ moving above EMA200 alone is not a re-entry.,3728.51,0.0,0.0,3728.51,2842.9,-13.86,-11.74
2016-02-19,94.2,3.93,24.91,98.52,-4.38,4.16,3.53,63.42,0,0,Cash,Hold Cash,No action,,Hold Cash until QLD creates a new Donchian20 breakout; QQQ moving above EMA200 alone is not a re-entry.,3728.51,0.0,0.0,3728.51,2851.32,-13.86,-11.48
2016-02-22,95.73,4.05,23.81,98.49,-2.8,4.16,3.53,83.58,0,0,Cash,Hold Cash,No action,,Hold Cash until QLD creates a new Donchian20 breakout; QQQ moving above EMA200 alone is not a re-entry.,3728.51,0.0,0.0,3728.51,2897.61,-13.86,-10.04
2016-02-23,94.16,3.92,25.3,98.45,-4.36,4.16,3.53,62.24,0,0,Cash,Hold Cash,No action,,Hold Cash until QLD creates a new Donchian20 breakout; QQQ moving above EMA200 alone is not a re-entry.,3728.51,0.0,0.0,3728.51,2849.92,-13.86,-11.52
2016-02-24,95.06,3.99,24.0,98.41,-3.41,4.16,3.53,74.24,0,0,Cash,Hold Cash,No action,,Hold Cash until QLD creates a new Donchian20 breakout; QQQ moving above EMA200 alone is not a re-entry.,3728.51,0.0,0.0,3728.51,2877.13,-13.86,-10.68
2016-02-25,95.99,4.07,22.62,98.39,-2.44,4.16,3.53,86.43,0,0,Cash,Hold Cash,No action,,Hold Cash until QLD creates a new Donchian20 breakout; QQQ moving above EMA200 alone is not a re-entry.,3728.51,0.0,0.0,3728.51,2905.47,-13.86,-9.8
2016-02-26,95.87,4.06,23.08,98.37,-2.53,4.16,3.53,84.96,0,0,Cash,Hold Cash,No action,,Hold Cash until QLD creates a new Donchian20 breakout; QQQ moving above EMA200 alone is not a re-entry.,3728.51,0.0,0.0,3728.51,2901.82,-13.86,-9.91
2016-02-29,95.01,3.99,23.55,98.33,-3.38,4.16,3.53,73.35,0,0,Cash,Hold Cash,No action,,Hold Cash until QLD creates a new Donchian20 breakout; QQQ moving above EMA200 alone is not a re-entry.,3728.51,0.0,0.0,3728.51,2875.73,-13.86,-10.72
2016-03-01,98.06,4.24,20.77,98.33,-0.27,4.16,3.53,113.96,0,1,QLD,Hold QLD,Buy QLD,toQLD,QLD closed above its prior 20-day high; the signal changed to 1 and the account moved fully into QLD.,0.0,0.0,3728.51,3728.51,2968.03,-13.86,-7.86
2016-03-02,98.1,4.25,20.6,98.33,-0.23,4.24,3.53,100.6,1,1,QLD,Hold QLD,No action,,Hold QLD while the Donchian20 signal remains 1.,0.0,0.0,3732.29,3732.29,2969.15,-13.78,-7.82
2016-03-03,97.91,4.23,20.75,98.32,-0.42,4.25,3.53,97.94,1,1,QLD,Hold QLD,No action,,Hold QLD while the Donchian20 signal remains 1.,0.0,0.0,3719.33,3719.33,2963.54,-14.08,-8.0
2016-03-04,97.95,4.24,20.81,98.32,-0.38,4.25,3.53,98.46,1,1,QLD,Hold QLD,No action,,Hold QLD while the Donchian20 signal remains 1.,0.0,0.0,3722.57,3722.57,2964.67,-14.0,-7.96
2016-03-07,97.35,4.19,21.61,98.31,-0.98,4.25,3.53,91.34,1,1,QLD,Hold QLD,No action,,Hold QLD while the Donchian20 signal remains 1.,0.0,0.0,3677.73,3677.73,2946.43,-15.04,-8.53
2016-03-08,96.54,4.11,22.72,98.29,-1.78,4.25,3.53,81.13,1,1,QLD,Hold QLD,No action,,Hold QLD while the Donchian20 signal remains 1.,0.0,0.0,3613.43,3613.43,2922.02,-16.52,-9.28
2016-03-09,97.16,4.17,21.89,98.28,-1.14,4.25,3.53,88.68,1,1,QLD,Hold QLD,No action,,Hold QLD while the Donchian20 signal remains 1.,0.0,0.0,3660.98,3660.98,2940.82,-15.42,-8.7
2016-03-10,97.01,4.16,21.49,98.27,-1.28,4.25,3.55,86.79,1,1,QLD,Hold QLD,No action,,Hold QLD while the Donchian20 signal remains 1.,0.0,0.0,3651.79,3651.79,2936.33,-15.64,-8.84
2016-03-11,98.71,4.3,19.65,98.27,0.44,4.25,3.55,107.27,1,1,QLD,Hold QLD,No action,,Hold QLD while the Donchian20 signal remains 1.,0.0,0.0,3776.6,3776.6,2987.67,-12.75,-7.25
2016-03-14,98.88,4.31,19.57,98.28,0.61,4.3,3.66,102.01,1,1,QLD,Hold QLD,No action,,Hold QLD while the Donchian20 signal remains 1.,0.0,0.0,3787.95,3787.95,2992.72,-12.49,-7.09
2016-03-15,98.84,4.31,19.46,98.28,0.57,4.31,3.81,99.63,1,1,QLD,Hold QLD,No action,,Hold QLD while the Donchian20 signal remains 1.,0.0,0.0,3786.32,3786.32,2991.6,-12.53,-7.12
2016-03-16,99.72,4.38,17.8,98.3,1.45,4.31,3.9,118.31,1,1,QLD,Hold QLD,No action,,Hold QLD while the Donchian20 signal remains 1.,0.0,0.0,3853.32,3853.32,3018.25,-10.98,-6.3
2016-03-17,99.66,4.38,17.65,98.31,1.38,4.38,3.9,98.98,1,1,QLD,Hold QLD,No action,,Hold QLD while the Donchian20 signal remains 1.,0.0,0.0,3849.0,3849.0,3016.57,-11.08,-6.35
2016-03-18,99.82,4.4,17.2,98.33,1.52,4.38,3.92,102.51,1,1,QLD,Hold QLD,No action,,Hold QLD while the Donchian20 signal remains 1.,0.0,0.0,3863.59,3863.59,3021.3,-10.74,-6.2
2016-03-21,100.21,4.43,17.17,98.35,1.9,4.4,3.92,106.7,1,1,QLD,Hold QLD,No action,,Hold QLD while the Donchian20 signal remains 1.,0.0,0.0,3891.68,3891.68,3033.11,-10.09,-5.84
2016-03-22,100.52,4.45,16.98,98.37,2.19,4.43,3.92,104.83,1,1,QLD,Hold QLD,No action,,Hold QLD while the Donchian20 signal remains 1.,0.0,0.0,3913.29,3913.29,3042.4,-9.59,-5.55
2016-03-23,99.69,4.38,17.75,98.38,1.33,4.45,3.99,83.31,1,1,QLD,Hold QLD,No action,,Hold QLD while the Donchian20 signal remains 1.,0.0,0.0,3845.22,3845.22,3017.36,-11.17,-6.32
2016-03-24,99.72,4.38,17.31,98.39,1.35,4.45,3.99,83.84,1,1,QLD,Hold QLD,No action,,Hold QLD while the Donchian20 signal remains 1.,0.0,0.0,3847.38,3847.38,3018.2,-11.12,-6.3
2016-03-28,99.58,4.37,18.39,98.41,1.19,4.45,3.99,81.46,1,1,QLD,Hold QLD,No action,,Hold QLD while the Donchian20 signal remains 1.,0.0,0.0,3837.65,3837.65,3013.98,-11.34,-6.43
2016-03-29,101.18,4.5,16.9,98.43,2.79,4.45,3.99,110.33,1,1,QLD,Hold QLD,No action,,Hold QLD while the Donchian20 signal remains 1.,0.0,0.0,3955.43,3955.43,3062.38,-8.62,-4.93
2016-03-30,101.67,4.55,16.53,98.47,3.26,4.5,4.11,112.95,1,1,QLD,Hold QLD,No action,,Hold QLD while the Donchian20 signal remains 1.,0.0,0.0,3999.74,3999.74,3077.29,-7.6,-4.46
2016-03-31,101.52,4.54,16.85,98.5,3.07,4.55,4.11,96.78,1,1,QLD,Hold QLD,No action,,Hold QLD while the Donchian20 signal remains 1.,0.0,0.0,3987.31,3987.31,3072.79,-7.88,-4.6
2016-04-01,102.6,4.63,15.84,98.54,4.12,4.55,4.11,118.04,1,1,QLD,Hold QLD,No action,,Hold QLD while the Donchian20 signal remains 1.,0.0,0.0,4069.44,4069.44,3105.43,-5.99,-3.59
2016-04-04,102.21,4.59,16.85,98.57,3.69,4.63,4.11,92.89,1,1,QLD,Hold QLD,No action,,Hold QLD while the Donchian20 signal remains 1.,0.0,0.0,4037.02,4037.02,3093.61,-6.74,-3.96
2016-04-05,101.22,4.51,18.02,98.6,2.66,4.63,4.11,76.9,1,1,QLD,Hold QLD,No action,,Hold QLD while the Donchian20 signal remains 1.,0.0,0.0,3964.08,3964.08,3063.78,-8.42,-4.88
2016-04-06,102.89,4.66,16.64,98.64,4.3,4.63,4.11,104.86,1,1,QLD,Hold QLD,No action,,Hold QLD while the Donchian20 signal remains 1.,0.0,0.0,4091.59,4091.59,3114.15,-5.48,-3.32
2016-04-07,101.41,4.52,18.62,98.67,2.78,4.66,4.16,71.99,1,1,QLD,Hold QLD,No action,,Hold QLD while the Donchian20 signal remains 1.,0.0,0.0,3968.4,3968.4,3069.41,-8.32,-4.71
2016-04-08,101.34,4.52,18.48,98.7,2.67,4.66,4.16,71.99,1,1,QLD,Hold QLD,No action,,Hold QLD while the Donchian20 signal remains 1.,0.0,0.0,3968.4,3968.4,3067.16,-8.32,-4.78
2016-04-11,100.96,4.48,18.59,98.72,2.27,4.66,4.3,51.11,1,1,QLD,Hold QLD,No action,,Hold QLD while the Donchian20 signal remains 1.,0.0,0.0,3937.6,3937.6,3055.91,-9.03,-5.13
2016-04-12,101.81,4.56,17.48,98.75,3.1,4.66,4.31,71.68,1,1,QLD,Hold QLD,No action,,Hold QLD while the Donchian20 signal remains 1.,0.0,0.0,4005.14,4005.14,3081.51,-7.47,-4.33
2016-04-13,103.11,4.67,16.26,98.79,4.37,4.66,4.31,104.96,1,1,QLD,Hold QLD,No action,,Hold QLD while the Donchian20 signal remains 1.,0.0,0.0,4106.72,4106.72,3120.91,-5.13,-3.11
2016-04-14,103.12,4.67,16.6,98.84,4.34,4.67,4.37,99.8,1,1,QLD,Hold QLD,No action,,Hold QLD while the Donchian20 signal remains 1.,0.0,0.0,4106.17,4106.17,3121.19,-5.14,-3.1
2016-04-15,102.86,4.65,16.05,98.88,4.03,4.67,4.37,91.77,1,1,QLD,Hold QLD,No action,,Hold QLD while the Donchian20 signal remains 1.,0.0,0.0,4084.56,4084.56,3113.31,-5.64,-3.35
2016-04-18,103.41,4.7,16.04,98.92,4.54,4.67,4.37,107.83,1,1,QLD,Hold QLD,No action,,Hold QLD while the Donchian20 signal remains 1.,0.0,0.0,4127.79,4127.79,3129.91,-4.64,-2.83
2016-04-19,102.78,4.64,16.43,98.96,3.86,4.7,4.37,82.5,1,1,QLD,Hold QLD,No action,,Hold QLD while the Donchian20 signal remains 1.,0.0,0.0,4077.0,4077.0,3110.78,-5.81,-3.42
2016-04-20,102.86,4.64,16.31,99.0,3.9,4.7,4.37,84.17,1,1,QLD,Hold QLD,No action,,Hold QLD while the Donchian20 signal remains 1.,0.0,0.0,4081.86,4081.86,3113.31,-5.7,-3.35
2016-04-21,102.87,4.65,16.57,99.04,3.87,4.7,4.37,84.92,1,1,QLD,Hold QLD,No action,,Hold QLD while the Donchian20 signal remains 1.,0.0,0.0,4084.02,4084.02,3113.59,-5.65,-3.34
2016-04-22,101.32,4.51,16.61,99.06,2.28,4.7,4.37,43.02,1,1,QLD,Hold QLD,No action,,Hold QLD while the Donchian20 signal remains 1.,0.0,0.0,3962.46,3962.46,3066.6,-8.46,-4.8
2016-04-25,101.32,4.51,17.21,99.08,2.26,4.7,4.37,42.83,1,1,QLD,Hold QLD,No action,,Hold QLD while the Donchian20 signal remains 1.,0.0,0.0,3961.92,3961.92,3066.6,-8.47,-4.8
2016-04-26,100.82,4.47,17.26,99.1,1.74,4.7,4.48,-6.25,1,0,QQQ,Hold QQQ,Reduce QLD to QQQ,QLD->QQQ_on_Donchian_exit,QLD closed below its prior 20-day low; the signal changed to 0 and the account reduced to QQQ.,0.0,3925.72,0.0,3925.72,3051.69,-9.31,-5.26
2016-04-27,100.02,4.39,17.06,99.11,0.92,4.7,4.47,-33.42,0,0,QQQ,Hold QQQ,No action,,Hold QQQ after the Donchian exit while QQQ remains at or above EMA200.,0.0,3894.23,0.0,3894.23,3027.2,-10.03,-6.02
2016-04-28,98.81,4.29,18.07,99.11,-0.3,4.7,4.39,-33.27,0,0,Cash,Hold Cash,Sell QQQ to Cash,QQQ->Cash_below_EMA200,QQQ closed below EMA200 while held; the account moved fully to Cash.,3847.17,0.0,0.0,3847.17,2990.62,-11.12,-7.15
2016-04-29,98.29,4.24,19.3,99.1,-0.82,4.7,4.29,-11.88,0,0,Cash,Hold Cash,No action,,Hold Cash until QLD creates a new Donchian20 breakout; QQQ moving above EMA200 alone is not a re-entry.,3847.17,0.0,0.0,3847.17,2974.87,-11.12,-7.64
2016-05-02,99.22,4.32,18.28,99.1,0.12,4.7,4.24,17.2,0,0,Cash,Hold Cash,No action,,Hold Cash until QLD creates a new Donchian20 breakout; QQQ moving above EMA200 alone is not a re-entry.,3847.17,0.0,0.0,3847.17,3003.0,-11.12,-6.77
2016-05-03,98.3,4.24,19.02,99.09,-0.8,4.7,4.24,0.13,0,0,Cash,Hold Cash,No action,,Hold Cash until QLD creates a new Donchian20 breakout; QQQ moving above EMA200 alone is not a re-entry.,3847.17,0.0,0.0,3847.17,2975.15,-11.12,-7.64
2016-05-04,97.66,4.19,19.32,99.08,-1.43,4.7,4.24,-11.96,0,0,Cash,Hold Cash,No action,,Hold Cash until QLD creates a new Donchian20 breakout; QQQ moving above EMA200 alone is not a re-entry.,3847.17,0.0,0.0,3847.17,2956.01,-11.12,-8.23
2016-05-05,97.64,4.18,19.14,99.06,-1.44,4.7,4.19,-0.12,0,0,Cash,Hold Cash,No action,,Hold Cash until QLD creates a new Donchian20 breakout; QQQ moving above EMA200 alone is not a re-entry.,3847.17,0.0,0.0,3847.17,2955.17,-11.12,-8.26
2016-05-06,98.16,4.23,17.54,99.05,-0.91,4.7,4.18,8.39,0,0,Cash,Hold Cash,No action,,Hold Cash until QLD creates a new Donchian20 breakout; QQQ moving above EMA200 alone is not a re-entry.,3847.17,0.0,0.0,3847.17,2970.93,-11.12,-7.77
2016-05-09,98.44,4.25,17.38,99.05,-0.62,4.7,4.18,12.71,0,0,Cash,Hold Cash,No action,,Hold Cash until QLD creates a new Donchian20 breakout; QQQ moving above EMA200 alone is not a re-entry.,3847.17,0.0,0.0,3847.17,2979.37,-11.12,-7.5
2016-05-10,99.78,4.37,16.27,99.05,0.74,4.7,4.18,35.49,0,0,Cash,Hold Cash,No action,,Hold Cash until QLD creates a new Donchian20 breakout; QQQ moving above EMA200 alone is not a re-entry.,3847.17,0.0,0.0,3847.17,3020.17,-11.12,-6.24
2016-05-11,98.88,4.29,17.16,99.05,-0.17,4.7,4.18,20.38,0,0,Cash,Hold Cash,No action,,Hold Cash until QLD creates a new Donchian20 breakout; QQQ moving above EMA200 alone is not a re-entry.,3847.17,0.0,0.0,3847.17,2992.87,-11.12,-7.08
2016-05-12,98.44,4.25,17.26,99.05,-0.61,4.7,4.18,12.71,0,0,Cash,Hold Cash,No action,,Hold Cash until QLD creates a new Donchian20 breakout; QQQ moving above EMA200 alone is not a re-entry.,3847.17,0.0,0.0,3847.17,2979.65,-11.12,-7.5
2016-05-13,98.08,4.22,17.1,99.04,-0.96,4.7,4.18,6.95,0,0,Cash,Hold Cash,No action,,Hold Cash until QLD creates a new Donchian20 breakout; QQQ moving above EMA200 alone is not a re-entry.,3847.17,0.0,0.0,3847.17,2968.68,-11.12,-7.84
2016-05-16,99.31,4.32,16.37,99.04,0.27,4.7,4.18,26.86,0,0,Cash,Hold Cash,No action,,Hold Cash until QLD creates a new Donchian20 breakout; QQQ moving above EMA200 alone is not a re-entry.,3847.17,0.0,0.0,3847.17,3005.82,-11.12,-6.68
2016-05-17,98.06,4.22,17.6,99.03,-0.98,4.65,4.18,6.64,0,0,Cash,Hold Cash,No action,,Hold Cash until QLD creates a new Donchian20 breakout; QQQ moving above EMA200 alone is not a re-entry.,3847.17,0.0,0.0,3847.17,2968.11,-11.12,-7.85
2016-05-18,98.42,4.24,17.41,99.02,-0.61,4.65,4.18,13.01,0,0,Cash,Hold Cash,No action,,Hold Cash until QLD creates a new Donchian20 breakout; QQQ moving above EMA200 alone is not a re-entry.,3847.17,0.0,0.0,3847.17,2978.8,-11.12,-7.52
2016-05-19,97.91,4.2,17.88,99.01,-1.12,4.65,4.18,3.72,0,0,Cash,Hold Cash,No action,,Hold Cash until QLD creates a new Donchian20 breakout; QQQ moving above EMA200 alone is not a re-entry.,3847.17,0.0,0.0,3847.17,2963.33,-11.12,-8.0
2016-05-20,98.98,4.29,16.4,99.01,-0.03,4.51,4.18,32.58,0,0,Cash,Hold Cash,No action,,Hold Cash until QLD creates a new Donchian20 breakout; QQQ moving above EMA200 alone is not a re-entry.,3847.17,0.0,0.0,3847.17,2995.97,-11.12,-6.99
2016-05-23,98.85,4.28,16.85,99.01,-0.16,4.51,4.18,29.03,0,0,Cash,Hold Cash,No action,,Hold Cash until QLD creates a new Donchian20 breakout; QQQ moving above EMA200 alone is not a re-entry.,3847.17,0.0,0.0,3847.17,2992.03,-11.12,-7.11
2016-05-24,100.83,4.45,15.32,99.03,1.82,4.47,4.18,95.0,0,0,Cash,Hold Cash,No action,,Hold Cash until QLD creates a new Donchian20 breakout; QQQ moving above EMA200 alone is not a re-entry.,3847.17,0.0,0.0,3847.17,3051.97,-11.12,-5.25
2016-05-25,101.56,4.52,15.01,99.05,2.53,4.45,4.18,123.8,0,1,QLD,Hold QLD,Buy QLD,toQLD,QLD closed above its prior 20-day high; the signal changed to 1 and the account moved fully into QLD.,0.0,0.0,3847.17,3847.17,3073.92,-11.12,-4.57
2016-05-26,101.86,4.54,14.71,99.08,2.8,4.52,4.18,107.58,1,1,QLD,Hold QLD,No action,,Hold QLD while the Donchian20 signal remains 1.,0.0,0.0,3868.64,3868.64,3082.92,-10.63,-4.29
2016-05-27,102.39,4.59,14.55,99.12,3.3,4.54,4.18,113.06,1,1,QLD,Hold QLD,No action,,Hold QLD while the Donchian20 signal remains 1.,0.0,0.0,3908.43,3908.43,3098.96,-9.71,-3.79
2016-05-31,102.58,4.61,15.25,99.15,3.46,4.59,4.18,104.56,1,1,QLD,Hold QLD,No action,,Hold QLD while the Donchian20 signal remains 1.,0.0,0.0,3924.14,3924.14,3104.87,-9.34,-3.61
2016-06-01,102.59,4.6,15.39,99.18,3.44,4.61,4.18,99.42,1,1,QLD,Hold QLD,No action,,Hold QLD while the Donchian20 signal remains 1.,0.0,0.0,3922.05,3922.05,3105.15,-9.39,-3.6
2016-06-02,102.81,4.63,15.15,99.22,3.61,4.61,4.18,104.65,1,1,QLD,Hold QLD,No action,,Hold QLD while the Donchian20 signal remains 1.,0.0,0.0,3940.9,3940.9,3111.62,-8.96,-3.4
2016-06-03,102.32,4.58,15.03,99.25,3.09,4.63,4.18,89.72,1,1,QLD,Hold QLD,No action,,Hold QLD while the Donchian20 signal remains 1.,0.0,0.0,3902.15,3902.15,3096.99,-9.85,-3.85
2016-06-06,102.69,4.61,15.25,99.28,3.43,4.63,4.2,96.68,1,1,QLD,Hold QLD,No action,,Hold QLD while the Donchian20 signal remains 1.,0.0,0.0,3928.85,3928.85,3108.24,-9.23,-3.5
2016-06-07,102.43,4.59,15.26,99.32,3.14,4.63,4.2,92.34,1,1,QLD,Hold QLD,No action,,Hold QLD while the Donchian20 signal remains 1.,0.0,0.0,3913.15,3913.15,3100.37,-9.6,-3.75
2016-06-08,102.61,4.61,15.27,99.35,3.28,4.63,4.2,95.23,1,1,QLD,Hold QLD,No action,,Hold QLD while the Donchian20 signal remains 1.,0.0,0.0,3923.62,3923.62,3105.71,-9.36,-3.58
2016-06-09,102.44,4.59,15.68,99.38,3.08,4.63,4.2,91.47,1,1,QLD,Hold QLD,No action,,Hold QLD while the Donchian20 signal remains 1.,0.0,0.0,3910.0,3910.0,3100.65,-9.67,-3.74
2016-06-10,101.28,4.49,17.64,99.4,1.89,4.63,4.2,67.34,1,1,QLD,Hold QLD,No action,,Hold QLD while the Donchian20 signal remains 1.,0.0,0.0,3822.56,3822.56,3065.47,-11.69,-4.83
2016-06-13,100.43,4.41,20.61,99.41,1.03,4.63,4.2,48.99,1,1,QLD,Hold QLD,No action,,Hold QLD while the Donchian20 signal remains 1.,0.0,0.0,3756.05,3756.05,3039.87,-13.23,-5.63
2016-06-14,100.43,4.41,20.43,99.42,1.02,4.63,4.2,50.0,1,1,QLD,Hold QLD,No action,,Hold QLD while the Donchian20 signal remains 1.,0.0,0.0,3759.72,3759.72,3039.87,-13.14,-5.63
2016-06-15,100.15,4.39,20.19,99.43,0.72,4.63,4.2,43.64,1,1,QLD,Hold QLD,No action,,Hold QLD while the Donchian20 signal remains 1.,0.0,0.0,3736.68,3736.68,3031.14,-13.67,-5.9
2016-06-16,100.44,4.41,19.83,99.44,1.01,4.63,4.2,49.86,1,1,QLD,Hold QLD,No action,,Hold QLD while the Donchian20 signal remains 1.,0.0,0.0,3759.2,3759.2,3040.15,-13.15,-5.62
2016-06-17,99.27,4.31,20.25,99.43,-0.17,4.63,4.2,25.87,1,1,QLD,Hold QLD,No action,,Hold QLD while the Donchian20 signal remains 1.,0.0,0.0,3672.27,3672.27,3004.51,-15.16,-6.72
2016-06-20,99.89,4.36,19.31,99.44,0.45,4.63,4.28,23.81,1,1,QLD,Hold QLD,No action,,Hold QLD while the Donchian20 signal remains 1.,0.0,0.0,3714.69,3714.69,3023.42,-14.18,-6.14
2016-06-21,100.21,4.39,19.59,99.45,0.76,4.63,4.28,31.92,1,1,QLD,Hold QLD,No action,,Hold QLD while the Donchian20 signal remains 1.,0.0,0.0,3738.77,3738.77,3033.01,-13.63,-5.84
2016-06-22,99.97,4.37,21.64,99.45,0.52,4.63,4.31,17.93,1,1,QLD,Hold QLD,No action,,Hold QLD while the Donchian20 signal remains 1.,0.0,0.0,3720.44,3720.44,3025.67,-14.05,-6.07
2016-06-23,101.39,4.49,18.21,99.47,1.93,4.63,4.31,56.94,1,1,QLD,Hold QLD,No action,,Hold QLD while the Donchian20 signal remains 1.,0.0,0.0,3825.22,3825.22,3068.84,-11.63,-4.73
2016-06-24,97.22,4.13,24.88,99.45,-2.25,4.63,4.31,-58.72,1,0,Cash,Hold Cash,Reduce QLD to QQQ; Sell QQQ to Cash,QLD->QQQ_on_Donchian_exit; QQQ->Cash_below_EMA200,"QLD exited its channel and QQQ was below EMA200, so the account passed through QQQ and finished in Cash.",3514.53,0.0,0.0,3514.53,2942.44,-18.81,-8.65
2016-06-27,95.29,3.97,24.39,99.41,-4.15,4.63,4.13,-31.83,0,0,Cash,Hold Cash,No action,,Hold Cash until QLD creates a new Donchian20 breakout; QQQ moving above EMA200 alone is not a re-entry.,3514.53,0.0,0.0,3514.53,2884.04,-18.81,-10.46
2016-06-28,97.37,4.13,20.11,99.39,-2.03,4.63,3.97,25.26,0,0,Cash,Hold Cash,No action,,Hold Cash until QLD creates a new Donchian20 breakout; QQQ moving above EMA200 alone is not a re-entry.,3514.53,0.0,0.0,3514.53,2947.24,-18.81,-8.5
2016-06-29,99.1,4.28,18.47,99.38,-0.29,4.63,3.97,47.17,0,0,Cash,Hold Cash,No action,,Hold Cash until QLD creates a new Donchian20 breakout; QQQ moving above EMA200 alone is not a re-entry.,3514.53,0.0,0.0,3514.53,2999.43,-18.81,-6.88
2016-06-30,100.25,4.38,17.58,99.39,0.86,4.63,3.97,62.17,0,0,Cash,Hold Cash,No action,,Hold Cash until QLD creates a new Donchian20 breakout; QQQ moving above EMA200 alone is not a re-entry.,3514.53,0.0,0.0,3514.53,3034.14,-18.81,-5.8
2016-07-01,100.75,4.42,16.83,99.41,1.35,4.61,3.97,70.3,0,0,Cash,Hold Cash,No action,,Hold Cash until QLD creates a new Donchian20 breakout; QQQ moving above EMA200 alone is not a re-entry.,3514.53,0.0,0.0,3514.53,3049.37,-18.81,-5.33
2016-07-05,100.13,4.37,17.92,99.41,0.72,4.61,3.97,61.73,0,0,Cash,Hold Cash,No action,,Hold Cash until QLD creates a new Donchian20 breakout; QQQ moving above EMA200 alone is not a re-entry.,3514.53,0.0,0.0,3514.53,3030.75,-18.81,-5.91
2016-07-06,100.95,4.44,17.49,99.43,1.53,4.61,3.97,73.38,0,0,Cash,Hold Cash,No action,,Hold Cash until QLD creates a new Donchian20 breakout; QQQ moving above EMA200 alone is not a re-entry.,3514.53,0.0,0.0,3514.53,3055.58,-18.81,-5.14
2016-07-07,101.25,4.46,17.28,99.45,1.81,4.61,3.97,77.8,0,0,Cash,Hold Cash,No action,,Hold Cash until QLD creates a new Donchian20 breakout; QQQ moving above EMA200 alone is not a re-entry.,3514.53,0.0,0.0,3514.53,3064.61,-18.81,-4.86
2016-07-08,102.82,4.6,15.74,99.48,3.35,4.59,3.97,101.89,0,1,QLD,Hold QLD,Buy QLD,toQLD,QLD closed above its prior 20-day high; the signal changed to 1 and the account moved fully into QLD.,0.0,0.0,3514.53,3514.53,3112.01,-18.81,-3.39
2016-07-11,103.41,4.66,15.11,99.52,3.9,4.6,3.97,108.52,1,1,QLD,Hold QLD,No action,,Hold QLD while the Donchian20 signal remains 1.,0.0,0.0,3555.87,3555.87,3129.78,-17.85,-2.83
2016-07-12,103.93,4.7,15.09,99.56,4.38,4.66,3.97,106.42,1,1,QLD,Hold QLD,No action,,Hold QLD while the Donchian20 signal remains 1.,0.0,0.0,3589.69,3589.69,3145.58,-17.07,-2.34
2016-07-13,103.68,4.68,15.24,99.6,4.09,4.7,3.97,97.23,1,1,QLD,Hold QLD,No action,,Hold QLD while the Donchian20 signal remains 1.,0.0,0.0,3574.19,3574.19,3137.97,-17.43,-2.58
2016-07-14,104.38,4.74,14.66,99.65,4.75,4.7,3.97,105.28,1,1,QLD,Hold QLD,No action,,Hold QLD while the Donchian20 signal remains 1.,0.0,0.0,3619.28,3619.28,3159.41,-16.39,-1.91
2016-07-15,104.22,4.73,14.29,99.7,4.53,4.74,3.97,98.25,1,1,QLD,Hold QLD,No action,,Hold QLD while the Donchian20 signal remains 1.,0.0,0.0,3608.95,3608.95,3154.33,-16.63,-2.07
2016-07-18,104.91,4.79,14.71,99.75,5.17,4.74,3.97,106.37,1,1,QLD,Hold QLD,No action,,Hold QLD while the Donchian20 signal remains 1.,0.0,0.0,3656.86,3656.86,3175.21,-15.52,-1.42
2016-07-19,104.52,4.75,14.57,99.8,4.74,4.79,3.97,95.66,1,1,QLD,Hold QLD,No action,,Hold QLD while the Donchian20 signal remains 1.,0.0,0.0,3629.62,3629.62,3163.64,-16.15,-1.78
2016-07-20,105.74,4.87,14.27,99.86,5.9,4.79,3.97,109.28,1,1,QLD,Hold QLD,No action,,Hold QLD while the Donchian20 signal remains 1.,0.0,0.0,3715.11,3715.11,3200.6,-14.17,-0.64
2016-07-21,105.5,4.84,14.98,99.91,5.6,4.87,3.97,97.6,1,1,QLD,Hold QLD,No action,,Hold QLD while the Donchian20 signal remains 1.,0.0,0.0,3698.67,3698.67,3193.27,-14.55,-0.86
2016-07-22,105.94,4.88,14.59,99.97,5.97,4.87,3.97,101.85,1,1,QLD,Hold QLD,No action,,Hold QLD while the Donchian20 signal remains 1.,0.0,0.0,3727.79,3727.79,3206.53,-13.88,-0.45
2016-07-25,105.95,4.88,15.6,100.03,5.92,4.88,3.97,100.27,1,1,QLD,Hold QLD,No action,,Hold QLD while the Donchian20 signal remains 1.,0.0,0.0,3729.67,3729.67,3206.81,-13.84,-0.44
2016-07-26,106.07,4.9,15.93,100.09,5.97,4.88,3.97,101.34,1,1,QLD,Hold QLD,No action,,Hold QLD while the Donchian20 signal remains 1.,0.0,0.0,3739.06,3739.06,3210.48,-13.62,-0.33
2016-07-27,106.81,4.96,15.14,100.16,6.64,4.9,4.13,108.23,1,1,QLD,Hold QLD,No action,,Hold QLD while the Donchian20 signal remains 1.,0.0,0.0,3786.98,3786.98,3232.77,-12.51,0.0
2016-07-28,107.18,5.0,14.84,100.23,6.94,4.96,4.28,105.6,1,1,QLD,Hold QLD,No action,,Hold QLD while the Donchian20 signal remains 1.,0.0,0.0,3816.1,3816.1,3244.05,-11.84,0.0
2016-07-29,107.41,5.02,13.97,100.3,7.09,5.0,4.37,103.02,1,1,QLD,Hold QLD,No action,,Hold QLD while the Donchian20 signal remains 1.,0.0,0.0,3830.66,3830.66,3251.1,-11.5,0.0
2016-08-01,107.98,5.07,14.52,100.38,7.58,5.02,4.37,108.03,1,1,QLD,Hold QLD,No action,,Hold QLD while the Donchian20 signal remains 1.,0.0,0.0,3870.59,3870.59,3268.32,-10.58,0.0
2016-08-02,107.16,4.99,15.41,100.44,6.69,5.07,4.37,89.06,1,1,QLD,Hold QLD,No action,,Hold QLD while the Donchian20 signal remains 1.,0.0,0.0,3811.87,3811.87,3243.49,-11.94,-0.76
2016-08-03,107.52,5.03,15.18,100.51,6.97,5.07,4.44,93.39,1,1,QLD,Hold QLD,No action,,Hold QLD while the Donchian20 signal remains 1.,0.0,0.0,3838.65,3838.65,3254.21,-11.32,-0.43
2016-08-04,107.82,5.05,14.47,100.59,7.19,5.07,4.46,97.66,1,1,QLD,Hold QLD,No action,,Hold QLD while the Donchian20 signal remains 1.,0.0,0.0,3859.78,3859.78,3263.52,-10.83,-0.15
2016-08-05,108.86,5.15,13.77,100.67,8.13,5.07,4.6,117.55,1,1,QLD,Hold QLD,No action,,Hold QLD while the Donchian20 signal remains 1.,0.0,0.0,3933.06,3933.06,3294.84,-9.14,0.0
2016-08-08,108.74,5.14,14.06,100.75,7.93,5.15,4.66,98.01,1,1,QLD,Hold QLD,No action,,Hold QLD while the Donchian20 signal remains 1.,0.0,0.0,3925.55,3925.55,3291.17,-9.31,-0.11
2016-08-09,108.99,5.16,14.19,100.83,8.09,5.15,4.68,102.88,1,1,QLD,Hold QLD,No action,,Hold QLD while the Donchian20 signal remains 1.,0.0,0.0,3943.4,3943.4,3298.79,-8.9,0.0
2016-08-10,108.71,5.14,14.55,100.91,7.73,5.16,4.68,94.53,1,1,QLD,Hold QLD,No action,,Hold QLD while the Donchian20 signal remains 1.,0.0,0.0,3923.2,3923.2,3290.32,-9.37,-0.26
2016-08-11,109.18,5.18,14.31,100.99,8.1,5.16,4.73,103.79,1,1,QLD,Hold QLD,No action,,Hold QLD while the Donchian20 signal remains 1.,0.0,0.0,3956.08,3956.08,3304.43,-8.61,0.0
2016-08-12,109.25,5.19,13.99,101.07,8.09,5.18,4.73,101.49,1,1,QLD,Hold QLD,No action,,Hold QLD while the Donchian20 signal remains 1.,0.0,0.0,3961.25,3961.25,3306.69,-8.49,0.0
2016-08-15,109.72,5.23,14.01,101.16,8.46,5.19,4.75,110.2,1,1,QLD,Hold QLD,No action,,Hold QLD while the Donchian20 signal remains 1.,0.0,0.0,3995.07,3995.07,3320.79,-7.71,0.0
2016-08-16,109.11,5.17,14.92,101.24,7.77,5.23,4.75,88.05,1,1,QLD,Hold QLD,No action,,Hold QLD while the Donchian20 signal remains 1.,0.0,0.0,3951.38,3951.38,3302.45,-8.71,-0.55
2016-08-17,109.31,5.19,14.76,101.32,7.88,5.23,4.84,89.22,1,1,QLD,Hold QLD,No action,,Hold QLD while the Donchian20 signal remains 1.,0.0,0.0,3963.12,3963.12,3308.38,-8.44,-0.37
2016-08-18,109.33,5.2,14.15,101.4,7.82,5.23,4.84,90.49,1,1,QLD,Hold QLD,No action,,Hold QLD while the Donchian20 signal remains 1.,0.0,0.0,3966.88,3966.88,3309.23,-8.36,-0.35
2016-08-19,109.31,5.19,13.42,101.48,7.71,5.23,4.88,88.22,1,1,QLD,Hold QLD,No action,,Hold QLD while the Donchian20 signal remains 1.,0.0,0.0,3963.59,3963.59,3308.38,-8.43,-0.37
2016-08-22,109.39,5.2,14.0,101.56,7.71,5.23,4.88,89.91,1,1,QLD,Hold QLD,No action,,Hold QLD while the Donchian20 signal remains 1.,0.0,0.0,3968.29,3968.29,3310.92,-8.32,-0.3
2016-08-23,109.59,5.21,14.21,101.64,7.82,5.23,4.9,94.86,1,1,QLD,Hold QLD,No action,,Hold QLD while the Donchian20 signal remains 1.,0.0,0.0,3981.91,3981.91,3316.84,-8.01,-0.12
2016-08-24,108.88,5.15,15.26,101.71,7.05,5.23,4.96,68.62,1,1,QLD,Hold QLD,No action,,Hold QLD while the Donchian20 signal remains 1.,0.0,0.0,3929.77,3929.77,3295.4,-9.21,-0.76
2016-08-25,108.7,5.13,15.36,101.78,6.8,5.23,4.99,57.18,1,1,QLD,Hold QLD,No action,,Hold QLD while the Donchian20 signal remains 1.,0.0,0.0,3916.62,3916.62,3290.04,-9.52,-0.93
2016-08-26,108.86,5.15,15.16,101.85,6.88,5.23,4.99,63.85,1,1,QLD,Hold QLD,No action,,Hold QLD while the Donchian20 signal remains 1.,0.0,0.0,3928.83,3928.83,3294.84,-9.24,-0.78
2016-08-29,109.01,5.16,15.0,101.92,6.95,5.23,4.99,70.0,1,1,QLD,Hold QLD,No action,,Hold QLD while the Donchian20 signal remains 1.,0.0,0.0,3940.11,3940.11,3299.35,-8.97,-0.65
2016-08-30,108.65,5.13,15.11,101.99,6.54,5.23,4.99,55.9,1,1,QLD,Hold QLD,No action,,Hold QLD while the Donchian20 signal remains 1.,0.0,0.0,3914.27,3914.27,3288.63,-9.57,-0.97
2016-08-31,108.54,5.11,15.34,102.05,6.36,5.23,5.03,41.74,1,1,QLD,Hold QLD,No action,,Hold QLD while the Donchian20 signal remains 1.,0.0,0.0,3903.94,3903.94,3285.24,-9.81,-1.07
2016-09-01,108.82,5.14,15.39,102.12,6.56,5.23,5.05,47.57,1,1,QLD,Hold QLD,No action,,Hold QLD while the Donchian20 signal remains 1.,0.0,0.0,3924.14,3924.14,3293.71,-9.34,-0.82
2016-09-02,109.18,5.17,14.32,102.19,6.84,5.23,5.11,49.48,1,1,QLD,Hold QLD,No action,,Hold QLD while the Donchian20 signal remains 1.,0.0,0.0,3949.03,3949.03,3304.43,-8.77,-0.49
2016-09-06,109.86,5.24,14.32,102.27,7.42,5.23,5.11,104.12,1,1,QLD,Hold QLD,No action,,Hold QLD while the Donchian20 signal remains 1.,0.0,0.0,3998.82,3998.82,3325.03,-7.62,0.0
2016-09-07,109.92,5.25,13.89,102.34,7.41,5.24,5.11,106.93,1,1,QLD,Hold QLD,No action,,Hold QLD while the Donchian20 signal remains 1.,0.0,0.0,4005.4,4005.4,3327.0,-7.47,0.0
2016-09-08,109.28,5.18,14.48,102.41,6.7,5.25,5.11,52.31,1,1,QLD,Hold QLD,No action,,Hold QLD while the Donchian20 signal remains 1.,0.0,0.0,3957.02,3957.02,3307.53,-8.58,-0.59
2016-09-09,106.53,4.92,17.96,102.45,3.98,5.25,5.11,-145.37,1,0,QQQ,Hold QQQ,Reduce QLD to QQQ,QLD->QQQ_on_Donchian_exit,QLD closed below its prior 20-day low; the signal changed to 0 and the account reduced to QQQ.,0.0,3756.44,0.0,3756.44,3224.3,-13.22,-3.09
2016-09-12,108.44,5.09,15.31,102.51,5.78,5.25,4.92,53.4,0,0,QQQ,Hold QQQ,No action,,Hold QQQ after the Donchian exit while QQQ remains at or above EMA200.,0.0,3823.83,0.0,3823.83,3282.14,-11.66,-1.35
2016-09-13,107.47,5.01,17.95,102.56,4.79,5.25,4.92,26.6,0,0,QQQ,Hold QQQ,No action,,Hold QQQ after the Donchian exit while QQQ remains at or above EMA200.,0.0,3789.64,0.0,3789.64,3252.8,-12.45,-2.23
2016-09-14,107.98,5.06,18.3,102.62,5.23,5.25,4.92,42.08,0,0,QQQ,Hold QQQ,No action,,Hold QQQ after the Donchian exit while QQQ remains at or above EMA200.,0.0,3807.72,0.0,3807.72,3268.32,-12.03,-1.76
2016-09-15,109.66,5.21,16.39,102.69,6.79,5.25,4.92,90.0,0,0,QQQ,Hold QQQ,No action,,Hold QQQ after the Donchian exit while QQQ remains at or above EMA200.,0.0,3866.89,0.0,3866.89,3319.1,-10.67,-0.24
2016-09-16,109.61,5.21,15.14,102.75,6.67,5.25,4.92,87.92,0,0,QQQ,Hold QQQ,No action,,Hold QQQ after the Donchian exit while QQQ remains at or above EMA200.,0.0,3865.04,0.0,3865.04,3317.52,-10.71,-0.29
2016-09-19,109.13,5.16,16.11,102.82,6.14,5.25,4.92,73.58,0,0,QQQ,Hold QQQ,No action,,Hold QQQ after the Donchian exit while QQQ remains at or above EMA200.,0.0,3848.24,0.0,3848.24,3303.09,-11.1,-0.72
2016-09-20,109.34,5.18,16.55,102.88,6.27,5.25,4.92,79.43,0,0,QQQ,Hold QQQ,No action,,Hold QQQ after the Donchian exit while QQQ remains at or above EMA200.,0.0,3855.49,0.0,3855.49,3309.31,-10.93,-0.53
2016-09-21,110.41,5.28,14.98,102.96,7.24,5.25,4.92,110.19,0,1,QLD,Hold QLD,Buy QLD,toQLD,QLD closed above its prior 20-day high; the signal changed to 1 and the account moved fully into QLD.,0.0,0.0,3893.38,3893.38,3341.84,-10.05,0.0
2016-09-22,111.29,5.36,13.66,103.04,8.01,5.28,4.92,123.97,1,1,QLD,Hold QLD,No action,,Hold QLD while the Donchian20 signal remains 1.,0.0,0.0,3956.9,3956.9,3368.43,-8.59,0.0
2016-09-23,110.58,5.29,13.98,103.12,7.24,5.36,4.92,84.25,1,1,QLD,Hold QLD,No action,,Hold QLD while the Donchian20 signal remains 1.,0.0,0.0,3905.18,3905.18,3346.93,-9.78,-0.64
2016-09-26,109.65,5.21,16.44,103.18,6.27,5.36,4.92,64.64,1,1,QLD,Hold QLD,No action,,Hold QLD while the Donchian20 signal remains 1.,0.0,0.0,3840.75,3840.75,3318.93,-11.27,-1.47
2016-09-27,110.74,5.31,15.09,103.26,7.25,5.36,4.92,87.29,1,1,QLD,Hold QLD,No action,,Hold QLD while the Donchian20 signal remains 1.,0.0,0.0,3915.16,3915.16,3351.74,-9.55,-0.5
2016-09-28,110.93,5.33,15.03,103.33,7.35,5.36,4.92,91.85,1,1,QLD,Hold QLD,No action,,Hold QLD while the Donchian20 signal remains 1.,0.0,0.0,3930.13,3930.13,3357.4,-9.21,-0.33
2016-09-29,110.12,5.25,16.23,103.4,6.5,5.36,4.92,73.76,1,1,QLD,Hold QLD,No action,,Hold QLD while the Donchian20 signal remains 1.,0.0,0.0,3870.7,3870.7,3333.07,-10.58,-1.05
2016-09-30,110.94,5.32,15.45,103.47,7.22,5.36,4.92,90.75,1,1,QLD,Hold QLD,No action,,Hold QLD while the Donchian20 signal remains 1.,0.0,0.0,3926.5,3926.5,3357.96,-9.29,-0.31
2016-10-03,110.79,5.31,15.86,103.55,6.99,5.36,4.92,87.85,1,1,QLD,Hold QLD,No action,,Hold QLD while the Donchian20 signal remains 1.,0.0,0.0,3916.98,3916.98,3353.16,-9.51,-0.45
2016-10-04,110.62,5.3,16.25,103.62,6.75,5.36,4.92,84.67,1,1,QLD,Hold QLD,No action,,Hold QLD while the Donchian20 signal remains 1.,0.0,0.0,3906.54,3906.54,3348.06,-9.75,-0.6
2016-10-05,111.01,5.33,15.86,103.69,7.06,5.36,4.92,92.54,1,1,QLD,Hold QLD,No action,,Hold QLD while the Donchian20 signal remains 1.,0.0,0.0,3932.4,3932.4,3359.94,-9.15,-0.25
2016-10-06,110.95,5.33,15.7,103.76,6.93,5.36,4.92,91.71,1,1,QLD,Hold QLD,No action,,Hold QLD while the Donchian20 signal remains 1.,0.0,0.0,3929.68,3929.68,3358.25,-9.22,-0.3
2016-10-07,110.71,5.3,15.66,103.83,6.62,5.36,4.92,86.33,1,1,QLD,Hold QLD,No action,,Hold QLD while the Donchian20 signal remains 1.,0.0,0.0,3911.99,3911.99,3350.89,-9.62,-0.52
2016-10-10,111.41,5.37,15.5,103.91,7.22,5.36,5.01,100.69,1,1,QLD,Hold QLD,No action,,Hold QLD while the Donchian20 signal remains 1.,0.0,0.0,3958.72,3958.72,3372.11,-8.55,0.0
2016-10-11,109.82,5.21,17.02,103.97,5.63,5.37,5.01,57.24,1,1,QLD,Hold QLD,No action,,Hold QLD while the Donchian20 signal remains 1.,0.0,0.0,3844.83,3844.83,3324.02,-11.18,-1.43
2016-10-12,109.73,5.21,17.23,104.02,5.48,5.37,5.06,49.11,1,1,QLD,Hold QLD,No action,,Hold QLD while the Donchian20 signal remains 1.,0.0,0.0,3842.11,3842.11,3321.19,-11.24,-1.51
2016-10-13,109.34,5.17,17.65,104.08,5.05,5.37,5.16,5.92,1,1,QLD,Hold QLD,No action,,Hold QLD while the Donchian20 signal remains 1.,0.0,0.0,3814.44,3814.44,3309.31,-11.88,-1.86
2016-10-14,109.47,5.18,17.4,104.13,5.13,5.37,5.16,9.76,1,1,QLD,Hold QLD,No action,,Hold QLD while the Donchian20 signal remains 1.,0.0,0.0,3820.33,3820.33,3313.27,-11.74,-1.74
2016-10-17,109.17,5.15,17.58,104.18,4.79,5.37,5.16,-2.96,1,0,QQQ,Hold QQQ,Reduce QLD to QQQ,QLD->QQQ_on_Donchian_exit,QLD closed below its prior 20-day low; the signal changed to 0 and the account reduced to QQQ.,0.0,3800.82,0.0,3800.82,3304.22,-12.19,-2.01
2016-10-18,110.14,5.24,16.97,104.24,5.66,5.37,5.15,42.53,0,0,QQQ,Hold QQQ,No action,,Hold QQQ after the Donchian exit while QQQ remains at or above EMA200.,0.0,3834.66,0.0,3834.66,3333.64,-11.41,-1.14
2016-10-19,110.13,5.24,16.41,104.3,5.59,5.37,5.15,41.09,0,0,QQQ,Hold QQQ,No action,,Hold QQQ after the Donchian exit while QQQ remains at or above EMA200.,0.0,3834.33,0.0,3834.33,3333.36,-11.42,-1.15
2016-10-20,110.0,5.23,15.63,104.36,5.41,5.37,5.15,36.5,0,0,QQQ,Hold QQQ,No action,,Hold QQQ after the Donchian exit while QQQ remains at or above EMA200.,0.0,3829.78,0.0,3829.78,3329.4,-11.52,-1.27
2016-10-21,110.41,5.27,15.37,104.42,5.74,5.37,5.15,54.89,0,0,QQQ,Hold QQQ,No action,,Hold QQQ after the Donchian exit while QQQ remains at or above EMA200.,0.0,3844.1,0.0,3844.1,3341.84,-11.19,-0.9
2016-10-24,111.74,5.4,14.93,104.49,6.94,5.37,5.15,113.79,0,1,QLD,Hold QLD,Buy QLD,toQLD,QLD closed above its prior 20-day high; the signal changed to 1 and the account moved fully into QLD.,0.0,0.0,3890.3,3890.3,3382.01,-10.13,0.0
2016-10-25,111.38,5.36,15.88,104.56,6.53,5.4,5.15,84.6,1,1,QLD,Hold QLD,No action,,Hold QLD while the Donchian20 signal remains 1.,0.0,0.0,3863.25,3863.25,3371.26,-10.75,-0.32
2016-10-26,110.63,5.29,16.51,104.62,5.74,5.4,5.15,56.06,1,1,QLD,Hold QLD,No action,,Hold QLD while the Donchian20 signal remains 1.,0.0,0.0,3813.14,3813.14,3348.35,-11.91,-1.0
2016-10-27,110.12,5.24,17.33,104.67,5.21,5.4,5.15,36.87,1,1,QLD,Hold QLD,No action,,Hold QLD while the Donchian20 signal remains 1.,0.0,0.0,3779.44,3779.44,3333.07,-12.69,-1.45
2016-10-28,109.43,5.17,18.23,104.72,4.5,5.4,5.15,7.07,1,1,QLD,Hold QLD,No action,,Hold QLD while the Donchian20 signal remains 1.,0.0,0.0,3727.11,3727.11,3312.14,-13.9,-2.07
2016-10-31,109.33,5.16,19.32,104.77,4.35,5.4,5.15,3.03,1,1,QLD,Hold QLD,No action,,Hold QLD while the Donchian20 signal remains 1.,0.0,0.0,3720.01,3720.01,3309.03,-14.06,-2.16
2016-11-01,108.5,5.09,20.66,104.8,3.53,5.4,5.15,-27.27,1,0,QQQ,Hold QQQ,Reduce QLD to QQQ,QLD->QQQ_on_Donchian_exit,QLD closed below its prior 20-day low; the signal changed to 0 and the account reduced to QQQ.,0.0,3666.8,0.0,3666.8,3284.14,-15.29,-2.89
2016-11-02,107.64,5.0,21.24,104.83,2.68,5.4,5.09,-27.18,0,0,QQQ,Hold QQQ,No action,,Hold QQQ after the Donchian exit while QQQ remains at or above EMA200.,0.0,3637.43,0.0,3637.43,3257.84,-15.97,-3.67
2016-11-03,106.58,4.91,22.36,104.85,1.65,5.4,5.0,-24.34,0,0,QQQ,Hold QQQ,No action,,Hold QQQ after the Donchian exit while QQQ remains at or above EMA200.,0.0,3601.74,0.0,3601.74,3225.87,-16.79,-4.62
2016-11-04,106.21,4.87,23.03,104.86,1.28,5.4,4.91,-7.65,0,0,QQQ,Hold QQQ,No action,,Hold QQQ after the Donchian exit while QQQ remains at or above EMA200.,0.0,3589.11,0.0,3589.11,3214.56,-17.08,-4.95
2016-11-07,108.73,5.1,19.66,104.9,3.65,5.4,4.87,44.64,0,0,QQQ,Hold QQQ,No action,,Hold QQQ after the Donchian exit while QQQ remains at or above EMA200.,0.0,3674.38,0.0,3674.38,3290.93,-15.11,-2.69
2016-11-08,109.44,5.17,20.2,104.95,4.28,5.4,4.87,57.11,0,0,QQQ,Hold QQQ,No action,,Hold QQQ after the Donchian exit while QQQ remains at or above EMA200.,0.0,3698.38,0.0,3698.38,3312.42,-14.56,-2.06
2016-11-09,109.94,5.21,17.15,105.0,4.71,5.4,4.87,65.38,0,0,QQQ,Hold QQQ,No action,,Hold QQQ after the Donchian exit while QQQ remains at or above EMA200.,0.0,3715.44,0.0,3715.44,3327.7,-14.17,-1.61
2016-11-10,108.17,5.04,19.07,105.03,2.99,5.4,4.87,33.33,0,0,QQQ,Hold QQQ,No action,,Hold QQQ after the Donchian exit while QQQ remains at or above EMA200.,0.0,3655.43,0.0,3655.43,3273.96,-15.55,-3.19
2016-11-11,108.22,5.05,18.95,105.06,3.0,5.4,4.87,34.38,0,0,QQQ,Hold QQQ,No action,,Hold QQQ after the Donchian exit while QQQ remains at or above EMA200.,0.0,3657.01,0.0,3657.01,3275.37,-15.52,-3.15
2016-11-14,107.12,4.95,19.7,105.08,1.94,5.4,4.87,15.27,0,0,QQQ,Hold QQQ,No action,,Hold QQQ after the Donchian exit while QQQ remains at or above EMA200.,0.0,3620.06,0.0,3620.06,3242.28,-16.37,-4.13
2016-11-15,108.61,5.09,17.6,105.11,3.32,5.4,4.87,41.38,0,0,QQQ,Hold QQQ,No action,,Hold QQQ after the Donchian exit while QQQ remains at or above EMA200.,0.0,3670.27,0.0,3670.27,3287.25,-15.21,-2.8
2016-11-16,109.25,5.15,17.3,105.16,3.9,5.4,4.87,52.45,0,0,QQQ,Hold QQQ,No action,,Hold QQQ after the Donchian exit while QQQ remains at or above EMA200.,0.0,3692.07,0.0,3692.07,3306.77,-14.71,-2.22
2016-11-17,110.05,5.22,16.02,105.2,4.6,5.4,4.87,66.43,0,0,QQQ,Hold QQQ,No action,,Hold QQQ after the Donchian exit while QQQ remains at or above EMA200.,0.0,3718.91,0.0,3718.91,3330.81,-14.09,-1.51
2016-11-18,109.64,5.18,15.51,105.25,4.17,5.4,4.87,59.32,0,0,QQQ,Hold QQQ,No action,,Hold QQQ after the Donchian exit while QQQ remains at or above EMA200.,0.0,3705.01,0.0,3705.01,3318.36,-14.41,-1.88
2016-11-21,110.78,5.29,14.74,105.3,5.2,5.4,4.87,79.14,0,0,QQQ,Hold QQQ,No action,,Hold QQQ after the Donchian exit while QQQ remains at or above EMA200.,0.0,3743.54,0.0,3743.54,3352.87,-13.52,-0.86
2016-11-22,111.11,5.32,14.28,105.36,5.46,5.36,4.87,92.22,0,0,QQQ,Hold QQQ,No action,,Hold QQQ after the Donchian exit while QQQ remains at or above EMA200.,0.0,3754.91,0.0,3754.91,3363.05,-13.25,-0.56
2016-11-23,110.66,5.28,14.26,105.41,4.98,5.32,4.87,90.48,0,0,QQQ,Hold QQQ,No action,,Hold QQQ after the Donchian exit while QQQ remains at or above EMA200.,0.0,3739.75,0.0,3739.75,3349.48,-13.6,-0.96
2016-11-25,111.02,5.31,14.39,105.47,5.26,5.32,4.87,97.69,0,0,QQQ,Hold QQQ,No action,,Hold QQQ after the Donchian exit while QQQ remains at or above EMA200.,0.0,3751.75,0.0,3751.75,3360.23,-13.33,-0.64
2016-11-28,110.77,5.29,15.12,105.52,4.97,5.32,4.87,92.65,0,0,QQQ,Hold QQQ,No action,,Hold QQQ after the Donchian exit while QQQ remains at or above EMA200.,0.0,3743.23,0.0,3743.23,3352.59,-13.52,-0.87
2016-11-29,111.15,5.32,14.94,105.58,5.28,5.32,4.87,100.41,0,1,QLD,Hold QLD,Buy QLD,toQLD,QLD closed above its prior 20-day high; the signal changed to 1 and the account moved fully into QLD.,0.0,0.0,3756.17,3756.17,3364.19,-13.22,-0.53
2016-11-30,109.8,5.19,15.13,105.62,3.96,5.32,4.87,70.73,1,1,QLD,Hold QLD,No action,,Hold QLD while the Donchian20 signal remains 1.,0.0,0.0,3662.41,3662.41,3323.46,-15.39,-1.73
2016-12-01,107.91,5.02,17.18,105.64,2.14,5.32,4.87,32.38,1,1,QLD,Hold QLD,No action,,Hold QLD while the Donchian20 signal remains 1.,0.0,0.0,3539.56,3539.56,3266.04,-18.23,-3.43
2016-12-02,108.12,5.03,16.99,105.67,2.32,5.32,4.87,35.77,1,1,QLD,Hold QLD,No action,,Hold QLD while the Donchian20 signal remains 1.,0.0,0.0,3550.41,3550.41,3272.54,-17.98,-3.24
2016-12-05,108.96,5.11,15.87,105.7,3.09,5.32,4.87,52.85,1,1,QLD,Hold QLD,No action,,Hold QLD while the Donchian20 signal remains 1.,0.0,0.0,3605.11,3605.11,3298.0,-16.71,-2.48
2016-12-06,109.22,5.14,15.26,105.74,3.3,5.32,4.95,49.75,1,1,QLD,Hold QLD,No action,,Hold QLD while the Donchian20 signal remains 1.,0.0,0.0,3623.78,3623.78,3305.92,-16.28,-2.25
2016-12-07,110.61,5.26,15.2,105.78,4.56,5.32,4.95,84.18,1,1,QLD,Hold QLD,No action,,Hold QLD while the Donchian20 signal remains 1.,0.0,0.0,3714.5,3714.5,3347.78,-14.19,-1.01
2016-12-08,110.8,5.28,14.82,105.83,4.7,5.32,4.95,88.96,1,1,QLD,Hold QLD,No action,,Hold QLD while the Donchian20 signal remains 1.,0.0,0.0,3727.09,3727.09,3353.72,-13.9,-0.84
2016-12-09,111.67,5.36,14.27,105.89,5.46,5.32,4.95,111.04,1,1,QLD,Hold QLD,No action,,Hold QLD while the Donchian20 signal remains 1.,0.0,0.0,3785.26,3785.26,3380.03,-12.55,-0.06
2016-12-12,111.17,5.32,13.87,105.94,4.93,5.36,4.95,88.13,1,1,QLD,Hold QLD,No action,,Hold QLD while the Donchian20 signal remains 1.,0.0,0.0,3750.53,3750.53,3364.75,-13.35,-0.51
2016-12-13,112.57,5.45,14.33,106.01,6.19,5.36,4.95,120.62,1,1,QLD,Hold QLD,No action,,Hold QLD while the Donchian20 signal remains 1.,0.0,0.0,3845.59,3845.59,3407.18,-11.16,0.0
2016-12-14,112.34,5.43,14.53,106.07,5.9,5.45,5.02,94.33,1,1,QLD,Hold QLD,No action,,Hold QLD while the Donchian20 signal remains 1.,0.0,0.0,3828.23,3828.23,3400.11,-11.56,-0.21
2016-12-15,112.51,5.44,14.21,106.14,6.01,5.45,5.02,98.3,1,1,QLD,Hold QLD,No action,,Hold QLD while the Donchian20 signal remains 1.,0.0,0.0,3840.39,3840.39,3405.48,-11.28,-0.05
2016-12-16,112.1,5.41,13.23,106.2,5.56,5.45,5.02,89.93,1,1,QLD,Hold QLD,No action,,Hold QLD while the Donchian20 signal remains 1.,0.0,0.0,3814.78,3814.78,3392.86,-11.87,-0.42
2016-12-19,112.56,5.45,13.11,106.26,5.93,5.45,5.02,99.86,1,1,QLD,Hold QLD,No action,,Hold QLD while the Donchian20 signal remains 1.,0.0,0.0,3845.16,3845.16,3406.76,-11.17,-0.01
2016-12-20,112.99,5.49,13.08,106.33,6.26,5.45,5.02,109.65,1,1,QLD,Hold QLD,No action,,Hold QLD while the Donchian20 signal remains 1.,0.0,0.0,3875.11,3875.11,3419.81,-10.48,0.0
2016-12-21,112.9,5.48,13.26,106.39,6.12,5.49,5.02,97.53,1,1,QLD,Hold QLD,No action,,Hold QLD while the Donchian20 signal remains 1.,0.0,0.0,3866.82,3866.82,3417.26,-10.67,-0.07
2016-12-22,112.58,5.45,13.42,106.45,5.76,5.49,5.02,90.93,1,1,QLD,Hold QLD,No action,,Hold QLD while the Donchian20 signal remains 1.,0.0,0.0,3844.66,3844.66,3407.61,-11.18,-0.36
2016-12-23,112.66,5.45,13.24,106.52,5.77,5.49,5.02,92.22,1,1,QLD,Hold QLD,No action,,Hold QLD while the Donchian20 signal remains 1.,0.0,0.0,3849.01,3849.01,3409.88,-11.08,-0.29
2016-12-27,113.24,5.51,14.24,106.58,6.25,5.49,5.02,104.91,1,1,QLD,Hold QLD,No action,,Hold QLD while the Donchian20 signal remains 1.,0.0,0.0,3891.58,3891.58,3427.47,-10.1,0.0
2016-12-28,112.36,5.43,15.4,106.64,5.36,5.51,5.02,82.48,1,1,QLD,Hold QLD,No action,,Hold QLD while the Donchian20 signal remains 1.,0.0,0.0,3829.9,3829.9,3400.8,-11.52,-0.78
2016-12-29,112.2,5.41,15.56,106.7,5.16,5.51,5.02,78.78,1,1,QLD,Hold QLD,No action,,Hold QLD while the Donchian20 signal remains 1.,0.0,0.0,3816.86,3816.86,3395.98,-11.82,-0.92
2016-12-30,111.05,5.3,16.68,106.74,4.04,5.51,5.02,57.18,1,1,QLD,Hold QLD,No action,,Hold QLD while the Donchian20 signal remains 1.,0.0,0.0,3740.85,3740.85,3361.09,-13.58,-1.94
2017-01-03,112.04,5.39,16.06,106.79,4.92,5.51,5.03,74.79,1,1,QLD,Hold QLD,No action,,Hold QLD while the Donchian20 signal remains 1.,0.0,0.0,3805.57,3805.57,3391.16,-12.08,-1.06
2017-01-04,112.65,5.45,15.18,106.85,5.43,5.51,5.11,83.93,1,1,QLD,Hold QLD,No action,,Hold QLD while the Donchian20 signal remains 1.,0.0,0.0,3845.53,3845.53,3409.6,-11.16,-0.52
2017-01-05,113.29,5.51,14.63,106.91,5.96,5.51,5.14,98.86,1,1,QLD,Hold QLD,No action,,Hold QLD while the Donchian20 signal remains 1.,0.0,0.0,3888.54,3888.54,3428.89,-10.17,0.0
2017-01-06,114.28,5.61,13.85,106.99,6.82,5.51,5.26,136.8,1,1,QLD,Hold QLD,No action,,Hold QLD while the Donchian20 signal remains 1.,0.0,0.0,3956.73,3956.73,3458.96,-8.59,0.0
2017-01-09,114.66,5.64,14.22,107.06,7.09,5.61,5.28,111.54,1,1,QLD,Hold QLD,No action,,Hold QLD while the Donchian20 signal remains 1.,0.0,0.0,3983.23,3983.23,3470.3,-7.98,0.0
2017-01-10,114.91,5.67,14.13,107.14,7.25,5.64,5.3,107.17,1,1,QLD,Hold QLD,No action,,Hold QLD while the Donchian20 signal remains 1.,0.0,0.0,4000.61,4000.61,3477.96,-7.58,0.0
2017-01-11,115.22,5.7,13.94,107.22,7.46,5.67,5.3,107.19,1,1,QLD,Hold QLD,No action,,Hold QLD while the Donchian20 signal remains 1.,0.0,0.0,4019.28,4019.28,3487.33,-7.15,0.0
2017-01-12,115.04,5.68,13.86,107.3,7.21,5.7,5.3,95.63,1,1,QLD,Hold QLD,No action,,Hold QLD while the Donchian20 signal remains 1.,0.0,0.0,4007.12,4007.12,3481.94,-7.43,-0.15
2017-01-13,115.43,5.72,13.34,107.38,7.5,5.7,5.3,105.93,1,1,QLD,Hold QLD,No action,,Hold QLD while the Donchian20 signal remains 1.,0.0,0.0,4035.79,4035.79,3493.85,-6.76,0.0
2017-01-17,115.09,5.68,13.88,107.46,7.1,5.72,5.3,91.46,1,1,QLD,Hold QLD,No action,,Hold QLD while the Donchian20 signal remains 1.,0.0,0.0,4010.6,4010.6,3483.35,-7.35,-0.3
2017-01-18,115.32,5.71,13.51,107.54,7.24,5.72,5.3,97.64,1,1,QLD,Hold QLD,No action,,Hold QLD while the Donchian20 signal remains 1.,0.0,0.0,4028.84,4028.84,3490.45,-6.93,-0.1
2017-01-19,115.26,5.7,14.06,107.61,7.11,5.72,5.3,95.43,1,1,QLD,Hold QLD,No action,,Hold QLD while the Donchian20 signal remains 1.,0.0,0.0,4022.32,4022.32,3488.74,-7.08,-0.15
2017-01-20,115.52,5.73,13.04,107.69,7.27,5.72,5.3,101.47,1,1,QLD,Hold QLD,No action,,Hold QLD while the Donchian20 signal remains 1.,0.0,0.0,4040.13,4040.13,3496.4,-6.66,0.0
2017-01-23,115.61,5.73,13.49,107.77,7.28,5.73,5.3,102.03,1,1,QLD,Hold QLD,No action,,Hold QLD while the Donchian20 signal remains 1.,0.0,0.0,4046.21,4046.21,3499.24,-6.52,0.0
2017-01-24,116.39,5.81,12.64,107.86,7.91,5.73,5.3,118.07,1,1,QLD,Hold QLD,No action,,Hold QLD while the Donchian20 signal remains 1.,0.0,0.0,4101.38,4101.38,3522.78,-5.25,0.0
2017-01-25,117.56,5.93,12.65,107.95,8.9,5.81,5.3,122.65,1,1,QLD,Hold QLD,No action,,Hold QLD while the Donchian20 signal remains 1.,0.0,0.0,4183.04,4183.04,3558.25,-3.36,0.0
2017-01-26,117.68,5.94,12.64,108.05,8.92,5.93,5.3,101.47,1,1,QLD,Hold QLD,No action,,Hold QLD while the Donchian20 signal remains 1.,0.0,0.0,4189.56,4189.56,3561.93,-3.21,0.0
2017-01-27,117.91,5.96,12.3,108.15,9.03,5.94,5.3,103.58,1,1,QLD,Hold QLD,No action,,Hold QLD while the Donchian20 signal remains 1.,0.0,0.0,4205.63,4205.63,3568.74,-2.84,0.0
2017-01-30,116.99,5.87,13.71,108.24,8.09,5.96,5.3,86.45,1,1,QLD,Hold QLD,No action,,Hold QLD while the Donchian20 signal remains 1.,0.0,0.0,4142.65,4142.65,3540.94,-4.3,-0.78
2017-01-31,116.75,5.85,14.29,108.32,7.79,5.96,5.3,82.71,1,1,QLD,Hold QLD,No action,,Hold QLD while the Donchian20 signal remains 1.,0.0,0.0,4125.27,4125.27,3533.85,-4.7,-0.98
2017-02-01,117.56,5.93,13.09,108.41,8.44,5.96,5.39,93.92,1,1,QLD,Hold QLD,No action,,Hold QLD while the Donchian20 signal remains 1.,0.0,0.0,4181.31,4181.31,3558.25,-3.4,-0.29
2017-02-02,117.46,5.92,13.63,108.5,8.25,5.96,5.45,91.19,1,1,QLD,Hold QLD,No action,,Hold QLD while the Donchian20 signal remains 1.,0.0,0.0,4173.92,4173.92,3555.12,-3.57,-0.38
2017-02-03,117.8,5.95,12.78,108.59,8.47,5.96,5.51,96.85,1,1,QLD,Hold QLD,No action,,Hold QLD while the Donchian20 signal remains 1.,0.0,0.0,4195.64,4195.64,3565.34,-3.07,-0.1
2017-02-06,117.94,5.96,13.01,108.69,8.51,5.96,5.61,100.52,1,1,QLD,Hold QLD,No action,,Hold QLD while the Donchian20 signal remains 1.,0.0,0.0,4206.93,4206.93,3569.59,-2.81,0.0
2017-02-07,118.37,6.0,13.03,108.78,8.81,5.96,5.64,113.59,1,1,QLD,Hold QLD,No action,,Hold QLD while the Donchian20 signal remains 1.,0.0,0.0,4237.34,4237.34,3582.64,-2.11,0.0
2017-02-08,118.56,6.03,12.92,108.88,8.89,6.0,5.67,106.79,1,1,QLD,Hold QLD,No action,,Hold QLD while the Donchian20 signal remains 1.,0.0,0.0,4253.41,4253.41,3588.6,-1.74,0.0
2017-02-09,119.0,6.07,12.65,108.98,9.19,6.03,5.68,111.99,1,1,QLD,Hold QLD,No action,,Hold QLD while the Donchian20 signal remains 1.,0.0,0.0,4282.95,4282.95,3601.65,-1.05,0.0
2017-02-10,119.39,6.11,12.31,109.09,9.45,6.07,5.68,109.92,1,1,QLD,Hold QLD,No action,,Hold QLD while the Donchian20 signal remains 1.,0.0,0.0,4310.32,4310.32,3613.56,-0.42,0.0
2017-02-13,120.06,6.18,12.31,109.19,9.95,6.11,5.68,116.38,1,1,QLD,Hold QLD,No action,,Hold QLD while the Donchian20 signal remains 1.,0.0,0.0,4359.4,4359.4,3633.99,0.0,0.0
2017-02-14,120.47,6.22,12.31,109.31,10.21,6.18,5.68,107.97,1,1,QLD,Hold QLD,No action,,Hold QLD while the Donchian20 signal remains 1.,0.0,0.0,4387.2,4387.2,3646.19,0.0,0.0
2017-02-15,121.18,6.29,12.31,109.42,10.74,6.22,5.7,113.81,1,1,QLD,Hold QLD,No action,,Hold QLD while the Donchian20 signal remains 1.,0.0,0.0,4437.59,4437.59,3667.75,0.0,0.0
2017-02-16,121.14,6.29,12.31,109.54,10.59,6.29,5.7,99.69,1,1,QLD,Hold QLD,No action,,Hold QLD while the Donchian20 signal remains 1.,0.0,0.0,4436.28,4436.28,3666.61,-0.03,-0.03
2017-02-17,121.67,6.34,12.31,109.66,10.95,6.29,5.73,109.4,1,1,QLD,Hold QLD,No action,,Hold QLD while the Donchian20 signal remains 1.,0.0,0.0,4474.94,4474.94,3682.5,0.0,0.0
2017-02-21,122.27,6.4,12.31,109.79,11.37,6.34,5.73,109.93,1,1,QLD,Hold QLD,No action,,Hold QLD while the Donchian20 signal remains 1.,0.0,0.0,4517.51,4517.51,3700.65,0.0,0.0
2017-02-22,122.31,6.41,12.56,109.91,11.28,6.4,5.81,100.94,1,1,QLD,Hold QLD,No action,,Hold QLD while the Donchian20 signal remains 1.,0.0,0.0,4521.42,4521.42,3702.07,0.0,0.0
2017-02-23,121.85,6.36,13.29,110.03,10.75,6.41,5.85,91.78,1,1,QLD,Hold QLD,No action,,Hold QLD while the Donchian20 signal remains 1.,0.0,0.0,4488.84,4488.84,3688.17,-0.72,-0.38
2017-02-24,122.09,6.38,12.75,110.15,10.84,6.41,5.85,95.28,1,1,QLD,Hold QLD,No action,,Hold QLD while the Donchian20 signal remains 1.,0.0,0.0,4502.74,4502.74,3695.27,-0.41,-0.18
2017-02-27,122.24,6.4,13.19,110.27,10.85,6.41,5.85,98.46,1,1,QLD,Hold QLD,No action,,Hold QLD while the Donchian20 signal remains 1.,0.0,0.0,4515.34,4515.34,3699.81,-0.13,-0.06
2017-02-28,121.86,6.36,13.6,110.39,10.4,6.41,5.85,91.23,1,1,QLD,Hold QLD,No action,,Hold QLD while the Donchian20 signal remains 1.,0.0,0.0,4486.67,4486.67,3688.46,-0.77,-0.37
2017-03-01,123.19,6.5,12.9,110.51,11.47,6.41,5.85,115.79,1,1,QLD,Hold QLD,No action,,Hold QLD while the Donchian20 signal remains 1.,0.0,0.0,4583.97,4583.97,3728.74,0.0,0.0
2017-03-02,122.58,6.43,12.71,110.63,10.79,6.5,5.92,88.98,1,1,QLD,Hold QLD,No action,,Hold QLD while the Donchian20 signal remains 1.,0.0,0.0,4538.8,4538.8,3710.02,-0.99,-0.5
2017-03-03,122.8,6.45,11.77,110.75,10.88,6.5,5.92,92.8,1,1,QLD,Hold QLD,No action,,Hold QLD while the Donchian20 signal remains 1.,0.0,0.0,4554.44,4554.44,3716.83,-0.64,-0.32
2017-03-06,122.53,6.43,12.19,110.87,10.51,6.5,5.95,87.36,1,1,QLD,Hold QLD,No action,,Hold QLD while the Donchian20 signal remains 1.,0.0,0.0,4534.89,4534.89,3708.6,-1.07,-0.54
2017-03-07,122.32,6.4,12.13,110.99,10.21,6.5,5.96,82.14,1,1,QLD,Hold QLD,No action,,Hold QLD while the Donchian20 signal remains 1.,0.0,0.0,4516.65,4516.65,3702.36,-1.47,-0.71
2017-03-08,122.54,6.42,12.25,111.1,10.29,6.5,6.0,85.34,1,1,QLD,Hold QLD,No action,,Hold QLD while the Donchian20 signal remains 1.,0.0,0.0,4533.15,4533.15,3708.88,-1.11,-0.53
2017-03-09,122.63,6.43,12.47,111.22,10.26,6.5,6.03,86.47,1,1,QLD,Hold QLD,No action,,Hold QLD while the Donchian20 signal remains 1.,0.0,0.0,4539.23,4539.23,3711.72,-0.98,-0.46
2017-03-10,123.15,6.49,11.9,111.33,10.61,6.5,6.07,98.12,1,1,QLD,Hold QLD,No action,,Hold QLD while the Donchian20 signal remains 1.,0.0,0.0,4578.33,4578.33,3727.32,-0.12,-0.04
2017-03-13,123.35,6.51,11.19,111.45,10.68,6.5,6.11,103.02,1,1,QLD,Hold QLD,No action,,Hold QLD while the Donchian20 signal remains 1.,0.0,0.0,4592.23,4592.23,3733.56,0.0,0.0
2017-03-14,123.05,6.47,11.7,111.57,10.29,6.51,6.18,89.74,1,1,QLD,Hold QLD,No action,,Hold QLD while the Donchian20 signal remains 1.,0.0,0.0,4568.34,4568.34,3724.48,-0.52,-0.24
2017-03-15,123.81,6.55,11.28,111.69,10.85,6.51,6.22,116.1,1,1,QLD,Hold QLD,No action,,Hold QLD while the Donchian20 signal remains 1.,0.0,0.0,4625.24,4625.24,3747.46,0.0,0.0
2017-03-16,123.73,6.55,10.96,111.81,10.66,6.55,6.29,98.16,1,1,QLD,Hold QLD,No action,,Hold QLD while the Donchian20 signal remains 1.,0.0,0.0,4621.76,4621.76,3744.91,-0.08,-0.07
2017-03-17,123.69,6.54,10.57,111.93,10.5,6.55,6.29,93.56,1,1,QLD,Hold QLD,No action,,Hold QLD while the Donchian20 signal remains 1.,0.0,0.0,4613.08,4613.08,3743.6,-0.26,-0.1
2017-03-20,123.8,6.55,10.31,112.05,10.49,6.55,6.34,98.56,1,1,QLD,Hold QLD,No action,,Hold QLD while the Donchian20 signal remains 1.,0.0,0.0,4623.07,4623.07,3747.01,-0.05,-0.01
2017-03-21,121.92,6.36,12.5,112.15,8.72,6.55,6.36,-0.63,1,0,QQQ,Hold QQQ,Reduce QLD to QQQ,QLD->QQQ_on_Donchian_exit,QLD closed below its prior 20-day low; the signal changed to 0 and the account reduced to QQQ.,0.0,4485.8,0.0,4485.8,3690.16,-3.01,-1.53
2017-03-22,122.75,6.44,12.78,112.25,9.35,6.55,6.36,42.03,0,0,QQQ,Hold QQQ,No action,,Hold QQQ after the Donchian exit while QQQ remains at or above EMA200.,0.0,4516.21,0.0,4516.21,3715.18,-2.36,-0.86
2017-03-23,122.44,6.41,13.7,112.35,8.98,6.55,6.36,26.77,0,0,QQQ,Hold QQQ,No action,,Hold QQQ after the Donchian exit while QQQ remains at or above EMA200.,0.0,4504.81,0.0,4504.81,3705.79,-2.6,-1.11
2017-03-24,122.69,6.43,12.66,112.46,9.1,6.55,6.36,36.11,0,0,QQQ,Hold QQQ,No action,,Hold QQQ after the Donchian exit while QQQ remains at or above EMA200.,0.0,4514.14,0.0,4514.14,3713.47,-2.4,-0.91
2017-03-27,122.89,6.45,12.78,112.56,9.18,6.55,6.36,49.2,0,0,QQQ,Hold QQQ,No action,,Hold QQQ after the Donchian exit while QQQ remains at or above EMA200.,0.0,4521.4,0.0,4521.4,3719.44,-2.25,-0.75
2017-03-28,123.64,6.53,12.12,112.67,9.74,6.55,6.36,88.15,0,0,QQQ,Hold QQQ,No action,,Hold QQQ after the Donchian exit while QQQ remains at or above EMA200.,0.0,4549.04,0.0,4549.04,3742.18,-1.65,-0.14
2017-03-29,124.21,6.59,11.53,112.78,10.13,6.55,6.36,118.99,0,1,QLD,Hold QLD,Buy QLD,toQLD,QLD closed above its prior 20-day high; the signal changed to 1 and the account moved fully into QLD.,0.0,0.0,4570.12,4570.12,3759.52,-1.19,0.0
2017-03-30,124.42,6.61,11.54,112.9,10.2,6.59,6.36,107.86,1,1,QLD,Hold QLD,No action,,Hold QLD while the Donchian20 signal remains 1.,0.0,0.0,4582.93,4582.93,3765.78,-0.91,0.0
2017-03-31,124.33,6.6,11.75,113.01,10.02,6.61,6.36,97.33,1,1,QLD,Hold QLD,No action,,Hold QLD while the Donchian20 signal remains 1.,0.0,0.0,4578.23,4578.23,3763.22,-1.02,-0.07
2017-04-03,124.26,6.59,12.37,113.13,9.84,6.61,6.36,93.45,1,1,QLD,Hold QLD,No action,,Hold QLD while the Donchian20 signal remains 1.,0.0,0.0,4571.4,4571.4,3760.94,-1.16,-0.13
2017-04-04,124.46,6.61,12.15,113.24,9.91,6.61,6.36,100.73,1,1,QLD,Hold QLD,No action,,Hold QLD while the Donchian20 signal remains 1.,0.0,0.0,4584.2,4584.2,3766.91,-0.89,0.0
2017-04-05,123.95,6.56,13.14,113.34,9.35,6.61,6.36,80.24,1,1,QLD,Hold QLD,No action,,Hold QLD while the Donchian20 signal remains 1.,0.0,0.0,4549.2,4549.2,3751.56,-1.64,-0.41
2017-04-06,124.01,6.57,12.73,113.45,9.31,6.61,6.36,82.65,1,1,QLD,Hold QLD,No action,,Hold QLD while the Donchian20 signal remains 1.,0.0,0.0,4553.47,4553.47,3753.55,-1.55,-0.35
2017-04-07,123.95,6.56,13.49,113.56,9.15,6.61,6.36,80.0,1,1,QLD,Hold QLD,No action,,Hold QLD while the Donchian20 signal remains 1.,0.0,0.0,4548.78,4548.78,3751.56,-1.65,-0.41
2017-04-10,124.0,6.57,14.22,113.66,9.09,6.61,6.36,82.41,1,1,QLD,Hold QLD,No action,,Hold QLD while the Donchian20 signal remains 1.,0.0,0.0,4553.05,4553.05,3752.98,-1.56,-0.37
2017-04-11,123.46,6.51,15.13,113.76,8.53,6.61,6.36,60.47,1,1,QLD,Hold QLD,No action,,Hold QLD while the Donchian20 signal remains 1.,0.0,0.0,4514.2,4514.2,3736.78,-2.4,-0.8
2017-04-12,122.96,6.46,15.56,113.85,8.01,6.61,6.36,39.26,1,1,QLD,Hold QLD,No action,,Hold QLD while the Donchian20 signal remains 1.,0.0,0.0,4476.64,4476.64,3721.71,-3.21,-1.2
2017-04-13,122.47,6.4,15.9,113.93,7.5,6.61,6.36,17.81,1,1,QLD,Hold QLD,No action,,Hold QLD while the Donchian20 signal remains 1.,0.0,0.0,4438.66,4438.66,3706.93,-4.03,-1.59
2017-04-17,123.49,6.51,15.24,114.03,8.29,6.61,6.36,58.78,1,1,QLD,Hold QLD,No action,,Hold QLD while the Donchian20 signal remains 1.,0.0,0.0,4511.22,4511.22,3737.63,-2.47,-0.78
2017-04-18,123.3,6.49,15.47,114.12,8.04,6.61,6.36,52.28,1,1,QLD,Hold QLD,No action,,Hold QLD while the Donchian20 signal remains 1.,0.0,0.0,4499.69,4499.69,3731.95,-2.71,-0.93
2017-04-19,123.5,6.51,15.47,114.21,8.13,6.61,6.36,59.51,1,1,QLD,Hold QLD,No action,,Hold QLD while the Donchian20 signal remains 1.,0.0,0.0,4512.5,4512.5,3737.92,-2.44,-0.77
2017-04-20,124.53,6.61,14.46,114.32,8.93,6.61,6.4,100.0,1,1,QLD,Hold QLD,No action,,Hold QLD while the Donchian20 signal remains 1.,0.0,0.0,4584.2,4584.2,3769.19,-0.89,0.0
2017-04-21,124.5,6.61,14.87,114.42,8.81,6.61,6.4,100.0,1,1,QLD,Hold QLD,No action,,Hold QLD while the Donchian20 signal remains 1.,0.0,0.0,4584.2,4584.2,3768.33,-0.89,-0.02
2017-04-24,126.0,6.77,12.06,114.53,10.02,6.61,6.4,175.95,1,1,QLD,Hold QLD,No action,,Hold QLD while the Donchian20 signal remains 1.,0.0,0.0,4694.76,4694.76,3813.82,0.0,0.0
2017-04-25,126.92,6.87,12.01,114.66,10.69,6.77,6.4,126.67,1,1,QLD,Hold QLD,No action,,Hold QLD while the Donchian20 signal remains 1.,0.0,0.0,4763.05,4763.05,3841.39,0.0,0.0
2017-04-26,126.74,6.85,11.95,114.78,10.42,6.87,6.4,95.79,1,1,QLD,Hold QLD,No action,,Hold QLD while the Donchian20 signal remains 1.,0.0,0.0,4749.39,4749.39,3835.99,-0.29,-0.14
2017-04-27,127.5,6.93,11.11,114.9,10.96,6.87,6.4,112.89,1,1,QLD,Hold QLD,No action,,Hold QLD while the Donchian20 signal remains 1.,0.0,0.0,4804.88,4804.88,3859.02,0.0,0.0
2017-04-28,127.72,6.96,11.53,115.03,11.03,6.93,6.4,104.66,1,1,QLD,Hold QLD,No action,,Hold QLD while the Donchian20 signal remains 1.,0.0,0.0,4821.95,4821.95,3865.84,0.0,0.0
2017-05-01,128.86,7.07,12.2,115.17,11.89,6.96,6.4,121.27,1,1,QLD,Hold QLD,No action,,Hold QLD while the Donchian20 signal remains 1.,0.0,0.0,4903.48,4903.48,3900.24,0.0,0.0
2017-05-02,129.08,7.1,12.95,115.31,11.94,7.07,6.4,104.32,1,1,QLD,Hold QLD,No action,,Hold QLD while the Donchian20 signal remains 1.,0.0,0.0,4923.54,4923.54,3906.78,0.0,0.0
2017-05-03,128.66,7.06,11.98,115.44,11.45,7.1,6.4,93.4,1,1,QLD,Hold QLD,No action,,Hold QLD while the Donchian20 signal remains 1.,0.0,0.0,4891.53,4891.53,3894.27,-0.65,-0.32
2017-05-04,128.71,7.06,12.18,115.57,11.37,7.1,6.4,94.1,1,1,QLD,Hold QLD,No action,,Hold QLD while the Donchian20 signal remains 1.,0.0,0.0,4894.94,4894.94,3895.69,-0.58,-0.28
2017-05-05,129.18,7.11,12.31,115.71,11.64,7.1,6.4,101.32,1,1,QLD,Hold QLD,No action,,Hold QLD while the Donchian20 signal remains 1.,0.0,0.0,4929.94,4929.94,3909.9,0.0,0.0
2017-05-08,129.46,7.14,11.86,115.84,11.75,7.11,6.4,104.34,1,1,QLD,Hold QLD,No action,,Hold QLD while the Donchian20 signal remains 1.,0.0,0.0,4951.28,4951.28,3918.43,0.0,0.0
2017-05-09,129.91,7.19,12.67,115.98,12.01,7.14,6.4,106.83,1,1,QLD,Hold QLD,No action,,Hold QLD while the Donchian20 signal remains 1.,0.0,0.0,4986.28,4986.28,3932.08,0.0,0.0
2017-05-10,129.99,7.2,12.34,116.12,11.94,7.19,6.4,100.78,1,1,QLD,Hold QLD,No action,,Hold QLD while the Donchian20 signal remains 1.,0.0,0.0,4990.55,4990.55,3934.35,0.0,0.0
2017-05-11,129.88,7.19,12.76,116.26,11.72,7.2,6.4,98.53,1,1,QLD,Hold QLD,No action,,Hold QLD while the Donchian20 signal remains 1.,0.0,0.0,4982.44,4982.44,3931.22,-0.16,-0.08
2017-05-12,130.18,7.22,12.3,116.4,11.83,7.2,6.4,102.63,1,1,QLD,Hold QLD,No action,,Hold QLD while the Donchian20 signal remains 1.,0.0,0.0,5005.06,5005.06,3940.04,0.0,0.0
2017-05-15,130.59,7.26,12.03,116.54,12.05,7.22,6.49,106.08,1,1,QLD,Hold QLD,No action,,Hold QLD while the Donchian20 signal remains 1.,0.0,0.0,5035.8,5035.8,3952.54,0.0,0.0
2017-05-16,131.13,7.33,11.59,116.69,12.38,7.26,6.49,108.12,1,1,QLD,Hold QLD,No action,,Hold QLD while the Donchian20 signal remains 1.,0.0,0.0,5079.33,5079.33,3969.03,0.0,0.0
2017-05-17,127.8,6.95,16.46,116.8,9.42,7.33,6.51,54.07,1,1,QLD,Hold QLD,No action,,Hold QLD while the Donchian20 signal remains 1.,0.0,0.0,4818.96,4818.96,3868.11,-5.13,-2.54
2017-05-18,128.92,7.07,15.66,116.92,10.26,7.33,6.61,63.97,1,1,QLD,Hold QLD,No action,,Hold QLD while the Donchian20 signal remains 1.,0.0,0.0,4900.92,4900.92,3901.94,-3.51,-1.69
2017-05-19,129.46,7.13,13.86,117.04,10.61,7.33,6.61,72.84,1,1,QLD,Hold QLD,No action,,Hold QLD while the Donchian20 signal remains 1.,0.0,0.0,4944.88,4944.88,3918.43,-2.65,-1.27
2017-05-22,130.55,7.25,12.88,117.18,11.41,7.33,6.77,86.68,1,1,QLD,Hold QLD,No action,,Hold QLD while the Donchian20 signal remains 1.,0.0,0.0,5028.11,5028.11,3951.41,-1.01,-0.44
2017-05-23,130.68,7.26,12.75,117.31,11.4,7.33,6.85,86.93,1,1,QLD,Hold QLD,No action,,Hold QLD while the Donchian20 signal remains 1.,0.0,0.0,5036.22,5036.22,3955.39,-0.85,-0.34
2017-05-24,131.28,7.33,12.37,117.45,11.78,7.33,6.85,101.42,1,1,QLD,Hold QLD,No action,,Hold QLD while the Donchian20 signal remains 1.,0.0,0.0,5084.03,5084.03,3973.58,0.0,0.0
2017-05-25,132.4,7.45,12.58,117.6,12.59,7.33,6.93,130.12,1,1,QLD,Hold QLD,No action,,Hold QLD while the Donchian20 signal remains 1.,0.0,0.0,5168.12,5168.12,4007.41,0.0,0.0
2017-05-26,132.64,7.48,12.26,117.75,12.64,7.45,6.95,105.13,1,1,QLD,Hold QLD,No action,,Hold QLD while the Donchian20 signal remains 1.,0.0,0.0,5186.04,5186.04,4014.52,0.0,0.0
2017-05-30,132.75,7.49,12.9,117.9,12.6,7.48,6.95,102.67,1,1,QLD,Hold QLD,No action,,Hold QLD while the Donchian20 signal remains 1.,0.0,0.0,5195.86,5195.86,4017.93,0.0,0.0
2017-05-31,132.7,7.49,12.94,118.04,12.42,7.49,6.95,98.3,1,1,QLD,Hold QLD,No action,,Hold QLD while the Donchian20 signal remains 1.,0.0,0.0,5189.46,5189.46,4016.51,-0.12,-0.04
2017-06-01,133.22,7.55,12.69,118.2,12.71,7.49,6.95,110.31,1,1,QLD,Hold QLD,No action,,Hold QLD while the Donchian20 signal remains 1.,0.0,0.0,5234.7,5234.7,4032.14,0.0,0.0
2017-06-02,134.74,7.71,12.91,118.36,13.84,7.55,6.95,127.31,1,1,QLD,Hold QLD,No action,,Hold QLD while the Donchian20 signal remains 1.,0.0,0.0,5348.24,5348.24,4078.19,0.0,0.0
2017-06-05,134.71,7.71,13.2,118.52,13.66,7.71,6.95,99.84,1,1,QLD,Hold QLD,No action,,Hold QLD while the Donchian20 signal remains 1.,0.0,0.0,5347.39,5347.39,4077.34,-0.02,-0.02
2017-06-06,134.18,7.66,13.96,118.68,13.06,7.71,6.95,92.42,1,1,QLD,Hold QLD,No action,,Hold QLD while the Donchian20 signal remains 1.,0.0,0.0,5308.12,5308.12,4061.14,-0.75,-0.42
2017-06-07,134.7,7.71,14.05,118.84,13.35,7.71,6.95,99.6,1,1,QLD,Hold QLD,No action,,Hold QLD while the Donchian20 signal remains 1.,0.0,0.0,5346.11,5346.11,4077.06,-0.04,-0.03
2017-06-08,134.84,7.73,13.66,119.0,13.32,7.71,6.95,101.94,1,1,QLD,Hold QLD,No action,,Hold QLD while the Donchian20 signal remains 1.,0.0,0.0,5358.48,5358.48,4081.32,0.0,0.0
2017-06-09,131.47,7.34,18.13,119.12,10.37,7.73,6.95,50.08,1,1,QLD,Hold QLD,No action,,Hold QLD while the Donchian20 signal remains 1.,0.0,0.0,5089.15,5089.15,3979.27,-5.03,-2.5
2017-06-12,130.77,7.26,16.98,119.24,9.67,7.73,6.95,39.64,1,1,QLD,Hold QLD,No action,,Hold QLD while the Donchian20 signal remains 1.,0.0,0.0,5032.81,5032.81,3957.94,-6.08,-3.02
2017-06-13,131.83,7.38,15.1,119.36,10.44,7.73,6.95,54.75,1,1,QLD,Hold QLD,No action,,Hold QLD while the Donchian20 signal remains 1.,0.0,0.0,5114.33,5114.33,3990.07,-4.56,-2.24
2017-06-14,131.26,7.31,16.01,119.48,9.85,7.73,6.95,46.28,1,1,QLD,Hold QLD,No action,,Hold QLD while the Donchian20 signal remains 1.,0.0,0.0,5068.66,5068.66,3972.73,-5.41,-2.66
2017-06-15,130.67,7.24,16.2,119.59,9.27,7.73,6.95,37.5,1,1,QLD,Hold QLD,No action,,Hold QLD while the Donchian20 signal remains 1.,0.0,0.0,5021.28,5021.28,3955.1,-6.29,-3.09
2017-06-16,130.11,7.19,16.3,119.7,8.7,7.73,7.07,18.38,1,1,QLD,Hold QLD,No action,,Hold QLD while the Donchian20 signal remains 1.,0.0,0.0,4985.0,4985.0,3937.94,-6.97,-3.51
2017-06-19,132.28,7.42,14.6,119.82,10.4,7.73,7.13,48.4,1,1,QLD,Hold QLD,No action,,Hold QLD while the Donchian20 signal remains 1.,0.0,0.0,5145.07,5145.07,4003.79,-3.98,-1.9
2017-06-20,131.25,7.31,15.29,119.94,9.43,7.73,7.19,21.71,1,1,QLD,Hold QLD,No action,,Hold QLD while the Donchian20 signal remains 1.,0.0,0.0,5066.1,5066.1,3972.43,-5.46,-2.67
2017-06-21,132.55,7.45,14.76,120.06,10.4,7.73,7.19,48.2,1,1,QLD,Hold QLD,No action,,Hold QLD while the Donchian20 signal remains 1.,0.0,0.0,5165.01,5165.01,4011.77,-3.61,-1.7
2017-06-22,132.51,7.44,14.8,120.19,10.25,7.73,7.19,47.17,1,1,QLD,Hold QLD,No action,,Hold QLD while the Donchian20 signal remains 1.,0.0,0.0,5161.16,5161.16,4010.63,-3.68,-1.73
2017-06-23,133.02,7.5,14.47,120.31,10.56,7.73,7.19,57.34,1,1,QLD,Hold QLD,No action,,Hold QLD while the Donchian20 signal remains 1.,0.0,0.0,5199.16,5199.16,4026.02,-2.97,-1.35
2017-06-26,132.39,7.43,15.44,120.43,9.93,7.73,7.19,44.88,1,1,QLD,Hold QLD,No action,,Hold QLD while the Donchian20 signal remains 1.,0.0,0.0,5152.63,5152.63,4007.21,-3.84,-1.82
2017-06-27,129.99,7.16,17.26,120.53,7.85,7.73,7.19,-5.18,1,0,QQQ,Hold QQQ,Reduce QLD to QQQ,QLD->QQQ_on_Donchian_exit,QLD closed below its prior 20-day low; the signal changed to 0 and the account reduced to QQQ.,0.0,4965.66,0.0,4965.66,3934.52,-7.33,-3.6
2017-06-28,131.87,7.36,16.05,120.64,9.31,7.73,7.16,35.21,0,0,QQQ,Hold QQQ,No action,,Hold QQQ after the Donchian exit while QQQ remains at or above EMA200.,0.0,5037.25,0.0,5037.25,3991.25,-5.99,-2.21
2017-06-29,129.58,7.11,18.43,120.73,7.33,7.73,7.16,-9.45,0,0,QQQ,Hold QQQ,No action,,Hold QQQ after the Donchian exit while QQQ remains at or above EMA200.,0.0,4949.83,0.0,4949.83,3921.98,-7.63,-3.9
2017-06-30,129.63,7.1,17.61,120.82,7.29,7.73,7.11,-1.39,0,0,QQQ,Hold QQQ,No action,,Hold QQQ after the Donchian exit while QQQ remains at or above EMA200.,0.0,4951.63,0.0,4951.63,3923.41,-7.59,-3.87
2017-07-03,128.26,6.96,18.74,120.89,6.09,7.73,7.1,-21.64,0,0,QQQ,Hold QQQ,No action,,Hold QQQ after the Donchian exit while QQQ remains at or above EMA200.,0.0,4899.47,0.0,4899.47,3882.07,-8.57,-4.88
2017-07-05,129.52,7.1,17.26,120.98,7.06,7.73,6.96,17.71,0,0,QQQ,Hold QQQ,No action,,Hold QQQ after the Donchian exit while QQQ remains at or above EMA200.,0.0,4947.67,0.0,4947.67,3920.27,-7.67,-3.95
2017-07-06,128.35,6.97,18.0,121.05,6.03,7.73,6.96,0.72,0,0,QQQ,Hold QQQ,No action,,Hold QQQ after the Donchian exit while QQQ remains at or above EMA200.,0.0,4903.06,0.0,4903.06,3884.92,-8.5,-4.81
2017-07-07,129.74,7.12,16.81,121.14,7.1,7.73,6.96,19.72,0,0,QQQ,Hold QQQ,No action,,Hold QQQ after the Donchian exit while QQQ remains at or above EMA200.,0.0,4955.95,0.0,4955.95,3926.82,-7.51,-3.79
2017-07-10,130.59,7.21,16.7,121.23,7.72,7.5,6.96,46.61,0,0,QQQ,Hold QQQ,No action,,Hold QQQ after the Donchian exit while QQQ remains at or above EMA200.,0.0,4988.33,0.0,4988.33,3952.48,-6.91,-3.16
2017-07-11,130.95,7.25,16.42,121.33,7.93,7.5,6.96,53.97,0,0,QQQ,Hold QQQ,No action,,Hold QQQ after the Donchian exit while QQQ remains at or above EMA200.,0.0,5002.35,0.0,5002.35,3963.6,-6.65,-2.88
2017-07-12,132.51,7.43,15.1,121.44,9.11,7.5,6.96,86.77,0,0,QQQ,Hold QQQ,No action,,Hold QQQ after the Donchian exit while QQQ remains at or above EMA200.,0.0,5061.71,0.0,5061.71,4010.63,-5.54,-1.73
2017-07-13,132.8,7.46,14.62,121.55,9.25,7.5,6.96,92.52,0,0,QQQ,Hold QQQ,No action,,Hold QQQ after the Donchian exit while QQQ remains at or above EMA200.,0.0,5072.87,0.0,5072.87,4019.47,-5.33,-1.52
2017-07-14,133.84,7.57,13.8,121.68,10.0,7.5,6.96,113.69,0,1,QLD,Hold QLD,Buy QLD,toQLD,QLD closed above its prior 20-day high; the signal changed to 1 and the account moved fully into QLD.,0.0,0.0,5112.8,5112.8,4051.11,-4.58,-0.74
2017-07-17,133.91,7.58,14.5,121.8,9.95,7.57,6.96,101.32,1,1,QLD,Hold QLD,No action,,Hold QLD while the Donchian20 signal remains 1.,0.0,0.0,5118.2,5118.2,4053.1,-4.48,-0.69
2017-07-18,134.81,7.68,13.9,121.93,10.56,7.58,6.96,116.78,1,1,QLD,Hold QLD,No action,,Hold QLD while the Donchian20 signal remains 1.,0.0,0.0,5188.04,5188.04,4080.18,-3.18,-0.03
2017-07-19,135.6,7.77,13.95,122.06,11.09,7.68,6.96,112.32,1,1,QLD,Hold QLD,No action,,Hold QLD while the Donchian20 signal remains 1.,0.0,0.0,5247.9,5247.9,4104.13,-2.06,0.0
2017-07-20,135.78,7.79,14.36,122.2,11.11,7.77,6.96,102.44,1,1,QLD,Hold QLD,No action,,Hold QLD while the Donchian20 signal remains 1.,0.0,0.0,5261.21,5261.21,4109.54,-1.82,0.0
2017-07-21,135.72,7.78,14.36,122.33,10.94,7.79,6.96,98.66,1,1,QLD,Hold QLD,No action,,Hold QLD while the Donchian20 signal remains 1.,0.0,0.0,5253.72,5253.72,4107.83,-1.96,-0.04
2017-07-24,136.34,7.85,14.59,122.47,11.32,7.79,6.96,106.99,1,1,QLD,Hold QLD,No action,,Hold QLD while the Donchian20 signal remains 1.,0.0,0.0,5300.28,5300.28,4126.64,-1.09,0.0
2017-07-25,135.99,7.82,13.82,122.61,10.92,7.85,6.96,96.25,1,1,QLD,Hold QLD,No action,,Hold QLD while the Donchian20 signal remains 1.,0.0,0.0,5277.83,5277.83,4116.1,-1.51,-0.26
2017-07-26,136.43,7.87,13.89,122.74,11.15,7.85,6.96,101.67,1,1,QLD,Hold QLD,No action,,Hold QLD while the Donchian20 signal remains 1.,0.0,0.0,5310.26,5310.26,4129.49,-0.9,0.0
2017-07-27,135.58,7.77,15.89,122.87,10.34,7.87,6.96,89.75,1,1,QLD,Hold QLD,No action,,Hold QLD while the Donchian20 signal remains 1.,0.0,0.0,5247.9,5247.9,4103.56,-2.06,-0.63
2017-07-28,135.46,7.75,15.91,123.0,10.14,7.87,6.96,87.42,1,1,QLD,Hold QLD,No action,,Hold QLD while the Donchian20 signal remains 1.,0.0,0.0,5233.77,5233.77,4100.13,-2.33,-0.71
2017-07-31,134.89,7.68,15.87,123.12,9.56,7.87,6.96,79.77,1,1,QLD,Hold QLD,No action,,Hold QLD while the Donchian20 signal remains 1.,0.0,0.0,5187.21,5187.21,4082.75,-3.2,-1.13
2017-08-01,135.2,7.72,14.83,123.24,9.71,7.87,6.96,83.46,1,1,QLD,Hold QLD,No action,,Hold QLD while the Donchian20 signal remains 1.,0.0,0.0,5209.66,5209.66,4092.15,-2.78,-0.9
2017-08-02,135.57,7.76,14.61,123.36,9.9,7.87,6.97,88.03,1,1,QLD,Hold QLD,No action,,Hold QLD while the Donchian20 signal remains 1.,0.0,0.0,5237.93,5237.93,4103.27,-2.25,-0.64
2017-08-03,135.04,7.71,14.69,123.48,9.37,7.87,6.97,82.26,1,1,QLD,Hold QLD,No action,,Hold QLD while the Donchian20 signal remains 1.,0.0,0.0,5203.01,5203.01,4087.31,-2.9,-1.02
2017-08-04,135.29,7.73,14.09,123.59,9.46,7.87,7.12,81.44,1,1,QLD,Hold QLD,No action,,Hold QLD while the Donchian20 signal remains 1.,0.0,0.0,5216.31,5216.31,4094.72,-2.65,-0.84
2017-08-07,136.14,7.82,14.21,123.72,10.04,7.87,7.21,93.01,1,1,QLD,Hold QLD,No action,,Hold QLD while the Donchian20 signal remains 1.,0.0,0.0,5279.5,5279.5,4120.66,-1.47,-0.21
2017-08-08,135.91,7.8,15.23,123.84,9.74,7.87,7.25,88.93,1,1,QLD,Hold QLD,No action,,Hold QLD while the Donchian20 signal remains 1.,0.0,0.0,5264.53,5264.53,4113.53,-1.75,-0.39
2017-08-09,135.73,7.78,15.43,123.96,9.5,7.87,7.43,79.41,1,1,QLD,Hold QLD,No action,,Hold QLD while the Donchian20 signal remains 1.,0.0,0.0,5249.57,5249.57,4108.12,-2.03,-0.52
2017-08-10,132.82,7.44,19.06,124.05,7.07,7.87,7.46,-5.31,1,0,QQQ,Hold QQQ,Reduce QLD to QQQ,QLD->QQQ_on_Donchian_exit,QLD closed below its prior 20-day low; the signal changed to 0 and the account reduced to QQQ.,0.0,5021.76,0.0,5021.76,4020.04,-6.28,-2.65
2017-08-11,133.83,7.55,17.77,124.14,7.8,7.87,7.44,26.23,0,0,QQQ,Hold QQQ,No action,,Hold QQQ after the Donchian exit while QQQ remains at or above EMA200.,0.0,5059.86,0.0,5059.86,4050.54,-5.57,-1.91
2017-08-14,135.55,7.75,15.06,124.26,9.09,7.87,7.44,72.05,0,0,QQQ,Hold QQQ,No action,,Hold QQQ after the Donchian exit while QQQ remains at or above EMA200.,0.0,5125.02,0.0,5125.02,4102.7,-4.36,-0.65
2017-08-15,135.64,7.76,14.36,124.37,9.06,7.87,7.44,74.35,0,0,QQQ,Hold QQQ,No action,,Hold QQQ after the Donchian exit while QQQ remains at or above EMA200.,0.0,5128.58,0.0,5128.58,4105.55,-4.29,-0.58
2017-08-16,135.88,7.79,14.22,124.48,9.15,7.87,7.44,81.27,0,0,QQQ,Hold QQQ,No action,,Hold QQQ after the Donchian exit while QQQ remains at or above EMA200.,0.0,5137.48,0.0,5137.48,4112.68,-4.12,-0.41
2017-08-17,133.1,7.47,18.6,124.57,6.85,7.87,7.44,6.92,0,0,QQQ,Hold QQQ,No action,,Hold QQQ after the Donchian exit while QQQ remains at or above EMA200.,0.0,5032.44,0.0,5032.44,4028.59,-6.08,-2.44
2017-08-18,133.01,7.45,17.85,124.65,6.7,7.87,7.44,2.31,0,0,QQQ,Hold QQQ,No action,,Hold QQQ after the Donchian exit while QQQ remains at or above EMA200.,0.0,5028.88,0.0,5028.88,4025.74,-6.15,-2.51
2017-08-21,132.84,7.44,17.37,124.74,6.5,7.87,7.44,0.29,0,0,QQQ,Hold QQQ,No action,,Hold QQQ after the Donchian exit while QQQ remains at or above EMA200.,0.0,5022.47,0.0,5022.47,4020.61,-6.27,-2.64
2017-08-22,134.86,7.66,15.21,124.84,8.03,7.87,7.44,52.16,0,0,QQQ,Hold QQQ,No action,,Hold QQQ after the Donchian exit while QQQ remains at or above EMA200.,0.0,5099.02,0.0,5099.02,4081.89,-4.84,-1.15
2017-08-23,134.38,7.6,15.8,124.93,7.56,7.87,7.44,38.62,0,0,QQQ,Hold QQQ,No action,,Hold QQQ after the Donchian exit while QQQ remains at or above EMA200.,0.0,5080.86,0.0,5080.86,4067.35,-5.18,-1.5
2017-08-24,133.99,7.56,15.97,125.02,7.17,7.82,7.44,32.9,0,0,QQQ,Hold QQQ,No action,,Hold QQQ after the Donchian exit while QQQ remains at or above EMA200.,0.0,5065.91,0.0,5065.91,4055.38,-5.46,-1.79
2017-08-25,133.7,7.53,15.52,125.11,6.87,7.82,7.44,23.87,0,0,QQQ,Hold QQQ,No action,,Hold QQQ after the Donchian exit while QQQ remains at or above EMA200.,0.0,5055.22,0.0,5055.22,4046.83,-5.66,-2.0
2017-08-28,134.12,7.57,15.18,125.2,7.13,7.82,7.44,33.87,0,0,QQQ,Hold QQQ,No action,,Hold QQQ after the Donchian exit while QQQ remains at or above EMA200.,0.0,5070.89,0.0,5070.89,4059.37,-5.37,-1.7
2017-08-29,134.65,7.63,15.98,125.29,7.47,7.82,7.44,50.32,0,0,QQQ,Hold QQQ,No action,,Hold QQQ after the Donchian exit while QQQ remains at or above EMA200.,0.0,5090.83,0.0,5090.83,4075.34,-4.99,-1.31
2017-08-30,136.23,7.81,15.12,125.4,8.63,7.82,7.44,98.06,0,0,QQQ,Hold QQQ,No action,,Hold QQQ after the Donchian exit while QQQ remains at or above EMA200.,0.0,5150.66,0.0,5150.66,4123.22,-3.88,-0.15
2017-08-31,137.69,7.96,14.33,125.52,9.69,7.82,7.44,136.13,0,1,QLD,Hold QLD,Buy QLD,toQLD,QLD closed above its prior 20-day high; the signal changed to 1 and the account moved fully into QLD.,0.0,0.0,5205.85,5205.85,4167.41,-2.85,0.0
2017-09-01,137.5,7.96,14.1,125.64,9.44,7.96,7.44,99.76,1,1,QLD,Hold QLD,No action,,Hold QLD while the Donchian20 signal remains 1.,0.0,0.0,5205.04,5205.04,4161.7,-2.86,-0.14
2017-09-05,136.27,7.81,16.13,125.75,8.36,7.96,7.44,71.56,1,1,QLD,Hold QLD,No action,,Hold QLD while the Donchian20 signal remains 1.,0.0,0.0,5109.17,5109.17,4124.37,-4.65,-1.03
2017-09-06,136.68,7.86,15.56,125.86,8.6,7.96,7.44,80.33,1,1,QLD,Hold QLD,No action,,Hold QLD while the Donchian20 signal remains 1.,0.0,0.0,5138.98,5138.98,4136.91,-4.1,-0.73
2017-09-07,137.0,7.89,15.4,125.97,8.76,7.96,7.44,87.68,1,1,QLD,Hold QLD,No action,,Hold QLD while the Donchian20 signal remains 1.,0.0,0.0,5163.96,5163.96,4146.6,-3.63,-0.5
2017-09-08,135.81,7.76,16.07,126.06,7.73,7.96,7.44,61.85,1,1,QLD,Hold QLD,No action,,Hold QLD while the Donchian20 signal remains 1.,0.0,0.0,5076.15,5076.15,4110.68,-5.27,-1.36
2017-09-11,137.38,7.93,14.07,126.18,8.88,7.96,7.44,94.06,1,1,QLD,Hold QLD,No action,,Hold QLD while the Donchian20 signal remains 1.,0.0,0.0,5185.71,5185.71,4158.0,-3.22,-0.23
2017-09-12,137.71,7.97,13.37,126.29,9.04,7.96,7.44,102.61,1,1,QLD,Hold QLD,No action,,Hold QLD while the Donchian20 signal remains 1.,0.0,0.0,5214.71,5214.71,4167.98,-2.68,0.0
2017-09-13,137.89,7.99,12.8,126.41,9.09,7.97,7.44,104.17,1,1,QLD,Hold QLD,No action,,Hold QLD while the Donchian20 signal remains 1.,0.0,0.0,5229.21,5229.21,4173.68,-2.41,0.0
2017-09-14,137.08,7.9,13.4,126.51,8.36,7.99,7.44,82.67,1,1,QLD,Hold QLD,No action,,Hold QLD while the Donchian20 signal remains 1.,0.0,0.0,5166.37,5166.37,4149.16,-3.59,-0.59
2017-09-15,137.56,7.95,12.51,126.62,8.63,7.99,7.44,91.78,1,1,QLD,Hold QLD,No action,,Hold QLD while the Donchian20 signal remains 1.,0.0,0.0,5199.4,5199.4,4163.42,-2.97,-0.25
2017-09-18,137.38,7.93,13.61,126.73,8.4,7.99,7.44,88.67,1,1,QLD,Hold QLD,No action,,Hold QLD while the Donchian20 signal remains 1.,0.0,0.0,5188.12,5188.12,4157.96,-3.18,-0.38
2017-09-19,137.61,7.96,13.3,126.84,8.49,7.99,7.44,93.56,1,1,QLD,Hold QLD,No action,,Hold QLD while the Donchian20 signal remains 1.,0.0,0.0,5205.85,5205.85,4165.1,-2.85,-0.21
2017-09-20,137.19,7.91,13.42,126.94,8.07,7.99,7.53,82.23,1,1,QLD,Hold QLD,No action,,Hold QLD while the Donchian20 signal remains 1.,0.0,0.0,5175.23,5175.23,4152.25,-3.42,-0.51
2017-09-21,136.35,7.81,13.71,127.04,7.33,7.99,7.53,59.95,1,1,QLD,Hold QLD,No action,,Hold QLD while the Donchian20 signal remains 1.,0.0,0.0,5107.56,5107.56,4126.82,-4.68,-1.12
2017-09-22,136.21,7.8,13.81,127.13,7.15,7.99,7.53,57.29,1,1,QLD,Hold QLD,No action,,Hold QLD while the Donchian20 signal remains 1.,0.0,0.0,5099.51,5099.51,4122.82,-4.83,-1.22
2017-09-25,134.78,7.63,15.65,127.2,5.96,7.99,7.53,22.28,1,1,QLD,Hold QLD,No action,,Hold QLD while the Donchian20 signal remains 1.,0.0,0.0,4993.17,4993.17,4079.4,-6.82,-2.26
2017-09-26,135.13,7.67,15.28,127.28,6.17,7.99,7.57,23.99,1,1,QLD,Hold QLD,No action,,Hold QLD while the Donchian20 signal remains 1.,0.0,0.0,5017.34,5017.34,4089.97,-6.37,-2.01
2017-09-27,136.35,7.81,15.32,127.37,7.05,7.99,7.63,48.47,1,1,QLD,Hold QLD,No action,,Hold QLD while the Donchian20 signal remains 1.,0.0,0.0,5106.76,5106.76,4126.82,-4.7,-1.12
2017-09-28,136.3,7.8,14.98,127.46,6.93,7.99,7.63,46.07,1,1,QLD,Hold QLD,No action,,Hold QLD while the Donchian20 signal remains 1.,0.0,0.0,5101.92,5101.92,4125.39,-4.79,-1.16
2017-09-29,137.28,7.91,13.85,127.56,7.62,7.99,7.63,76.45,1,1,QLD,Hold QLD,No action,,Hold QLD while the Donchian20 signal remains 1.,0.0,0.0,5173.62,5173.62,4155.1,-3.45,-0.45
2017-10-02,137.4,7.92,13.88,127.66,7.64,7.99,7.63,79.52,1,1,QLD,Hold QLD,No action,,Hold QLD while the Donchian20 signal remains 1.,0.0,0.0,5180.87,5180.87,4158.82,-3.31,-0.36
2017-10-03,137.7,7.96,13.62,127.76,7.78,7.99,7.63,90.44,1,1,QLD,Hold QLD,No action,,Hold QLD while the Donchian20 signal remains 1.,0.0,0.0,5206.65,5206.65,4167.67,-2.83,-0.14
2017-10-04,137.83,7.97,13.45,127.86,7.8,7.99,7.63,93.52,1,1,QLD,Hold QLD,No action,,Hold QLD while the Donchian20 signal remains 1.,0.0,0.0,5213.91,5213.91,4171.67,-2.7,-0.05
2017-10-05,139.18,8.13,12.88,127.97,8.76,7.99,7.63,137.2,1,1,QLD,Hold QLD,No action,,Hold QLD while the Donchian20 signal remains 1.,0.0,0.0,5317.02,5317.02,4212.52,-0.77,0.0
2017-10-06,139.37,8.14,13.33,128.08,8.81,8.13,7.63,103.48,1,1,QLD,Hold QLD,No action,,Hold QLD while the Donchian20 signal remains 1.,0.0,0.0,5328.3,5328.3,4218.24,-0.56,0.0
2017-10-09,139.21,8.13,14.04,128.19,8.59,8.14,7.63,97.12,1,1,QLD,Hold QLD,No action,,Hold QLD while the Donchian20 signal remains 1.,0.0,0.0,5318.63,5318.63,4213.38,-0.74,-0.12
2017-10-10,139.31,8.14,14.29,128.3,8.58,8.14,7.63,99.28,1,1,QLD,Hold QLD,No action,,Hold QLD while the Donchian20 signal remains 1.,0.0,0.0,5325.88,5325.88,4216.52,-0.61,-0.04
2017-10-11,139.73,8.19,14.09,128.42,8.81,8.14,7.63,108.89,1,1,QLD,Hold QLD,No action,,Hold QLD while the Donchian20 signal remains 1.,0.0,0.0,5358.11,5358.11,4229.09,-0.01,0.0
2017-10-12,139.47,8.16,14.33,128.53,8.51,8.19,7.63,94.48,1,1,QLD,Hold QLD,No action,,Hold QLD while the Donchian20 signal remains 1.,0.0,0.0,5337.97,5337.97,4221.38,-0.38,-0.18
2017-10-13,140.01,8.22,13.97,128.64,8.84,8.19,7.63,105.08,1,1,QLD,Hold QLD,No action,,Hold QLD while the Donchian20 signal remains 1.,0.0,0.0,5376.64,5376.64,4237.66,0.0,0.0
2017-10-16,140.49,8.28,14.49,128.76,9.11,8.22,7.63,109.66,1,1,QLD,Hold QLD,No action,,Hold QLD while the Donchian20 signal remains 1.,0.0,0.0,5413.69,5413.69,4252.23,0.0,0.0
2017-10-17,140.67,8.29,14.4,128.88,9.15,8.28,7.63,102.87,1,1,QLD,Hold QLD,No action,,Hold QLD while the Donchian20 signal remains 1.,0.0,0.0,5425.78,5425.78,4257.66,0.0,0.0
2017-10-18,140.5,8.28,14.32,128.99,8.92,8.29,7.63,97.21,1,1,QLD,Hold QLD,No action,,Hold QLD while the Donchian20 signal remains 1.,0.0,0.0,5413.69,5413.69,4252.52,-0.22,-0.12
2017-10-19,139.98,8.21,14.64,129.1,8.42,8.29,7.63,87.9,1,1,QLD,Hold QLD,No action,,Hold QLD while the Donchian20 signal remains 1.,0.0,0.0,5373.41,5373.41,4236.8,-0.97,-0.49
2017-10-20,140.36,8.26,14.32,129.22,8.62,8.29,7.63,94.23,1,1,QLD,Hold QLD,No action,,Hold QLD while the Donchian20 signal remains 1.,0.0,0.0,5400.81,5400.81,4248.23,-0.46,-0.22
2017-10-23,139.44,8.15,15.74,129.32,7.83,8.29,7.63,78.03,1,1,QLD,Hold QLD,No action,,Hold QLD while the Donchian20 signal remains 1.,0.0,0.0,5330.72,5330.72,4220.52,-1.75,-0.87
2017-10-24,139.68,8.18,15.51,129.42,7.93,8.29,7.67,81.66,1,1,QLD,Hold QLD,No action,,Hold QLD while the Donchian20 signal remains 1.,0.0,0.0,5350.86,5350.86,4227.66,-1.38,-0.7
2017-10-25,139.15,8.11,16.31,129.52,7.44,8.29,7.8,63.43,1,1,QLD,Hold QLD,No action,,Hold QLD while the Donchian20 signal remains 1.,0.0,0.0,5307.35,5307.35,4211.67,-2.18,-1.08
2017-10-26,138.71,8.07,15.82,129.61,7.02,8.29,7.8,53.98,1,1,QLD,Hold QLD,No action,,Hold QLD while the Donchian20 signal remains 1.,0.0,0.0,5276.74,5276.74,4198.24,-2.75,-1.4
2017-10-27,142.75,8.52,14.3,129.74,10.03,8.29,7.91,159.11,1,1,QLD,Hold QLD,No action,,Hold QLD while the Donchian20 signal remains 1.,0.0,0.0,5574.82,5574.82,4320.51,0.0,0.0
2017-10-30,143.07,8.57,15.05,129.87,10.16,8.52,7.92,107.77,1,1,QLD,Hold QLD,No action,,Hold QLD while the Donchian20 signal remains 1.,0.0,0.0,5605.43,5605.43,4330.22,0.0,0.0
2017-10-31,143.6,8.63,15.06,130.01,10.46,8.57,7.96,110.1,1,1,QLD,Hold QLD,No action,,Hold QLD while the Donchian20 signal remains 1.,0.0,0.0,5645.71,5645.71,4346.5,0.0,0.0
2017-11-01,143.56,8.63,14.95,130.14,10.31,8.63,7.97,99.44,1,1,QLD,Hold QLD,No action,,Hold QLD while the Donchian20 signal remains 1.,0.0,0.0,5643.29,5643.29,4345.08,-0.04,-0.03
2017-11-02,143.28,8.59,14.7,130.27,9.99,8.63,8.07,92.36,1,1,QLD,Hold QLD,No action,,Hold QLD while the Donchian20 signal remains 1.,0.0,0.0,5617.52,5617.52,4336.79,-0.5,-0.22
2017-11-03,144.66,8.75,13.9,130.42,10.92,8.63,8.07,121.18,1,1,QLD,Hold QLD,No action,,Hold QLD while the Donchian20 signal remains 1.,0.0,0.0,5723.85,5723.85,4378.5,0.0,0.0
2017-11-06,145.15,8.81,13.9,130.56,11.17,8.75,8.07,109.01,1,1,QLD,Hold QLD,No action,,Hold QLD while the Donchian20 signal remains 1.,0.0,0.0,5764.14,5764.14,4393.35,0.0,0.0
2017-11-07,145.24,8.82,14.12,130.71,11.11,8.81,8.07,101.32,1,1,QLD,Hold QLD,No action,,Hold QLD while the Donchian20 signal remains 1.,0.0,0.0,5770.58,5770.58,4395.92,0.0,0.0
2017-11-08,145.82,8.89,14.06,130.86,11.43,8.82,8.07,109.62,1,1,QLD,Hold QLD,No action,,Hold QLD while the Donchian20 signal remains 1.,0.0,0.0,5818.11,5818.11,4413.64,0.0,0.0
2017-11-09,145.06,8.79,15.04,131.0,10.73,8.89,8.07,88.1,1,1,QLD,Hold QLD,No action,,Hold QLD while the Donchian20 signal remains 1.,0.0,0.0,5753.66,5753.66,4390.5,-1.11,-0.52
2017-11-10,145.05,8.8,15.03,131.14,10.6,8.89,8.07,88.39,1,1,QLD,Hold QLD,No action,,Hold QLD while the Donchian20 signal remains 1.,0.0,0.0,5755.27,5755.27,4390.21,-1.08,-0.53
2017-11-13,145.23,8.82,14.84,131.28,10.62,8.89,8.07,90.63,1,1,QLD,Hold QLD,No action,,Hold QLD while the Donchian20 signal remains 1.,0.0,0.0,5767.36,5767.36,4395.64,-0.87,-0.41
2017-11-14,144.7,8.76,15.0,131.41,10.11,8.89,8.07,83.33,1,1,QLD,Hold QLD,No action,,Hold QLD while the Donchian20 signal remains 1.,0.0,0.0,5727.88,5727.88,4379.64,-1.55,-0.77
2017-11-15,144.02,8.66,16.09,131.54,9.49,8.89,8.07,72.32,1,1,QLD,Hold QLD,No action,,Hold QLD while the Donchian20 signal remains 1.,0.0,0.0,5668.27,5668.27,4359.07,-2.58,-1.24
2017-11-16,145.86,8.89,14.31,131.68,10.77,8.89,8.07,99.55,1,1,QLD,Hold QLD,No action,,Hold QLD while the Donchian20 signal remains 1.,0.0,0.0,5815.7,5815.7,4414.78,-0.04,0.0
2017-11-17,145.3,8.82,13.79,131.82,10.23,8.89,8.07,91.37,1,1,QLD,Hold QLD,No action,,Hold QLD while the Donchian20 signal remains 1.,0.0,0.0,5771.39,5771.39,4397.92,-0.8,-0.38
2017-11-20,145.19,8.81,13.82,131.95,10.03,8.89,8.07,89.58,1,1,QLD,Hold QLD,No action,,Hold QLD while the Donchian20 signal remains 1.,0.0,0.0,5761.72,5761.72,4394.5,-0.97,-0.46
2017-11-21,146.77,8.99,12.78,132.1,11.1,8.89,8.07,112.2,1,1,QLD,Hold QLD,No action,,Hold QLD while the Donchian20 signal remains 1.,0.0,0.0,5884.17,5884.17,4442.2,0.0,0.0
2017-11-22,146.95,9.02,12.74,132.25,11.12,8.99,8.07,102.65,1,1,QLD,Hold QLD,No action,,Hold QLD while the Donchian20 signal remains 1.,0.0,0.0,5900.28,5900.28,4447.63,0.0,0.0
2017-11-24,147.48,9.09,12.38,132.4,11.39,9.02,8.07,106.98,1,1,QLD,Hold QLD,No action,,Hold QLD while the Donchian20 signal remains 1.,0.0,0.0,5943.79,5943.79,4463.91,0.0,0.0
2017-11-27,147.42,9.08,13.04,132.55,11.22,9.09,8.52,98.25,1,1,QLD,Hold QLD,No action,,Hold QLD while the Donchian20 signal remains 1.,0.0,0.0,5937.34,5937.34,4461.91,-0.11,-0.04
2017-11-28,147.79,9.12,13.41,132.7,11.38,9.09,8.57,106.91,1,1,QLD,Hold QLD,No action,,Hold QLD while the Donchian20 signal remains 1.,0.0,0.0,5967.15,5967.15,4473.34,0.0,0.0
2017-11-29,145.22,8.81,16.38,132.82,9.33,9.12,8.59,41.47,1,1,QLD,Hold QLD,No action,,Hold QLD while the Donchian20 signal remains 1.,0.0,0.0,5762.52,5762.52,4395.35,-3.43,-1.74
2017-11-30,146.44,8.95,15.93,132.96,10.14,9.12,8.59,67.97,1,1,QLD,Hold QLD,No action,,Hold QLD while the Donchian20 signal remains 1.,0.0,0.0,5855.17,5855.17,4432.2,-1.88,-0.92
2017-12-01,145.81,8.87,16.57,133.09,9.56,9.12,8.59,53.69,1,1,QLD,Hold QLD,No action,,Hold QLD while the Donchian20 signal remains 1.,0.0,0.0,5805.22,5805.22,4413.35,-2.71,-1.34
2017-12-04,144.13,8.67,18.03,133.2,8.21,9.12,8.66,1.08,1,1,QLD,Hold QLD,No action,,Hold QLD while the Donchian20 signal remains 1.,0.0,0.0,5671.49,5671.49,4362.5,-4.95,-2.48
2017-12-05,144.23,8.67,17.12,133.31,8.19,9.12,8.66,1.62,1,1,QLD,Hold QLD,No action,,Hold QLD while the Donchian20 signal remains 1.,0.0,0.0,5673.1,5673.1,4365.36,-4.93,-2.41
2017-12-06,144.88,8.75,16.71,133.42,8.59,9.12,8.66,18.87,1,1,QLD,Hold QLD,No action,,Hold QLD while the Donchian20 signal remains 1.,0.0,0.0,5724.66,5724.66,4385.07,-4.06,-1.97
2017-12-07,145.37,8.81,15.86,133.54,8.86,9.12,8.66,32.34,1,1,QLD,Hold QLD,No action,,Hold QLD while the Donchian20 signal remains 1.,0.0,0.0,5764.94,5764.94,4399.92,-3.39,-1.64
2017-12-08,146.01,8.89,14.42,133.66,9.24,9.12,8.66,49.33,1,1,QLD,Hold QLD,No action,,Hold QLD while the Donchian20 signal remains 1.,0.0,0.0,5815.7,5815.7,4419.35,-2.54,-1.21
2017-12-11,147.14,9.03,12.59,133.8,9.97,9.12,8.66,79.51,1,1,QLD,Hold QLD,No action,,Hold QLD while the Donchian20 signal remains 1.,0.0,0.0,5905.92,5905.92,4453.63,-1.03,-0.44
2017-12-12,146.95,9.0,12.86,133.93,9.72,9.12,8.66,73.85,1,1,QLD,Hold QLD,No action,,Hold QLD while the Donchian20 signal remains 1.,0.0,0.0,5889.01,5889.01,4447.63,-1.31,-0.57
2017-12-13,147.23,9.03,12.74,134.06,9.82,9.12,8.66,80.86,1,1,QLD,Hold QLD,No action,,Hold QLD while the Donchian20 signal remains 1.,0.0,0.0,5909.95,5909.95,4456.2,-0.96,-0.38
2017-12-14,147.12,9.02,12.39,134.19,9.64,9.12,8.66,77.9,1,1,QLD,Hold QLD,No action,,Hold QLD while the Donchian20 signal remains 1.,0.0,0.0,5901.09,5901.09,4453.06,-1.11,-0.45
2017-12-15,148.8,9.22,11.88,134.34,10.76,9.12,8.67,121.25,1,1,QLD,Hold QLD,No action,,Hold QLD while the Donchian20 signal remains 1.,0.0,0.0,6029.99,6029.99,4503.62,0.0,0.0
2017-12-18,150.04,9.38,12.53,134.49,11.56,9.22,8.67,128.99,1,1,QLD,Hold QLD,No action,,Hold QLD while the Donchian20 signal remains 1.,0.0,0.0,6133.91,6133.91,4541.38,0.0,0.0
2017-12-19,149.15,9.27,12.82,134.64,10.78,9.38,8.67,85.02,1,1,QLD,Hold QLD,No action,,Hold QLD while the Donchian20 signal remains 1.,0.0,0.0,6064.63,6064.63,4514.47,-1.13,-0.59
2017-12-20,148.99,9.25,12.78,134.78,10.54,9.38,8.67,81.71,1,1,QLD,Hold QLD,No action,,Hold QLD while the Donchian20 signal remains 1.,0.0,0.0,6049.32,6049.32,4509.61,-1.38,-0.7
2017-12-21,149.01,9.25,12.65,134.92,10.44,9.38,8.67,81.88,1,1,QLD,Hold QLD,No action,,Hold QLD while the Donchian20 signal remains 1.,0.0,0.0,6050.13,6050.13,4510.18,-1.37,-0.69
2017-12-22,148.84,9.23,12.54,135.06,10.2,9.38,8.67,78.75,1,1,QLD,Hold QLD,No action,,Hold QLD while the Donchian20 signal remains 1.,0.0,0.0,6035.63,6035.63,4505.03,-1.6,-0.8
2017-12-26,148.04,9.13,13.64,135.19,9.5,9.38,8.67,64.63,1,1,QLD,Hold QLD,No action,,Hold QLD while the Donchian20 signal remains 1.,0.0,0.0,5970.37,5970.37,4480.69,-2.67,-1.34
2017-12-27,148.06,9.13,14.29,135.32,9.41,9.38,8.67,64.81,1,1,QLD,Hold QLD,No action,,Hold QLD while the Donchian20 signal remains 1.,0.0,0.0,5971.18,5971.18,4481.26,-2.65,-1.32
2017-12-28,148.24,9.15,14.62,135.45,9.44,9.38,8.67,67.42,1,1,QLD,Hold QLD,No action,,Hold QLD while the Donchian20 signal remains 1.,0.0,0.0,5983.26,5983.26,4486.7,-2.46,-1.2
2017-12-29,147.32,9.03,15.68,135.57,8.67,9.38,8.67,51.05,1,1,QLD,Hold QLD,No action,,Hold QLD while the Donchian20 signal remains 1.,0.0,0.0,5907.54,5907.54,4458.94,-3.69,-1.82
2018-01-02,149.9,9.34,14.93,135.71,10.46,9.38,8.67,95.3,1,1,QLD,Hold QLD,No action,,Hold QLD while the Donchian20 signal remains 1.,0.0,0.0,6112.16,6112.16,4537.09,-0.35,-0.09
2018-01-03,151.36,9.53,14.16,135.86,11.4,9.38,8.67,121.08,1,1,QLD,Hold QLD,No action,,Hold QLD while the Donchian20 signal remains 1.,0.0,0.0,6231.39,6231.39,4581.17,0.0,0.0
2018-01-04,151.62,9.56,13.97,136.02,11.47,9.53,8.67,104.04,1,1,QLD,Hold QLD,No action,,Hold QLD while the Donchian20 signal remains 1.,0.0,0.0,6253.95,6253.95,4589.19,0.0,0.0
2018-01-05,153.15,9.75,13.48,136.19,12.45,9.56,8.75,123.44,1,1,QLD,Hold QLD,No action,,Hold QLD while the Donchian20 signal remains 1.,0.0,0.0,6378.01,6378.01,4635.28,0.0,0.0
2018-01-08,153.74,9.82,13.84,136.37,12.74,9.75,8.81,107.75,1,1,QLD,Hold QLD,No action,,Hold QLD while the Donchian20 signal remains 1.,0.0,0.0,6425.54,6425.54,4653.31,0.0,0.0
2018-01-09,153.75,9.83,14.63,136.54,12.61,9.82,8.89,100.92,1,1,QLD,Hold QLD,No action,,Hold QLD while the Donchian20 signal remains 1.,0.0,0.0,6431.18,6431.18,4653.6,0.0,0.0
2018-01-10,153.39,9.78,15.28,136.71,12.2,9.83,9.0,93.46,1,1,QLD,Hold QLD,No action,,Hold QLD while the Donchian20 signal remains 1.,0.0,0.0,6395.73,6395.73,4642.72,-0.55,-0.23
2018-01-11,154.44,9.91,14.77,136.88,12.83,9.83,9.0,109.81,1,1,QLD,Hold QLD,No action,,Hold QLD while the Donchian20 signal remains 1.,0.0,0.0,6484.35,6484.35,4674.5,0.0,0.0
2018-01-12,155.58,10.05,14.57,137.07,13.5,9.91,9.02,115.75,1,1,QLD,Hold QLD,No action,,Hold QLD while the Donchian20 signal remains 1.,0.0,0.0,6576.19,6576.19,4708.85,0.0,0.0
2018-01-16,155.13,10.0,16.34,137.25,13.03,10.05,9.02,94.51,1,1,QLD,Hold QLD,No action,,Hold QLD while the Donchian20 signal remains 1.,0.0,0.0,6539.13,6539.13,4695.4,-0.56,-0.29
2018-01-17,156.81,10.21,16.2,137.44,14.09,10.05,9.03,115.54,1,1,QLD,Hold QLD,No action,,Hold QLD while the Donchian20 signal remains 1.,0.0,0.0,6680.11,6680.11,4746.06,0.0,0.0
2018-01-18,156.83,10.21,16.95,137.64,13.95,10.21,9.03,100.31,1,1,QLD,Hold QLD,No action,,Hold QLD while the Donchian20 signal remains 1.,0.0,0.0,6682.53,6682.53,4746.92,0.0,0.0
2018-01-19,157.33,10.28,16.15,137.83,14.14,10.21,9.03,105.51,1,1,QLD,Hold QLD,No action,,Hold QLD while the Donchian20 signal remains 1.,0.0,0.0,6725.23,6725.23,4761.81,0.0,0.0
2018-01-22,159.01,10.5,16.29,138.04,15.19,10.28,9.03,117.44,1,1,QLD,Hold QLD,No action,,Hold QLD while the Donchian20 signal remains 1.,0.0,0.0,6867.82,6867.82,4812.76,0.0,0.0
2018-01-23,160.32,10.67,16.75,138.26,15.95,10.5,9.03,111.66,1,1,QLD,Hold QLD,No action,,Hold QLD while the Donchian20 signal remains 1.,0.0,0.0,6979.8,6979.8,4852.56,0.0,0.0
2018-01-24,159.28,10.54,17.9,138.47,15.03,10.67,9.03,92.04,1,1,QLD,Hold QLD,No action,,Hold QLD while the Donchian20 signal remains 1.,0.0,0.0,6894.41,6894.41,4821.06,-1.22,-0.65
2018-01-25,159.23,10.53,18.25,138.68,14.82,10.67,9.03,91.21,1,1,QLD,Hold QLD,No action,,Hold QLD while the Donchian20 signal remains 1.,0.0,0.0,6885.55,6885.55,4819.35,-1.35,-0.68
2018-01-26,161.67,10.83,17.52,138.91,16.38,10.67,9.03,109.99,1,1,QLD,Hold QLD,No action,,Hold QLD while the Donchian20 signal remains 1.,0.0,0.0,7086.95,7086.95,4893.21,0.0,0.0
2018-01-29,160.88,10.74,19.22,139.13,15.64,10.83,9.03,94.6,1,1,QLD,Hold QLD,No action,,Hold QLD while the Donchian20 signal remains 1.,0.0,0.0,7023.3,7023.3,4869.45,-0.9,-0.49
2018-01-30,159.56,10.56,20.35,139.33,14.52,10.83,9.03,85.04,1,1,QLD,Hold QLD,No action,,Hold QLD while the Donchian20 signal remains 1.,0.0,0.0,6910.52,6910.52,4829.37,-2.49,-1.3
2018-01-31,160.22,10.64,19.65,139.54,14.82,10.83,9.34,87.11,1,1,QLD,Hold QLD,No action,,Hold QLD while the Donchian20 signal remains 1.,0.0,0.0,6961.27,6961.27,4849.41,-1.77,-0.9
2018-02-01,158.86,10.46,19.15,139.73,13.69,10.83,9.53,71.85,1,1,QLD,Hold QLD,No action,,Hold QLD while the Donchian20 signal remains 1.,0.0,0.0,6846.07,6846.07,4808.18,-3.4,-1.74
2018-02-02,155.69,10.04,20.66,139.89,11.29,10.83,9.56,37.81,1,1,QLD,Hold QLD,No action,,Hold QLD while the Donchian20 signal remains 1.,0.0,0.0,6568.94,6568.94,4712.28,-7.31,-3.7
2018-02-05,149.55,9.26,33.02,139.99,6.83,10.83,9.75,-44.77,1,0,QQQ,Hold QQQ,Reduce QLD to QQQ,QLD->QQQ_on_Donchian_exit,QLD closed below its prior 20-day low; the signal changed to 0 and the account reduced to QQQ.,0.0,6060.6,0.0,6060.6,4526.5,-14.48,-7.49
2018-02-06,153.51,9.74,26.7,140.12,9.56,10.83,9.26,30.06,0,0,QQQ,Hold QQQ,No action,,Hold QQQ after the Donchian exit while QQQ remains at or above EMA200.,0.0,6221.2,0.0,6221.2,4646.44,-12.22,-5.04
2018-02-07,151.53,9.49,24.73,140.23,8.05,10.83,9.26,14.21,0,0,QQQ,Hold QQQ,No action,,Hold QQQ after the Donchian exit while QQQ remains at or above EMA200.,0.0,6140.71,0.0,6140.71,4586.33,-13.35,-6.27
2018-02-08,145.13,8.7,33.89,140.28,3.46,10.83,9.26,-36.19,0,0,QQQ,Hold QQQ,No action,,Hold QQQ after the Donchian exit while QQQ remains at or above EMA200.,0.0,5881.6,0.0,5881.6,4392.81,-17.01,-10.23
2018-02-09,147.64,8.98,29.62,140.36,5.19,10.83,8.7,13.37,0,0,QQQ,Hold QQQ,No action,,Hold QQQ after the Donchian exit while QQQ remains at or above EMA200.,0.0,5983.18,0.0,5983.18,4468.67,-15.57,-8.68
2018-02-12,150.26,9.31,24.94,140.45,6.98,10.83,8.7,28.7,0,0,QQQ,Hold QQQ,No action,,Hold QQQ after the Donchian exit while QQQ remains at or above EMA200.,0.0,6089.35,0.0,6089.35,4547.97,-14.08,-7.06
2018-02-13,151.04,9.39,23.71,140.56,7.45,10.83,8.7,32.62,0,0,QQQ,Hold QQQ,No action,,Hold QQQ after the Donchian exit while QQQ remains at or above EMA200.,0.0,6120.78,0.0,6120.78,4571.44,-13.63,-6.58
2018-02-14,153.86,9.75,20.87,140.69,9.36,10.83,8.7,49.45,0,0,QQQ,Hold QQQ,No action,,Hold QQQ after the Donchian exit while QQQ remains at or above EMA200.,0.0,6235.38,0.0,6235.38,4657.03,-12.02,-4.83
2018-02-15,156.72,10.1,20.85,140.85,11.27,10.83,8.7,65.82,0,0,QQQ,Hold QQQ,No action,,Hold QQQ after the Donchian exit while QQQ remains at or above EMA200.,0.0,6351.13,0.0,6351.13,4743.49,-10.38,-3.06
2018-02-16,156.02,10.03,20.46,141.0,10.65,10.83,8.7,62.31,0,0,QQQ,Hold QQQ,No action,,Hold QQQ after the Donchian exit while QQQ remains at or above EMA200.,0.0,6322.77,0.0,6322.77,4722.31,-10.78,-3.49
2018-02-20,156.33,10.05,21.67,141.16,10.75,10.83,8.7,63.46,0,0,QQQ,Hold QQQ,No action,,Hold QQQ after the Donchian exit while QQQ remains at or above EMA200.,0.0,6335.42,0.0,6335.42,4731.75,-10.6,-3.3
2018-02-21,155.89,9.99,22.49,141.3,10.32,10.83,8.7,60.69,0,0,QQQ,Hold QQQ,No action,,Hold QQQ after the Donchian exit while QQQ remains at or above EMA200.,0.0,6317.41,0.0,6317.41,4718.3,-10.86,-3.57
2018-02-22,155.87,10.0,20.91,141.45,10.2,10.83,8.7,61.21,0,0,QQQ,Hold QQQ,No action,,Hold QQQ after the Donchian exit while QQQ remains at or above EMA200.,0.0,6316.64,0.0,6316.64,4717.72,-10.87,-3.59
2018-02-23,159.06,10.4,18.16,141.62,12.31,10.83,8.7,79.71,0,0,QQQ,Hold QQQ,No action,,Hold QQQ after the Donchian exit while QQQ remains at or above EMA200.,0.0,6445.81,0.0,6445.81,4814.2,-9.05,-1.61
2018-02-26,161.17,10.67,18.12,141.82,13.64,10.83,8.7,92.51,0,0,QQQ,Hold QQQ,No action,,Hold QQQ after the Donchian exit while QQQ remains at or above EMA200.,0.0,6531.28,0.0,6531.28,4878.04,-7.84,-0.31
2018-02-27,159.17,10.41,20.49,141.99,12.1,10.74,8.7,83.88,0,0,QQQ,Hold QQQ,No action,,Hold QQQ after the Donchian exit while QQQ remains at or above EMA200.,0.0,6450.41,0.0,6450.41,4817.63,-8.98,-1.54
2018-02-28,158.15,10.28,22.01,142.15,11.25,10.67,8.7,79.94,0,0,QQQ,Hold QQQ,No action,,Hold QQQ after the Donchian exit while QQQ remains at or above EMA200.,0.0,6409.01,0.0,6409.01,4786.71,-9.57,-2.18
2018-03-01,155.57,9.95,24.74,142.28,9.34,10.67,8.7,63.49,0,0,QQQ,Hold QQQ,No action,,Hold QQQ after the Donchian exit while QQQ remains at or above EMA200.,0.0,6304.37,0.0,6304.37,4708.56,-11.04,-3.77
2018-03-02,156.99,10.12,21.53,142.43,10.23,10.67,8.7,72.27,0,0,QQQ,Hold QQQ,No action,,Hold QQQ after the Donchian exit while QQQ remains at or above EMA200.,0.0,6362.25,0.0,6362.25,4751.79,-10.23,-2.89
2018-03-05,158.73,10.34,20.6,142.59,11.32,10.67,8.7,83.36,0,0,QQQ,Hold QQQ,No action,,Hold QQQ after the Donchian exit while QQQ remains at or above EMA200.,0.0,6432.77,0.0,6432.77,4804.46,-9.23,-1.81
2018-03-06,159.41,10.43,20.6,142.76,11.66,10.67,8.7,87.73,0,0,QQQ,Hold QQQ,No action,,Hold QQQ after the Donchian exit while QQQ remains at or above EMA200.,0.0,6459.99,0.0,6459.99,4824.79,-8.85,-1.4
2018-03-07,159.78,10.48,20.43,142.93,11.79,10.67,8.7,90.09,0,0,QQQ,Hold QQQ,No action,,Hold QQQ after the Donchian exit while QQQ remains at or above EMA200.,0.0,6474.94,0.0,6474.94,4835.95,-8.64,-1.17
2018-03-08,160.65,10.59,19.26,143.11,12.26,10.67,8.7,96.01,0,0,QQQ,Hold QQQ,No action,,Hold QQQ after the Donchian exit while QQQ remains at or above EMA200.,0.0,6510.58,0.0,6510.58,4862.58,-8.13,-0.63
2018-03-09,163.78,11.0,17.3,143.31,14.28,10.67,8.7,116.39,0,1,QLD,Hold QLD,Buy QLD,toQLD,QLD closed above its prior 20-day high; the signal changed to 1 and the account moved fully into QLD.,0.0,0.0,6637.07,6637.07,4957.05,-6.35,0.0
2018-03-12,164.65,11.1,17.56,143.52,14.72,11.0,8.98,105.01,1,1,QLD,Hold QLD,No action,,Hold QLD while the Donchian20 signal remains 1.,0.0,0.0,6698.01,6698.01,4983.38,-5.49,0.0
2018-03-13,162.4,10.82,19.24,143.71,13.01,11.1,9.31,84.71,1,1,QLD,Hold QLD,No action,,Hold QLD while the Donchian20 signal remains 1.,0.0,0.0,6533.02,6533.02,4915.54,-7.82,-1.36
2018-03-14,162.38,10.82,19.52,143.9,12.84,11.1,9.39,83.45,1,1,QLD,Hold QLD,No action,,Hold QLD while the Donchian20 signal remains 1.,0.0,0.0,6527.81,6527.81,4914.68,-7.89,-1.38
2018-03-15,162.23,10.79,18.45,144.08,12.6,11.1,9.75,76.83,1,1,QLD,Hold QLD,No action,,Hold QLD while the Donchian20 signal remains 1.,0.0,0.0,6509.98,6509.98,4910.38,-8.14,-1.46
2018-03-16,161.75,10.73,17.64,144.26,12.13,11.1,9.95,68.31,1,1,QLD,Hold QLD,No action,,Hold QLD while the Donchian20 signal remains 1.,0.0,0.0,6478.76,6478.76,4895.78,-8.58,-1.76
2018-03-19,158.3,10.28,22.06,144.39,9.63,11.1,9.95,28.57,1,1,QLD,Hold QLD,No action,,Hold QLD while the Donchian20 signal remains 1.,0.0,0.0,6203.76,6203.76,4791.33,-12.46,-3.85
2018-03-20,158.82,10.34,22.13,144.54,9.88,11.1,9.95,33.62,1,1,QLD,Hold QLD,No action,,Hold QLD while the Donchian20 signal remains 1.,0.0,0.0,6238.7,6238.7,4807.1,-11.97,-3.54
2018-03-21,158.13,10.24,22.06,144.67,9.3,11.1,9.95,25.24,1,1,QLD,Hold QLD,No action,,Hold QLD while the Donchian20 signal remains 1.,0.0,0.0,6180.72,6180.72,4786.17,-12.79,-3.96
2018-03-22,154.23,9.73,26.63,144.77,6.53,11.1,9.95,-19.23,1,0,QQQ,Hold QQQ,Reduce QLD to QQQ,QLD->QQQ_on_Donchian_exit,QLD closed below its prior 20-day low; the signal changed to 0 and the account reduced to QQQ.,0.0,5873.03,0.0,5873.03,4668.03,-17.13,-6.33
2018-03-23,150.16,9.21,28.35,144.82,3.69,11.1,9.73,-37.84,0,0,QQQ,Hold QQQ,No action,,Hold QQQ after the Donchian exit while QQQ remains at or above EMA200.,0.0,5718.26,0.0,5718.26,4545.02,-19.31,-8.8
2018-03-26,155.74,9.91,25.15,144.93,7.46,11.1,9.21,36.8,0,0,QQQ,Hold QQQ,No action,,Hold QQQ after the Donchian exit while QQQ remains at or above EMA200.,0.0,5930.74,0.0,5930.74,4713.91,-16.31,-5.41
2018-03-27,150.7,9.25,29.01,144.99,3.94,11.1,9.21,2.09,0,0,QQQ,Hold QQQ,No action,,Hold QQQ after the Donchian exit while QQQ remains at or above EMA200.,0.0,5738.83,0.0,5738.83,4561.37,-19.02,-8.47
2018-03-28,148.97,9.05,30.19,145.03,2.72,11.1,9.21,-8.63,0,0,QQQ,Hold QQQ,No action,,Hold QQQ after the Donchian exit while QQQ remains at or above EMA200.,0.0,5672.81,0.0,5672.81,4508.89,-19.95,-9.52
2018-03-29,151.7,9.38,26.68,145.09,4.55,11.1,9.05,16.25,0,0,QQQ,Hold QQQ,No action,,Hold QQQ after the Donchian exit while QQQ remains at or above EMA200.,0.0,5776.7,0.0,5776.7,4591.47,-18.49,-7.86
2018-04-02,147.32,8.84,29.92,145.12,1.52,11.1,9.05,-10.11,0,0,QQQ,Hold QQQ,No action,,Hold QQQ after the Donchian exit while QQQ remains at or above EMA200.,0.0,5610.04,0.0,5610.04,4459.0,-20.84,-10.52
2018-04-03,148.98,9.03,28.05,145.16,2.63,11.1,8.84,8.42,0,0,QQQ,Hold QQQ,No action,,Hold QQQ after the Donchian exit while QQQ remains at or above EMA200.,0.0,5673.17,0.0,5673.17,4509.18,-19.95,-9.52
2018-04-04,151.33,9.27,26.29,145.22,4.21,11.1,8.84,18.8,0,0,QQQ,Hold QQQ,No action,,Hold QQQ after the Donchian exit while QQQ remains at or above EMA200.,0.0,5762.64,0.0,5762.64,4580.29,-18.69,-8.09
2018-04-05,152.19,9.42,25.03,145.29,4.75,11.1,8.84,25.46,0,0,QQQ,Hold QQQ,No action,,Hold QQQ after the Donchian exit while QQQ remains at or above EMA200.,0.0,5795.46,0.0,5795.46,4606.38,-18.22,-7.57
2018-04-06,148.38,8.96,27.43,145.32,2.11,11.1,8.84,5.3,0,0,QQQ,Hold QQQ,No action,,Hold QQQ after the Donchian exit while QQQ remains at or above EMA200.,0.0,5650.44,0.0,5650.44,4491.11,-20.27,-9.88
2018-04-09,149.42,9.07,26.95,145.36,2.8,11.1,8.84,9.95,0,0,QQQ,Hold QQQ,No action,,Hold QQQ after the Donchian exit while QQQ remains at or above EMA200.,0.0,5690.12,0.0,5690.12,4522.66,-19.71,-9.25
2018-04-10,152.72,9.47,25.15,145.43,5.01,11.1,8.84,27.65,0,0,QQQ,Hold QQQ,No action,,Hold QQQ after the Donchian exit while QQQ remains at or above EMA200.,0.0,5815.67,0.0,5815.67,4622.44,-17.94,-7.24
2018-04-11,151.84,9.37,24.69,145.49,4.36,10.82,8.84,26.49,0,0,QQQ,Hold QQQ,No action,,Hold QQQ after the Donchian exit while QQQ remains at or above EMA200.,0.0,5782.11,0.0,5782.11,4595.77,-18.41,-7.78
2018-04-12,153.67,9.58,22.9,145.58,5.56,10.82,8.84,37.48,0,0,QQQ,Hold QQQ,No action,,Hold QQQ after the Donchian exit while QQQ remains at or above EMA200.,0.0,5851.74,0.0,5851.74,4651.11,-17.43,-6.67
2018-04-13,152.87,9.49,22.06,145.65,4.96,10.79,8.84,33.42,0,0,QQQ,Hold QQQ,No action,,Hold QQQ after the Donchian exit while QQQ remains at or above EMA200.,0.0,5821.44,0.0,5821.44,4627.03,-17.86,-7.15
2018-04-16,154.04,9.63,20.45,145.73,5.7,10.73,8.84,41.43,0,0,QQQ,Hold QQQ,No action,,Hold QQQ after the Donchian exit while QQQ remains at or above EMA200.,0.0,5865.81,0.0,5865.81,4662.3,-17.23,-6.44
2018-04-17,157.35,10.04,19.43,145.85,7.89,10.34,8.84,79.95,0,0,QQQ,Hold QQQ,No action,,Hold QQQ after the Donchian exit while QQQ remains at or above EMA200.,0.0,5992.07,0.0,5992.07,4762.65,-15.45,-4.43
2018-04-18,157.68,10.08,19.38,145.97,8.02,10.34,8.84,83.09,0,0,QQQ,Hold QQQ,No action,,Hold QQQ after the Donchian exit while QQQ remains at or above EMA200.,0.0,6004.34,0.0,6004.34,4772.4,-15.28,-4.23
2018-04-19,156.23,9.91,20.16,146.07,6.95,10.24,8.84,76.54,0,0,QQQ,Hold QQQ,No action,,Hold QQQ after the Donchian exit while QQQ remains at or above EMA200.,0.0,5949.14,0.0,5949.14,4728.53,-16.05,-5.11
2018-04-20,153.75,9.59,21.63,146.14,5.21,10.08,8.84,60.18,0,0,QQQ,Hold QQQ,No action,,Hold QQQ after the Donchian exit while QQQ remains at or above EMA200.,0.0,5854.99,0.0,5854.99,4653.69,-17.38,-6.62
2018-04-23,153.37,9.54,22.12,146.22,4.89,10.08,8.84,56.01,0,0,QQQ,Hold QQQ,No action,,Hold QQQ after the Donchian exit while QQQ remains at or above EMA200.,0.0,5840.2,0.0,5840.2,4641.94,-17.59,-6.85
2018-04-24,150.12,9.13,23.62,146.25,2.64,10.08,8.84,23.34,0,0,QQQ,Hold QQQ,No action,,Hold QQQ after the Donchian exit while QQQ remains at or above EMA200.,0.0,5716.46,0.0,5716.46,4543.59,-19.34,-8.83
2018-04-25,150.3,9.16,23.07,146.29,2.73,10.08,8.84,25.62,0,0,QQQ,Hold QQQ,No action,,Hold QQQ after the Donchian exit while QQQ remains at or above EMA200.,0.0,5723.31,0.0,5723.31,4549.04,-19.24,-8.72
2018-04-26,153.46,9.53,20.36,146.37,4.85,10.08,8.84,55.41,0,0,QQQ,Hold QQQ,No action,,Hold QQQ after the Donchian exit while QQQ remains at or above EMA200.,0.0,5843.8,0.0,5843.8,4644.8,-17.54,-6.79
2018-04-27,153.55,9.55,20.52,146.44,4.86,10.08,8.84,56.7,0,0,QQQ,Hold QQQ,No action,,Hold QQQ after the Donchian exit while QQQ remains at or above EMA200.,0.0,5847.41,0.0,5847.41,4647.67,-17.49,-6.74
2018-04-30,152.47,9.41,21.06,146.5,4.07,10.08,8.84,45.48,0,0,QQQ,Hold QQQ,No action,,Hold QQQ after the Donchian exit while QQQ remains at or above EMA200.,0.0,5805.93,0.0,5805.93,4614.7,-18.08,-7.4
2018-05-01,154.21,9.62,19.71,146.57,5.21,10.08,8.96,58.13,0,0,QQQ,Hold QQQ,No action,,Hold QQQ after the Donchian exit while QQQ remains at or above EMA200.,0.0,5872.3,0.0,5872.3,4667.46,-17.14,-6.34
2018-05-02,153.3,9.51,19.76,146.64,4.54,10.08,8.96,48.9,0,0,QQQ,Hold QQQ,No action,,Hold QQQ after the Donchian exit while QQQ remains at or above EMA200.,0.0,5837.67,0.0,5837.67,4639.93,-17.63,-6.89
2018-05-03,153.28,9.51,19.65,146.71,4.48,10.08,8.96,48.35,0,0,QQQ,Hold QQQ,No action,,Hold QQQ after the Donchian exit while QQQ remains at or above EMA200.,0.0,5836.95,0.0,5836.95,4639.36,-17.64,-6.9
2018-05-04,156.19,9.86,18.41,146.8,6.39,10.08,8.96,80.33,0,0,QQQ,Hold QQQ,No action,,Hold QQQ after the Donchian exit while QQQ remains at or above EMA200.,0.0,5947.7,0.0,5947.7,4727.38,-16.08,-5.14
2018-05-07,157.49,10.02,18.71,146.91,7.2,10.08,9.07,93.58,0,0,QQQ,Hold QQQ,No action,,Hold QQQ after the Donchian exit while QQQ remains at or above EMA200.,0.0,5997.12,0.0,5997.12,4766.67,-15.38,-4.35
2018-05-08,157.33,10.0,18.48,147.01,7.02,10.08,9.13,90.8,0,0,QQQ,Hold QQQ,No action,,Hold QQQ after the Donchian exit while QQQ remains at or above EMA200.,0.0,5990.99,0.0,5990.99,4761.79,-15.46,-4.45
2018-05-09,159.04,10.23,17.62,147.13,8.09,10.08,9.13,115.16,0,1,QLD,Hold QLD,Buy QLD,toQLD,QLD closed above its prior 20-day high; the signal changed to 1 and the account moved fully into QLD.,0.0,0.0,6056.29,6056.29,4813.69,-14.54,-3.41
2018-05-10,160.69,10.44,16.38,147.27,9.11,10.23,9.13,118.9,1,1,QLD,Hold QLD,No action,,Hold QLD while the Donchian20 signal remains 1.,0.0,0.0,6178.78,6178.78,4863.58,-12.81,-2.4
2018-05-11,160.54,10.42,16.19,147.4,8.91,10.44,9.13,98.49,1,1,QLD,Hold QLD,No action,,Hold QLD while the Donchian20 signal remains 1.,0.0,0.0,6167.12,6167.12,4858.99,-12.98,-2.5
2018-05-14,160.81,10.45,16.08,147.53,9.0,10.44,9.13,100.85,1,1,QLD,Hold QLD,No action,,Hold QLD while the Donchian20 signal remains 1.,0.0,0.0,6185.35,6185.35,4867.31,-12.72,-2.33
2018-05-15,159.03,10.22,17.51,147.65,7.71,10.45,9.13,82.46,1,1,QLD,Hold QLD,No action,,Hold QLD while the Donchian20 signal remains 1.,0.0,0.0,6049.0,6049.0,4813.4,-14.65,-3.41
2018-05-16,160.08,10.35,16.71,147.77,8.33,10.45,9.13,92.87,1,1,QLD,Hold QLD,No action,,Hold QLD while the Donchian20 signal remains 1.,0.0,0.0,6129.93,6129.93,4845.23,-13.5,-2.77
2018-05-17,159.47,10.27,17.19,147.89,7.83,10.45,9.13,86.21,1,1,QLD,Hold QLD,No action,,Hold QLD while the Donchian20 signal remains 1.,0.0,0.0,6078.16,6078.16,4826.59,-14.23,-3.15
2018-05-18,158.64,10.16,16.87,147.99,7.2,10.45,9.13,78.14,1,1,QLD,Hold QLD,No action,,Hold QLD while the Donchian20 signal remains 1.,0.0,0.0,6015.45,6015.45,4801.65,-15.12,-3.65
2018-05-21,159.53,10.28,16.92,148.11,7.71,10.45,9.13,87.15,1,1,QLD,Hold QLD,No action,,Hold QLD while the Donchian20 signal remains 1.,0.0,0.0,6085.45,6085.45,4828.6,-14.13,-3.11
2018-05-22,159.32,10.25,16.92,148.22,7.49,10.45,9.13,84.9,1,1,QLD,Hold QLD,No action,,Hold QLD while the Donchian20 signal remains 1.,0.0,0.0,6067.95,6067.95,4822.29,-14.38,-3.23
2018-05-23,160.67,10.42,16.27,148.34,8.31,10.45,9.16,97.89,1,1,QLD,Hold QLD,No action,,Hold QLD while the Donchian20 signal remains 1.,0.0,0.0,6169.3,6169.3,4863.01,-12.95,-2.42
2018-05-24,160.62,10.41,15.82,148.47,8.19,10.45,9.41,96.44,1,1,QLD,Hold QLD,No action,,Hold QLD while the Donchian20 signal remains 1.,0.0,0.0,6163.47,6163.47,4861.58,-13.03,-2.44
2018-05-25,160.78,10.43,16.06,148.59,8.21,10.45,9.41,98.58,1,1,QLD,Hold QLD,No action,,Hold QLD while the Donchian20 signal remains 1.,0.0,0.0,6176.59,6176.59,4866.45,-12.85,-2.35
2018-05-29,160.07,10.34,18.42,148.7,7.65,10.45,9.41,89.56,1,1,QLD,Hold QLD,No action,,Hold QLD while the Donchian20 signal remains 1.,0.0,0.0,6121.18,6121.18,4844.95,-13.63,-2.78
2018-05-30,161.22,10.48,17.07,148.83,8.33,10.45,9.51,103.8,1,1,QLD,Hold QLD,No action,,Hold QLD while the Donchian20 signal remains 1.,0.0,0.0,6206.49,6206.49,4879.64,-12.42,-2.08
2018-05-31,161.11,10.47,16.78,148.95,8.17,10.48,9.51,98.61,1,1,QLD,Hold QLD,No action,,Hold QLD while the Donchian20 signal remains 1.,0.0,0.0,6198.47,6198.47,4876.49,-12.54,-2.15
2018-06-01,163.64,10.8,15.11,149.1,9.76,10.48,9.51,132.28,1,1,QLD,Hold QLD,No action,,Hold QLD while the Donchian20 signal remains 1.,0.0,0.0,6393.15,6393.15,4953.04,-9.79,-0.61
2018-06-04,165.12,10.98,15.49,149.25,10.63,10.8,9.86,119.79,1,1,QLD,Hold QLD,No action,,Hold QLD while the Donchian20 signal remains 1.,0.0,0.0,6502.52,6502.52,4997.77,-8.25,0.0
2018-06-05,165.63,11.05,15.33,149.42,10.85,10.98,10.0,107.25,1,1,QLD,Hold QLD,No action,,Hold QLD while the Donchian20 signal remains 1.,0.0,0.0,6544.81,6544.81,5013.26,-7.65,0.0
2018-06-06,166.6,11.19,15.51,149.59,11.37,11.05,10.0,112.47,1,1,QLD,Hold QLD,No action,,Hold QLD while the Donchian20 signal remains 1.,0.0,0.0,6622.83,6622.83,5042.5,-6.55,0.0
2018-06-07,165.24,11.01,16.45,149.74,10.35,11.19,10.16,82.95,1,1,QLD,Hold QLD,No action,,Hold QLD while the Donchian20 signal remains 1.,0.0,0.0,6519.29,6519.29,5001.5,-8.01,-0.81
2018-06-08,165.25,11.0,16.51,149.9,10.24,11.19,10.16,81.87,1,1,QLD,Hold QLD,No action,,Hold QLD while the Donchian20 signal remains 1.,0.0,0.0,6512.73,6512.73,5001.79,-8.1,-0.81
2018-06-11,165.7,11.06,16.45,150.06,10.42,11.19,10.16,87.64,1,1,QLD,Hold QLD,No action,,Hold QLD while the Donchian20 signal remains 1.,0.0,0.0,6547.73,6547.73,5015.26,-7.61,-0.54
2018-06-12,166.57,11.18,15.7,150.22,10.88,11.19,10.16,99.04,1,1,QLD,Hold QLD,No action,,Hold QLD while the Donchian20 signal remains 1.,0.0,0.0,6617.0,6617.0,5041.65,-6.63,-0.02
2018-06-13,166.56,11.17,16.32,150.38,10.76,11.19,10.16,98.08,1,1,QLD,Hold QLD,No action,,Hold QLD while the Donchian20 signal remains 1.,0.0,0.0,6611.17,6611.17,5041.36,-6.71,-0.02
2018-06-14,168.25,11.4,15.94,150.56,11.75,11.19,10.16,120.77,1,1,QLD,Hold QLD,No action,,Hold QLD while the Donchian20 signal remains 1.,0.0,0.0,6748.97,6748.97,5092.4,-4.77,0.0
2018-06-15,167.66,11.32,15.42,150.73,11.23,11.4,10.16,93.54,1,1,QLD,Hold QLD,No action,,Hold QLD while the Donchian20 signal remains 1.,0.0,0.0,6701.58,6701.58,5074.62,-5.44,-0.35
2018-06-18,167.56,11.3,16.82,150.9,11.04,11.4,10.16,92.45,1,1,QLD,Hold QLD,No action,,Hold QLD while the Donchian20 signal remains 1.,0.0,0.0,6693.56,6693.56,5071.69,-5.55,-0.41
2018-06-19,167.09,11.24,17.29,151.06,10.61,11.4,10.25,85.87,1,1,QLD,Hold QLD,No action,,Hold QLD while the Donchian20 signal remains 1.,0.0,0.0,6652.73,6652.73,5057.32,-6.13,-0.69
2018-06-20,168.28,11.4,16.89,151.23,11.27,11.4,10.25,99.79,1,1,QLD,Hold QLD,No action,,Hold QLD while the Donchian20 signal remains 1.,0.0,0.0,6747.52,6747.52,5093.24,-4.79,0.0
2018-06-21,166.81,11.19,18.89,151.39,10.19,11.4,10.34,80.72,1,1,QLD,Hold QLD,No action,,Hold QLD while the Donchian20 signal remains 1.,0.0,0.0,6627.94,6627.94,5048.99,-6.48,-0.87
2018-06-22,166.44,11.12,18.38,151.54,9.84,11.4,10.34,73.98,1,1,QLD,Hold QLD,No action,,Hold QLD while the Donchian20 signal remains 1.,0.0,0.0,6585.65,6585.65,5037.78,-7.07,-1.09
2018-06-25,162.69,10.64,21.94,151.65,7.28,11.4,10.34,28.34,1,1,QLD,Hold QLD,No action,,Hold QLD while the Donchian20 signal remains 1.,0.0,0.0,6299.09,6299.09,4924.28,-11.12,-3.32
2018-06-26,163.36,10.73,20.51,151.76,7.64,11.4,10.34,36.82,1,1,QLD,Hold QLD,No action,,Hold QLD while the Donchian20 signal remains 1.,0.0,0.0,6352.32,6352.32,4944.39,-10.37,-2.92
2018-06-27,161.14,10.42,22.75,151.86,6.11,11.4,10.47,-4.77,1,0,QQQ,Hold QQQ,Reduce QLD to QQQ,QLD->QQQ_on_Donchian_exit,QLD closed below its prior 20-day low; the signal changed to 0 and the account reduced to QQQ.,0.0,6172.22,0.0,6172.22,4877.15,-12.91,-4.24
2018-06-28,162.52,10.61,21.76,151.96,6.95,11.4,10.42,19.47,0,0,QQQ,Hold QQQ,No action,,Hold QQQ after the Donchian exit while QQQ remains at or above EMA200.,0.0,6225.31,0.0,6225.31,4919.11,-12.16,-3.42
2018-06-29,162.96,10.65,20.88,152.07,7.16,11.4,10.42,22.88,0,0,QQQ,Hold QQQ,No action,,Hold QQQ after the Donchian exit while QQQ remains at or above EMA200.,0.0,6242.04,0.0,6242.04,4932.32,-11.92,-3.16
2018-07-02,164.05,10.81,20.81,152.19,7.79,11.4,10.42,39.32,0,0,QQQ,Hold QQQ,No action,,Hold QQQ after the Donchian exit while QQQ remains at or above EMA200.,0.0,6283.86,0.0,6283.86,4965.37,-11.33,-2.51
2018-07-03,162.15,10.55,21.79,152.29,6.48,11.4,10.42,13.4,0,0,QQQ,Hold QQQ,No action,,Hold QQQ after the Donchian exit while QQQ remains at or above EMA200.,0.0,6211.13,0.0,6211.13,4907.9,-12.36,-3.64
2018-07-05,164.17,10.82,20.35,152.41,7.71,11.4,10.42,40.33,0,0,QQQ,Hold QQQ,No action,,Hold QQQ after the Donchian exit while QQQ remains at or above EMA200.,0.0,6288.23,0.0,6288.23,4968.82,-11.27,-2.44
2018-07-06,166.72,11.14,18.72,152.55,9.29,11.4,10.42,73.83,0,0,QQQ,Hold QQQ,No action,,Hold QQQ after the Donchian exit while QQQ remains at or above EMA200.,0.0,6386.05,0.0,6386.05,5046.11,-9.89,-0.93
2018-07-09,168.22,11.35,17.91,152.71,10.16,11.4,10.42,95.07,0,0,QQQ,Hold QQQ,No action,,Hold QQQ after the Donchian exit while QQQ remains at or above EMA200.,0.0,6443.5,0.0,6443.5,5091.52,-9.08,-0.03
2018-07-10,168.34,11.37,17.9,152.86,10.13,11.4,10.42,96.84,0,0,QQQ,Hold QQQ,No action,,Hold QQQ after the Donchian exit while QQQ remains at or above EMA200.,0.0,6448.23,0.0,6448.23,5095.25,-9.01,0.0
2018-07-11,167.49,11.25,18.27,153.01,9.46,11.4,10.42,85.21,0,0,QQQ,Hold QQQ,No action,,Hold QQQ after the Donchian exit while QQQ remains at or above EMA200.,0.0,6415.5,0.0,6415.5,5069.39,-9.47,-0.51
2018-07-12,170.37,11.62,17.12,153.18,11.22,11.4,10.42,123.14,0,1,QLD,Hold QLD,Buy QLD,toQLD,QLD closed above its prior 20-day high; the signal changed to 1 and the account moved fully into QLD.,0.0,0.0,6526.05,6526.05,5156.74,-7.91,0.0
2018-07-13,170.52,11.65,16.88,153.35,11.19,11.62,10.42,101.95,1,1,QLD,Hold QLD,No action,,Hold QLD while the Donchian20 signal remains 1.,0.0,0.0,6539.18,6539.18,5161.05,-7.73,0.0
2018-07-16,170.11,11.6,17.72,153.52,10.81,11.65,10.42,95.87,1,1,QLD,Hold QLD,No action,,Hold QLD while the Donchian20 signal remains 1.,0.0,0.0,6510.84,6510.84,5148.7,-8.13,-0.24
2018-07-17,171.14,11.74,16.71,153.7,11.35,11.65,10.42,107.75,1,1,QLD,Hold QLD,No action,,Hold QLD while the Donchian20 signal remains 1.,0.0,0.0,6592.42,6592.42,5180.02,-6.98,0.0
2018-07-18,170.82,11.69,16.53,153.87,11.02,11.74,10.42,96.07,1,1,QLD,Hold QLD,No action,,Hold QLD while the Donchian20 signal remains 1.,0.0,0.0,6563.38,6563.38,5170.25,-7.39,-0.19
2018-07-19,169.97,11.58,17.35,154.03,10.35,11.74,10.42,87.38,1,1,QLD,Hold QLD,No action,,Hold QLD while the Donchian20 signal remains 1.,0.0,0.0,6499.08,6499.08,5144.39,-8.29,-0.69
2018-07-20,169.93,11.56,17.11,154.18,10.21,11.74,10.42,86.26,1,1,QLD,Hold QLD,No action,,Hold QLD while the Donchian20 signal remains 1.,0.0,0.0,6490.79,6490.79,5143.24,-8.41,-0.71
2018-07-23,170.47,11.63,16.49,154.35,10.45,11.74,10.42,91.78,1,1,QLD,Hold QLD,No action,,Hold QLD while the Donchian20 signal remains 1.,0.0,0.0,6531.58,6531.58,5159.62,-7.84,-0.39
2018-07-24,171.17,11.73,17.13,154.51,10.78,11.74,10.42,99.44,1,1,QLD,Hold QLD,No action,,Hold QLD while the Donchian20 signal remains 1.,0.0,0.0,6588.27,6588.27,5180.88,-7.04,0.0
2018-07-25,173.56,12.06,16.67,154.7,12.19,11.74,10.42,123.83,1,1,QLD,Hold QLD,No action,,Hold QLD while the Donchian20 signal remains 1.,0.0,0.0,6768.73,6768.73,5253.29,-4.49,0.0
2018-07-26,170.93,11.71,16.87,154.86,10.38,12.06,10.42,78.57,1,1,QLD,Hold QLD,No action,,Hold QLD while the Donchian20 signal remains 1.,0.0,0.0,6572.37,6572.37,5173.7,-7.26,-1.52
2018-07-27,168.63,11.38,18.72,155.0,8.79,12.06,10.55,55.21,1,1,QLD,Hold QLD,No action,,Hold QLD while the Donchian20 signal remains 1.,0.0,0.0,6391.23,6391.23,5103.87,-9.82,-2.84
2018-07-30,166.24,11.06,20.44,155.11,7.18,12.06,10.55,33.47,1,1,QLD,Hold QLD,No action,,Hold QLD while the Donchian20 signal remains 1.,0.0,0.0,6208.01,6208.01,5031.75,-12.4,-4.22
2018-07-31,167.52,11.18,19.17,155.24,7.91,12.06,10.55,41.92,1,1,QLD,Hold QLD,No action,,Hold QLD while the Donchian20 signal remains 1.,0.0,0.0,6279.22,6279.22,5070.25,-11.4,-3.48
2018-08-01,168.15,11.3,18.49,155.37,8.23,12.06,10.55,49.8,1,1,QLD,Hold QLD,No action,,Hold QLD while the Donchian20 signal remains 1.,0.0,0.0,6345.6,6345.6,5089.5,-10.46,-3.12
2018-08-02,170.44,11.61,16.31,155.52,9.6,12.06,10.82,64.02,1,1,QLD,Hold QLD,No action,,Hold QLD while the Donchian20 signal remains 1.,0.0,0.0,6518.44,6518.44,5158.75,-8.02,-1.8
2018-08-03,170.96,11.68,15.81,155.67,9.82,12.06,11.06,62.02,1,1,QLD,Hold QLD,No action,,Hold QLD while the Donchian20 signal remains 1.,0.0,0.0,6555.78,6555.78,5174.56,-7.5,-1.5
2018-08-06,171.97,11.82,15.47,155.83,10.36,12.06,11.06,76.57,1,1,QLD,Hold QLD,No action,,Hold QLD while the Donchian20 signal remains 1.,0.0,0.0,6637.36,6637.36,5205.02,-6.34,-0.92
2018-08-07,172.6,11.89,14.76,156.0,10.64,12.06,11.06,83.6,1,1,QLD,Hold QLD,No action,,Hold QLD while the Donchian20 signal remains 1.,0.0,0.0,6676.77,6676.77,5223.98,-5.79,-0.56
2018-08-08,172.8,11.91,14.83,156.17,10.65,12.06,11.06,85.7,1,1,QLD,Hold QLD,No action,,Hold QLD while the Donchian20 signal remains 1.,0.0,0.0,6688.53,6688.53,5230.31,-5.62,-0.44
2018-08-09,172.7,11.9,14.91,156.33,10.47,12.06,11.06,84.71,1,1,QLD,Hold QLD,No action,,Hold QLD while the Donchian20 signal remains 1.,0.0,0.0,6683.0,6683.0,5227.14,-5.7,-0.5
2018-08-10,171.38,11.73,16.22,156.48,9.52,12.06,11.06,66.95,1,1,QLD,Hold QLD,No action,,Hold QLD while the Donchian20 signal remains 1.,0.0,0.0,6583.43,6583.43,5187.2,-7.1,-1.26
2018-08-13,171.19,11.7,16.52,156.63,9.3,12.06,11.06,64.86,1,1,QLD,Hold QLD,No action,,Hold QLD while the Donchian20 signal remains 1.,0.0,0.0,6571.68,6571.68,5181.46,-7.27,-1.37
2018-08-14,172.26,11.85,15.16,156.78,9.87,12.06,11.06,79.04,1,1,QLD,Hold QLD,No action,,Hold QLD while the Donchian20 signal remains 1.,0.0,0.0,6651.19,6651.19,5213.93,-6.15,-0.75
2018-08-15,170.16,11.56,17.19,156.91,8.44,12.06,11.06,50.56,1,1,QLD,Hold QLD,No action,,Hold QLD while the Donchian20 signal remains 1.,0.0,0.0,6491.48,6491.48,5150.13,-8.4,-1.96
2018-08-16,170.72,11.63,16.43,157.05,8.7,12.06,11.06,56.97,1,1,QLD,Hold QLD,No action,,Hold QLD while the Donchian20 signal remains 1.,0.0,0.0,6527.43,6527.43,5167.09,-7.9,-1.64
2018-08-17,170.75,11.63,15.86,157.19,8.63,12.06,11.06,57.58,1,1,QLD,Hold QLD,No action,,Hold QLD while the Donchian20 signal remains 1.,0.0,0.0,6530.89,6530.89,5168.24,-7.85,-1.62
2018-08-20,170.6,11.61,16.29,157.32,8.44,12.06,11.06,55.86,1,1,QLD,Hold QLD,No action,,Hold QLD while the Donchian20 signal remains 1.,0.0,0.0,6521.21,6521.21,5163.64,-7.98,-1.71
2018-08-21,171.23,11.69,16.22,157.46,8.74,12.06,11.06,63.87,1,1,QLD,Hold QLD,No action,,Hold QLD while the Donchian20 signal remains 1.,0.0,0.0,6566.15,6566.15,5182.61,-7.35,-1.35
2018-08-22,171.89,11.78,15.64,157.6,9.07,12.06,11.06,72.5,1,1,QLD,Hold QLD,No action,,Hold QLD while the Donchian20 signal remains 1.,0.0,0.0,6614.55,6614.55,5202.72,-6.67,-0.96
2018-08-23,171.65,11.75,15.79,157.74,8.81,11.91,11.06,80.58,1,1,QLD,Hold QLD,No action,,Hold QLD while the Donchian20 signal remains 1.,0.0,0.0,6595.19,6595.19,5195.25,-6.94,-1.1
2018-08-24,173.24,11.96,15.16,157.9,9.72,11.91,11.06,105.76,1,1,QLD,Hold QLD,No action,,Hold QLD while the Donchian20 signal remains 1.,0.0,0.0,6716.18,6716.18,5243.52,-5.23,-0.19
2018-08-27,175.01,12.2,15.6,158.07,10.72,11.96,11.06,126.67,1,1,QLD,Hold QLD,No action,,Hold QLD while the Donchian20 signal remains 1.,0.0,0.0,6851.69,6851.69,5296.97,-3.32,0.0
2018-08-28,175.26,12.24,15.42,158.24,10.76,12.2,11.18,103.74,1,1,QLD,Hold QLD,No action,,Hold QLD while the Donchian20 signal remains 1.,0.0,0.0,6873.13,6873.13,5304.73,-3.02,0.0
2018-08-29,177.29,12.52,15.27,158.43,11.9,12.24,11.3,130.14,1,1,QLD,Hold QLD,No action,,Hold QLD while the Donchian20 signal remains 1.,0.0,0.0,7032.15,7032.15,5365.93,-0.77,0.0
2018-08-30,176.97,12.47,16.02,158.61,11.57,12.52,11.56,94.5,1,1,QLD,Hold QLD,No action,,Hold QLD while the Donchian20 signal remains 1.,0.0,0.0,7002.42,7002.42,5356.45,-1.19,-0.18
2018-08-31,177.2,12.5,16.04,158.8,11.59,12.52,11.56,97.57,1,1,QLD,Hold QLD,No action,,Hold QLD while the Donchian20 signal remains 1.,0.0,0.0,7019.01,7019.01,5363.34,-0.96,-0.05
2018-09-04,176.44,12.4,17.1,158.97,10.99,12.52,11.56,87.08,1,1,QLD,Hold QLD,No action,,Hold QLD while the Donchian20 signal remains 1.,0.0,0.0,6962.32,6962.32,5340.36,-1.76,-0.48
2018-09-05,174.16,12.08,18.65,159.12,9.45,12.52,11.56,53.71,1,1,QLD,Hold QLD,No action,,Hold QLD while the Donchian20 signal remains 1.,0.0,0.0,6781.86,6781.86,5271.39,-4.3,-1.76
2018-09-06,172.6,11.86,19.17,159.26,8.38,12.52,11.56,31.07,1,1,QLD,Hold QLD,No action,,Hold QLD while the Donchian20 signal remains 1.,0.0,0.0,6659.49,6659.49,5224.27,-6.03,-2.64
2018-09-07,171.94,11.79,19.76,159.39,7.88,12.52,11.56,23.4,1,1,QLD,Hold QLD,No action,,Hold QLD while the Donchian20 signal remains 1.,0.0,0.0,6618.01,6618.01,5204.15,-6.62,-3.01
2018-09-10,172.52,11.84,19.04,159.52,8.15,12.52,11.56,29.03,1,1,QLD,Hold QLD,No action,,Hold QLD while the Donchian20 signal remains 1.,0.0,0.0,6648.43,6648.43,5221.68,-6.19,-2.69
2018-09-11,173.85,12.02,17.83,159.66,8.89,12.52,11.56,47.7,1,1,QLD,Hold QLD,No action,,Hold QLD while the Donchian20 signal remains 1.,0.0,0.0,6749.37,6749.37,5261.91,-4.76,-1.94
2018-09-12,173.34,11.96,17.47,159.79,8.47,12.52,11.56,41.05,1,1,QLD,Hold QLD,No action,,Hold QLD while the Donchian20 signal remains 1.,0.0,0.0,6713.42,6713.42,5246.4,-5.27,-2.23
2018-09-13,175.19,12.19,16.45,159.95,9.53,12.52,11.56,65.35,1,1,QLD,Hold QLD,No action,,Hold QLD while the Donchian20 signal remains 1.,0.0,0.0,6844.78,6844.78,5302.43,-3.42,-1.18
2018-09-14,174.67,12.13,16.12,160.09,9.11,12.52,11.61,56.29,1,1,QLD,Hold QLD,No action,,Hold QLD while the Donchian20 signal remains 1.,0.0,0.0,6808.83,6808.83,5286.91,-3.92,-1.47
2018-09-17,172.16,11.78,18.5,160.21,7.46,12.52,11.61,18.67,1,1,QLD,Hold QLD,No action,,Hold QLD while the Donchian20 signal remains 1.,0.0,0.0,6616.62,6616.62,5210.76,-6.64,-2.89
2018-09-18,173.58,11.97,17.35,160.35,8.25,12.52,11.61,39.38,1,1,QLD,Hold QLD,No action,,Hold QLD while the Donchian20 signal remains 1.,0.0,0.0,6722.4,6722.4,5253.87,-5.14,-2.09
2018-09-19,173.45,11.96,16.9,160.48,8.08,12.52,11.69,31.75,1,1,QLD,Hold QLD,No action,,Hold QLD while the Donchian20 signal remains 1.,0.0,0.0,6714.11,6714.11,5249.84,-5.26,-2.16
2018-09-20,175.37,12.21,16.2,160.63,9.18,12.52,11.75,59.18,1,1,QLD,Hold QLD,No action,,Hold QLD while the Donchian20 signal remains 1.,0.0,0.0,6853.77,6853.77,5307.89,-3.29,-1.08
2018-09-21,174.41,12.08,16.84,160.76,8.49,12.52,11.75,43.2,1,1,QLD,Hold QLD,No action,,Hold QLD while the Donchian20 signal remains 1.,0.0,0.0,6783.94,6783.94,5278.87,-4.28,-1.62
2018-09-24,174.89,12.14,17.25,160.9,8.69,12.52,11.78,48.25,1,1,QLD,Hold QLD,No action,,Hold QLD while the Donchian20 signal remains 1.,0.0,0.0,6817.13,6817.13,5293.55,-3.81,-1.35
2018-09-25,175.13,12.18,17.07,161.05,8.75,12.52,11.78,53.41,1,1,QLD,Hold QLD,No action,,Hold QLD while the Donchian20 signal remains 1.,0.0,0.0,6838.56,6838.56,5300.74,-3.5,-1.21
2018-09-26,175.26,12.19,17.4,161.19,8.73,12.52,11.78,54.58,1,1,QLD,Hold QLD,No action,,Hold QLD while the Donchian20 signal remains 1.,0.0,0.0,6843.4,6843.4,5304.49,-3.44,-1.15
2018-09-27,176.74,12.4,16.75,161.34,9.54,12.52,11.78,82.53,1,1,QLD,Hold QLD,No action,,Hold QLD while the Donchian20 signal remains 1.,0.0,0.0,6959.55,6959.55,5349.39,-1.8,-0.31
2018-09-28,176.7,12.4,16.58,161.49,9.42,12.5,11.78,85.57,1,1,QLD,Hold QLD,No action,,Hold QLD while the Donchian20 signal remains 1.,0.0,0.0,6960.93,6960.93,5348.24,-1.78,-0.33
2018-10-01,177.06,12.44,17.09,161.65,9.54,12.5,11.78,91.24,1,1,QLD,Hold QLD,No action,,Hold QLD while the Donchian20 signal remains 1.,0.0,0.0,6983.75,6983.75,5359.18,-1.46,-0.13
2018-10-02,176.66,12.38,17.55,161.8,9.19,12.44,11.78,91.15,1,1,QLD,Hold QLD,No action,,Hold QLD while the Donchian20 signal remains 1.,0.0,0.0,6951.26,6951.26,5347.09,-1.91,-0.35
2018-10-03,176.85,12.42,17.5,161.95,9.2,12.44,11.78,96.61,1,1,QLD,Hold QLD,No action,,Hold QLD while the Donchian20 signal remains 1.,0.0,0.0,6971.31,6971.31,5352.85,-1.63,-0.24
2018-10-04,173.46,11.94,20.12,162.06,7.03,12.44,11.78,22.98,1,1,QLD,Hold QLD,No action,,Hold QLD while the Donchian20 signal remains 1.,0.0,0.0,6700.97,6700.97,5250.08,-5.45,-2.16
2018-10-05,171.34,11.65,21.5,162.15,5.66,12.44,11.78,-20.72,1,0,QQQ,Hold QQQ,Reduce QLD to QQQ,QLD->QQQ_on_Donchian_exit,QLD closed below its prior 20-day low; the signal changed to 0 and the account reduced to QQQ.,0.0,6540.57,0.0,6540.57,5185.89,-7.71,-3.36
2018-10-08,170.29,11.5,22.19,162.24,4.96,12.44,11.65,-19.03,0,0,QQQ,Hold QQQ,No action,,Hold QQQ after the Donchian exit while QQQ remains at or above EMA200.,0.0,6500.63,0.0,6500.63,5154.22,-8.27,-3.95
2018-10-09,170.84,11.56,21.62,162.32,5.25,12.44,11.5,6.82,0,0,QQQ,Hold QQQ,No action,,Hold QQQ after the Donchian exit while QQQ remains at or above EMA200.,0.0,6521.69,0.0,6521.69,5170.92,-7.98,-3.63
2018-10-10,163.33,10.56,27.53,162.33,0.61,12.44,11.5,-100.39,0,0,QQQ,Hold QQQ,No action,,Hold QQQ after the Donchian exit while QQQ remains at or above EMA200.,0.0,6234.87,0.0,6234.87,4943.5,-12.02,-7.87
2018-10-11,161.3,10.29,27.76,162.32,-0.63,12.44,10.56,-14.06,0,0,Cash,Hold Cash,Sell QQQ to Cash,QQQ->Cash_below_EMA200,QQQ closed below EMA200 while held; the account moved fully to Cash.,6157.54,0.0,0.0,6157.54,4882.19,-13.11,-9.02
2018-10-12,165.79,10.86,24.69,162.36,2.12,12.44,10.29,26.61,0,0,Cash,Hold Cash,No action,,Hold Cash until QLD creates a new Donchian20 breakout; QQQ moving above EMA200 alone is not a re-entry.,6157.54,0.0,0.0,6157.54,5018.06,-13.11,-6.48
2018-10-15,163.79,10.59,26.81,162.37,0.87,12.44,10.29,13.76,0,0,Cash,Hold Cash,No action,,Hold Cash until QLD creates a new Donchian20 breakout; QQQ moving above EMA200 alone is not a re-entry.,6157.54,0.0,0.0,6157.54,4957.32,-13.11,-7.61
2018-10-16,168.55,11.2,22.51,162.43,3.77,12.44,10.29,42.43,0,0,Cash,Hold Cash,No action,,Hold Cash until QLD creates a new Donchian20 breakout; QQQ moving above EMA200 alone is not a re-entry.,6157.54,0.0,0.0,6157.54,5101.54,-13.11,-4.93
2018-10-17,168.62,11.22,22.93,162.49,3.77,12.44,10.29,43.06,0,0,Cash,Hold Cash,No action,,Hold Cash until QLD creates a new Donchian20 breakout; QQQ moving above EMA200 alone is not a re-entry.,6157.54,0.0,0.0,6157.54,5103.56,-13.11,-4.89
2018-10-18,164.71,10.71,26.08,162.52,1.35,12.44,10.29,19.72,0,0,Cash,Hold Cash,No action,,Hold Cash until QLD creates a new Donchian20 breakout; QQQ moving above EMA200 alone is not a re-entry.,6157.54,0.0,0.0,6157.54,4985.24,-13.11,-7.09
2018-10-19,164.56,10.67,25.77,162.54,1.24,12.44,10.29,17.83,0,0,Cash,Hold Cash,No action,,Hold Cash until QLD creates a new Donchian20 breakout; QQQ moving above EMA200 alone is not a re-entry.,6157.54,0.0,0.0,6157.54,4980.64,-13.11,-7.18
2018-10-22,165.4,10.79,25.16,162.56,1.75,12.44,10.29,23.05,0,0,Cash,Hold Cash,No action,,Hold Cash until QLD creates a new Donchian20 breakout; QQQ moving above EMA200 alone is not a re-entry.,6157.54,0.0,0.0,6157.54,5006.26,-13.11,-6.7
2018-10-23,164.79,10.72,25.26,162.59,1.36,12.44,10.29,19.78,0,0,Cash,Hold Cash,No action,,Hold Cash until QLD creates a new Donchian20 breakout; QQQ moving above EMA200 alone is not a re-entry.,6157.54,0.0,0.0,6157.54,4987.84,-13.11,-7.05
2018-10-24,157.25,9.72,30.25,162.53,-3.25,12.44,10.29,-26.55,0,0,Cash,Hold Cash,No action,,Hold Cash until QLD creates a new Donchian20 breakout; QQQ moving above EMA200 alone is not a re-entry.,6157.54,0.0,0.0,6157.54,4759.56,-13.11,-11.3
2018-10-25,162.69,10.38,29.54,162.53,0.1,12.44,9.72,24.15,0,0,Cash,Hold Cash,No action,,Hold Cash until QLD creates a new Donchian20 breakout; QQQ moving above EMA200 alone is not a re-entry.,6157.54,0.0,0.0,6157.54,4924.22,-13.11,-8.23
2018-10-26,158.51,9.88,29.87,162.49,-2.45,12.44,9.72,5.84,0,0,Cash,Hold Cash,No action,,Hold Cash until QLD creates a new Donchian20 breakout; QQQ moving above EMA200 alone is not a re-entry.,6157.54,0.0,0.0,6157.54,4797.56,-13.11,-10.59
2018-10-29,155.24,9.5,31.75,162.42,-4.42,12.44,9.72,-8.16,0,0,Cash,Hold Cash,No action,,Hold Cash until QLD creates a new Donchian20 breakout; QQQ moving above EMA200 alone is not a re-entry.,6157.54,0.0,0.0,6157.54,4698.82,-13.11,-12.43
2018-10-30,157.8,9.75,30.73,162.38,-2.82,12.42,9.5,8.57,0,0,Cash,Hold Cash,No action,,Hold Cash until QLD creates a new Donchian20 breakout; QQQ moving above EMA200 alone is not a re-entry.,6157.54,0.0,0.0,6157.54,4776.25,-13.11,-10.99
2018-10-31,161.51,10.2,29.12,162.37,-0.53,12.42,9.5,23.93,0,0,Cash,Hold Cash,No action,,Hold Cash until QLD creates a new Donchian20 breakout; QQQ moving above EMA200 alone is not a re-entry.,6157.54,0.0,0.0,6157.54,4888.52,-13.11,-8.9
2018-11-01,163.64,10.49,26.12,162.38,0.78,11.94,9.5,40.75,0,0,Cash,Hold Cash,No action,,Hold Cash until QLD creates a new Donchian20 breakout; QQQ moving above EMA200 alone is not a re-entry.,6157.54,0.0,0.0,6157.54,4953.0,-13.11,-7.7
2018-11-02,161.09,10.18,26.65,162.37,-0.78,11.65,9.5,31.44,0,0,Cash,Hold Cash,No action,,Hold Cash until QLD creates a new Donchian20 breakout; QQQ moving above EMA200 alone is not a re-entry.,6157.54,0.0,0.0,6157.54,4875.86,-13.11,-9.13
2018-11-05,160.69,10.11,27.26,162.35,-1.02,11.56,9.5,29.36,0,0,Cash,Hold Cash,No action,,Hold Cash until QLD creates a new Donchian20 breakout; QQQ moving above EMA200 alone is not a re-entry.,6157.54,0.0,0.0,6157.54,4863.76,-13.11,-9.36
2018-11-06,161.91,10.26,26.17,162.35,-0.27,11.56,9.5,36.81,0,0,Cash,Hold Cash,No action,,Hold Cash until QLD creates a new Donchian20 breakout; QQQ moving above EMA200 alone is not a re-entry.,6157.54,0.0,0.0,6157.54,4900.61,-13.11,-8.67
2018-11-07,166.99,10.89,22.39,162.39,2.83,11.22,9.5,81.21,0,0,Cash,Hold Cash,No action,,Hold Cash until QLD creates a new Donchian20 breakout; QQQ moving above EMA200 alone is not a re-entry.,6157.54,0.0,0.0,6157.54,5054.33,-13.11,-5.81
2018-11-08,165.93,10.76,22.86,162.43,2.15,11.22,9.5,73.46,0,0,Cash,Hold Cash,No action,,Hold Cash until QLD creates a new Donchian20 breakout; QQQ moving above EMA200 alone is not a re-entry.,6157.54,0.0,0.0,6157.54,5022.09,-13.11,-6.41
2018-11-09,163.13,10.39,24.27,162.44,0.43,11.22,9.5,52.15,0,0,Cash,Hold Cash,No action,,Hold Cash until QLD creates a new Donchian20 breakout; QQQ moving above EMA200 alone is not a re-entry.,6157.54,0.0,0.0,6157.54,4937.46,-13.11,-7.99
2018-11-12,158.19,9.78,28.11,162.39,-2.59,11.22,9.5,16.36,0,0,Cash,Hold Cash,No action,,Hold Cash until QLD creates a new Donchian20 breakout; QQQ moving above EMA200 alone is not a re-entry.,6157.54,0.0,0.0,6157.54,4788.06,-13.11,-10.77
2018-11-13,158.33,9.78,27.68,162.35,-2.48,11.22,9.5,16.57,0,0,Cash,Hold Cash,No action,,Hold Cash until QLD creates a new Donchian20 breakout; QQQ moving above EMA200 alone is not a re-entry.,6157.54,0.0,0.0,6157.54,4792.09,-13.11,-10.69
2018-11-14,157.12,9.62,28.37,162.3,-3.19,11.22,9.5,7.03,0,0,Cash,Hold Cash,No action,,Hold Cash until QLD creates a new Donchian20 breakout; QQQ moving above EMA200 alone is not a re-entry.,6157.54,0.0,0.0,6157.54,4755.53,-13.11,-11.38
2018-11-15,159.87,9.96,26.05,162.28,-1.48,10.89,9.5,33.22,0,0,Cash,Hold Cash,No action,,Hold Cash until QLD creates a new Donchian20 breakout; QQQ moving above EMA200 alone is not a re-entry.,6157.54,0.0,0.0,6157.54,4838.72,-13.11,-9.83
2018-11-16,159.31,9.9,24.38,162.25,-1.81,10.89,9.5,28.45,0,0,Cash,Hold Cash,No action,,Hold Cash until QLD creates a new Donchian20 breakout; QQQ moving above EMA200 alone is not a re-entry.,6157.54,0.0,0.0,6157.54,4821.74,-13.11,-10.14
2018-11-19,154.13,9.24,27.44,162.17,-4.95,10.89,9.5,-18.29,0,0,Cash,Hold Cash,No action,,Hold Cash until QLD creates a new Donchian20 breakout; QQQ moving above EMA200 alone is not a re-entry.,6157.54,0.0,0.0,6157.54,4665.14,-13.11,-13.06
2018-11-20,151.37,8.92,28.77,162.06,-6.59,10.89,9.24,-19.64,0,0,Cash,Hold Cash,No action,,Hold Cash until QLD creates a new Donchian20 breakout; QQQ moving above EMA200 alone is not a re-entry.,6157.54,0.0,0.0,6157.54,4581.66,-13.11,-14.62
2018-11-21,152.52,9.05,26.96,161.96,-5.83,10.89,8.92,6.43,0,0,Cash,Hold Cash,No action,,Hold Cash until QLD creates a new Donchian20 breakout; QQQ moving above EMA200 alone is not a re-entry.,6157.54,0.0,0.0,6157.54,4616.49,-13.11,-13.97
2018-11-23,151.42,8.92,27.93,161.86,-6.45,10.89,8.92,-0.25,0,0,Cash,Hold Cash,No action,,Hold Cash until QLD creates a new Donchian20 breakout; QQQ moving above EMA200 alone is not a re-entry.,6157.54,0.0,0.0,6157.54,4583.1,-13.11,-14.59
2018-11-26,154.92,9.33,26.02,161.79,-4.25,10.89,8.92,20.8,0,0,Cash,Hold Cash,No action,,Hold Cash until QLD creates a new Donchian20 breakout; QQQ moving above EMA200 alone is not a re-entry.,6157.54,0.0,0.0,6157.54,4689.03,-13.11,-12.61
2018-11-27,155.44,9.39,24.73,161.73,-3.88,10.89,8.92,24.16,0,0,Cash,Hold Cash,No action,,Hold Cash until QLD creates a new Donchian20 breakout; QQQ moving above EMA200 alone is not a re-entry.,6157.54,0.0,0.0,6157.54,4704.86,-13.11,-12.32
2018-11-28,160.45,9.98,24.11,161.71,-0.78,10.89,8.92,54.05,0,0,Cash,Hold Cash,No action,,Hold Cash until QLD creates a new Donchian20 breakout; QQQ moving above EMA200 alone is not a re-entry.,6157.54,0.0,0.0,6157.54,4856.28,-13.11,-9.5
2018-11-29,159.92,9.93,24.33,161.7,-1.1,10.89,8.92,51.06,0,0,Cash,Hold Cash,No action,,Hold Cash until QLD creates a new Donchian20 breakout; QQQ moving above EMA200 alone is not a re-entry.,6157.54,0.0,0.0,6157.54,4840.45,-13.11,-9.79
2018-11-30,161.08,10.08,24.02,161.69,-0.37,10.89,8.92,58.78,0,0,Cash,Hold Cash,No action,,Hold Cash until QLD creates a new Donchian20 breakout; QQQ moving above EMA200 alone is not a re-entry.,6157.54,0.0,0.0,6157.54,4875.57,-13.11,-9.14
2018-12-03,163.9,10.41,21.7,161.71,1.35,10.89,8.92,75.72,0,0,Cash,Hold Cash,No action,,Hold Cash until QLD creates a new Donchian20 breakout; QQQ moving above EMA200 alone is not a re-entry.,6157.54,0.0,0.0,6157.54,4960.77,-13.11,-7.55
2018-12-04,157.61,9.62,25.38,161.67,-2.51,10.89,8.92,35.37,0,0,Cash,Hold Cash,No action,,Hold Cash until QLD creates a new Donchian20 breakout; QQQ moving above EMA200 alone is not a re-entry.,6157.54,0.0,0.0,6157.54,4770.5,-13.11,-11.1
2018-12-06,158.73,9.75,25.97,161.64,-1.8,10.89,8.92,42.34,0,0,Cash,Hold Cash,No action,,Hold Cash until QLD creates a new Donchian20 breakout; QQQ moving above EMA200 alone is not a re-entry.,6157.54,0.0,0.0,6157.54,4804.18,-13.11,-10.47
2018-12-07,153.49,9.1,28.03,161.56,-5.0,10.89,8.92,9.34,0,0,Cash,Hold Cash,No action,,Hold Cash until QLD creates a new Donchian20 breakout; QQQ moving above EMA200 alone is not a re-entry.,6157.54,0.0,0.0,6157.54,4645.56,-13.11,-13.42
2018-12-10,155.09,9.29,27.2,161.5,-3.97,10.76,8.92,20.56,0,0,Cash,Hold Cash,No action,,Hold Cash until QLD creates a new Donchian20 breakout; QQQ moving above EMA200 alone is not a re-entry.,6157.54,0.0,0.0,6157.54,4694.21,-13.11,-12.52
2018-12-11,155.61,9.35,26.77,161.44,-3.61,10.41,8.92,29.19,0,0,Cash,Hold Cash,No action,,Hold Cash until QLD creates a new Donchian20 breakout; QQQ moving above EMA200 alone is not a re-entry.,6157.54,0.0,0.0,6157.54,4709.76,-13.11,-12.23
2018-12-12,156.98,9.52,26.3,161.39,-2.74,10.41,8.92,40.3,0,0,Cash,Hold Cash,No action,,Hold Cash until QLD creates a new Donchian20 breakout; QQQ moving above EMA200 alone is not a re-entry.,6157.54,0.0,0.0,6157.54,4751.21,-13.11,-11.46
2018-12-13,157.02,9.53,25.8,161.35,-2.68,10.41,8.92,40.87,0,0,Cash,Hold Cash,No action,,Hold Cash until QLD creates a new Donchian20 breakout; QQQ moving above EMA200 alone is not a re-entry.,6157.54,0.0,0.0,6157.54,4752.65,-13.11,-11.43
2018-12-14,153.2,9.04,27.62,161.27,-5.0,10.41,8.92,7.98,0,0,Cash,Hold Cash,No action,,Hold Cash until QLD creates a new Donchian20 breakout; QQQ moving above EMA200 alone is not a re-entry.,6157.54,0.0,0.0,6157.54,4636.93,-13.11,-13.59
2018-12-17,149.73,8.66,30.07,161.15,-7.09,10.41,8.92,-17.35,0,0,Cash,Hold Cash,No action,,Hold Cash until QLD creates a new Donchian20 breakout; QQQ moving above EMA200 alone is not a re-entry.,6157.54,0.0,0.0,6157.54,4531.86,-13.11,-15.54
2018-12-18,150.67,8.75,29.31,161.05,-6.44,10.41,8.66,5.4,0,0,Cash,Hold Cash,No action,,Hold Cash until QLD creates a new Donchian20 breakout; QQQ moving above EMA200 alone is not a re-entry.,6157.54,0.0,0.0,6157.54,4560.36,-13.11,-15.01
2018-12-19,146.97,8.34,29.43,160.91,-8.66,10.41,8.66,-18.15,0,0,Cash,Hold Cash,No action,,Hold Cash until QLD creates a new Donchian20 breakout; QQQ moving above EMA200 alone is not a re-entry.,6157.54,0.0,0.0,6157.54,4448.38,-13.11,-17.1
2018-12-20,144.84,8.09,31.0,160.75,-9.9,10.41,8.34,-12.04,0,0,Cash,Hold Cash,No action,,Hold Cash until QLD creates a new Donchian20 breakout; QQQ moving above EMA200 alone is not a re-entry.,6157.54,0.0,0.0,6157.54,4383.89,-13.11,-18.3
2018-12-21,140.35,7.57,33.87,160.55,-12.58,10.41,8.09,-22.39,0,0,Cash,Hold Cash,No action,,Hold Cash until QLD creates a new Donchian20 breakout; QQQ moving above EMA200 alone is not a re-entry.,6157.54,0.0,0.0,6157.54,4248.02,-13.11,-20.83
2018-12-24,136.87,7.21,38.68,160.31,-14.62,10.41,7.57,-12.63,0,0,Cash,Hold Cash,No action,,Hold Cash until QLD creates a new Donchian20 breakout; QQQ moving above EMA200 alone is not a re-entry.,6157.54,0.0,0.0,6157.54,4142.68,-13.11,-22.8
2018-12-26,145.42,8.09,33.7,160.16,-9.21,10.41,7.21,27.67,0,0,Cash,Hold Cash,No action,,Hold Cash until QLD creates a new Donchian20 breakout; QQQ moving above EMA200 alone is not a re-entry.,6157.54,0.0,0.0,6157.54,4401.34,-13.11,-17.98
2018-12-27,145.98,8.16,34.37,160.02,-8.78,10.41,7.21,29.78,0,0,Cash,Hold Cash,No action,,Hold Cash until QLD creates a new Donchian20 breakout; QQQ moving above EMA200 alone is not a re-entry.,6157.54,0.0,0.0,6157.54,4418.38,-13.11,-17.66
2018-12-28,145.9,8.15,34.2,159.88,-8.74,10.41,7.21,29.47,0,0,Cash,Hold Cash,No action,,Hold Cash until QLD creates a new Donchian20 breakout; QQQ moving above EMA200 alone is not a re-entry.,6157.54,0.0,0.0,6157.54,4416.07,-13.11,-17.7
2018-12-31,147.13,8.28,31.44,159.75,-7.9,10.41,7.21,33.47,0,0,Cash,Hold Cash,No action,,Hold Cash until QLD creates a new Donchian20 breakout; QQQ moving above EMA200 alone is not a re-entry.,6157.54,0.0,0.0,6157.54,4453.31,-13.11,-17.01
2019-01-02,147.72,8.34,30.09,159.63,-7.46,10.41,7.21,35.39,0,0,Cash,Hold Cash,No action,,Hold Cash until QLD creates a new Donchian20 breakout; QQQ moving above EMA200 alone is not a re-entry.,6157.54,0.0,0.0,6157.54,4471.21,-13.11,-16.67
2019-01-03,142.9,7.78,32.18,159.47,-10.39,10.41,7.21,17.95,0,0,Cash,Hold Cash,No action,,Hold Cash until QLD creates a new Donchian20 breakout; QQQ moving above EMA200 alone is not a re-entry.,6157.54,0.0,0.0,6157.54,4325.13,-13.11,-19.4
2019-01-04,149.01,8.48,28.57,159.36,-6.5,9.75,7.21,49.99,0,0,Cash,Hold Cash,No action,,Hold Cash until QLD creates a new Donchian20 breakout; QQQ moving above EMA200 alone is not a re-entry.,6157.54,0.0,0.0,6157.54,4510.18,-13.11,-15.95
2019-01-07,150.79,8.65,28.53,159.28,-5.33,9.75,7.21,56.71,0,0,Cash,Hold Cash,No action,,Hold Cash until QLD creates a new Donchian20 breakout; QQQ moving above EMA200 alone is not a re-entry.,6157.54,0.0,0.0,6157.54,4563.87,-13.11,-14.95
2019-01-08,152.15,8.82,27.66,159.21,-4.43,9.53,7.21,69.65,0,0,Cash,Hold Cash,No action,,Hold Cash until QLD creates a new Donchian20 breakout; QQQ moving above EMA200 alone is not a re-entry.,6157.54,0.0,0.0,6157.54,4605.16,-13.11,-14.18
2019-01-09,153.39,8.95,26.42,159.15,-3.62,9.53,7.21,75.33,0,0,Cash,Hold Cash,No action,,Hold Cash until QLD creates a new Donchian20 breakout; QQQ moving above EMA200 alone is not a re-entry.,6157.54,0.0,0.0,6157.54,4642.69,-13.11,-13.48
2019-01-10,153.83,9.0,25.91,159.1,-3.31,9.53,7.21,77.29,0,0,Cash,Hold Cash,No action,,Hold Cash until QLD creates a new Donchian20 breakout; QQQ moving above EMA200 alone is not a re-entry.,6157.54,0.0,0.0,6157.54,4655.97,-13.11,-13.23
2019-01-11,153.27,8.95,24.78,159.04,-3.63,9.53,7.21,74.96,0,0,Cash,Hold Cash,No action,,Hold Cash until QLD creates a new Donchian20 breakout; QQQ moving above EMA200 alone is not a re-entry.,6157.54,0.0,0.0,6157.54,4638.93,-13.11,-13.55
2019-01-14,151.91,8.78,25.74,158.97,-4.44,9.53,7.21,67.95,0,0,Cash,Hold Cash,No action,,Hold Cash until QLD creates a new Donchian20 breakout; QQQ moving above EMA200 alone is not a re-entry.,6157.54,0.0,0.0,6157.54,4597.94,-13.11,-14.31
2019-01-15,154.88,9.13,23.66,158.93,-2.55,9.04,7.21,105.19,0,1,QLD,Hold QLD,Buy QLD,toQLD,QLD closed above its prior 20-day high; the signal changed to 1 and the account moved fully into QLD.,0.0,0.0,6157.54,6157.54,4687.72,-13.11,-12.64
2019-01-16,154.85,9.13,24.07,158.89,-2.54,9.13,7.21,99.87,1,1,QLD,Hold QLD,No action,,Hold QLD while the Donchian20 signal remains 1.,0.0,0.0,6155.88,6155.88,4686.86,-13.14,-12.66
2019-01-17,156.07,9.26,23.34,158.86,-1.76,9.13,7.21,106.6,1,1,QLD,Hold QLD,No action,,Hold QLD while the Donchian20 signal remains 1.,0.0,0.0,6243.14,6243.14,4723.81,-11.91,-11.97
2019-01-18,157.62,9.44,21.89,158.85,-0.77,9.26,7.21,108.77,1,1,QLD,Hold QLD,No action,,Hold QLD while the Donchian20 signal remains 1.,0.0,0.0,6364.48,6364.48,4770.57,-10.19,-11.1
2019-01-22,154.46,9.08,25.02,158.8,-2.74,9.44,7.21,83.87,1,1,QLD,Hold QLD,No action,,Hold QLD while the Donchian20 signal remains 1.,0.0,0.0,6121.8,6121.8,4675.02,-13.62,-12.88
2019-01-23,154.66,9.09,24.5,158.76,-2.58,9.44,7.21,84.36,1,1,QLD,Hold QLD,No action,,Hold QLD while the Donchian20 signal remains 1.,0.0,0.0,6129.28,6129.28,4681.08,-13.51,-12.76
2019-01-24,155.66,9.2,23.49,158.73,-1.93,9.44,7.21,89.28,1,1,QLD,Hold QLD,No action,,Hold QLD while the Donchian20 signal remains 1.,0.0,0.0,6203.25,6203.25,4711.4,-12.47,-12.2
2019-01-25,157.52,9.43,21.78,158.72,-0.76,9.44,7.78,99.55,1,1,QLD,Hold QLD,No action,,Hold QLD while the Donchian20 signal remains 1.,0.0,0.0,6359.49,6359.49,4767.69,-10.26,-11.15
2019-01-28,155.57,9.19,23.43,158.69,-1.96,9.44,7.78,84.96,1,1,QLD,Hold QLD,No action,,Hold QLD while the Donchian20 signal remains 1.,0.0,0.0,6196.6,6196.6,4708.8,-12.56,-12.25
2019-01-29,154.11,9.01,23.86,158.64,-2.86,9.44,7.78,74.09,1,1,QLD,Hold QLD,No action,,Hold QLD while the Donchian20 signal remains 1.,0.0,0.0,6075.26,6075.26,4664.34,-14.28,-13.07
2019-01-30,158.03,9.48,21.18,158.64,-0.38,9.44,7.78,102.83,1,1,QLD,Hold QLD,No action,,Hold QLD while the Donchian20 signal remains 1.,0.0,0.0,6396.06,6396.06,4782.99,-9.75,-10.86
2019-01-31,160.39,9.76,20.24,158.65,1.1,9.48,7.78,116.0,1,1,QLD,Hold QLD,No action,,Hold QLD while the Donchian20 signal remains 1.,0.0,0.0,6579.73,6579.73,4854.58,-7.16,-9.53
2019-02-01,159.71,9.67,19.8,158.66,0.66,9.76,7.78,95.44,1,1,QLD,Hold QLD,No action,,Hold QLD while the Donchian20 signal remains 1.,0.0,0.0,6519.06,6519.06,4834.09,-8.01,-9.91
2019-02-04,161.7,9.9,19.68,158.69,1.89,9.76,8.48,111.58,1,1,QLD,Hold QLD,No action,,Hold QLD while the Donchian20 signal remains 1.,0.0,0.0,6679.46,6679.46,4894.13,-5.75,-8.79
2019-02-05,163.13,10.08,19.47,158.74,2.77,9.9,8.65,114.26,1,1,QLD,Hold QLD,No action,,Hold QLD while the Donchian20 signal remains 1.,0.0,0.0,6799.97,6799.97,4937.44,-4.05,-7.99
2019-02-06,162.64,10.02,19.74,158.78,2.43,10.08,8.78,94.88,1,1,QLD,Hold QLD,No action,,Hold QLD while the Donchian20 signal remains 1.,0.0,0.0,6755.09,6755.09,4922.72,-4.68,-8.26
2019-02-07,160.46,9.75,20.92,158.79,1.05,10.08,8.78,74.1,1,1,QLD,Hold QLD,No action,,Hold QLD while the Donchian20 signal remains 1.,0.0,0.0,6573.08,6573.08,4856.61,-7.25,-9.49
2019-02-08,160.77,9.78,20.04,158.81,1.23,10.08,8.78,76.47,1,1,QLD,Hold QLD,No action,,Hold QLD while the Donchian20 signal remains 1.,0.0,0.0,6593.86,6593.86,4866.13,-6.96,-9.31
2019-02-11,160.62,9.76,20.07,158.83,1.13,10.08,8.78,75.52,1,1,QLD,Hold QLD,No action,,Hold QLD while the Donchian20 signal remains 1.,0.0,0.0,6585.55,6585.55,4861.51,-7.07,-9.4
2019-02-12,162.99,10.06,18.69,158.87,2.59,10.08,8.78,98.01,1,1,QLD,Hold QLD,No action,,Hold QLD while the Donchian20 signal remains 1.,0.0,0.0,6782.52,6782.52,4933.4,-4.3,-8.06
2019-02-13,163.11,10.06,19.0,158.91,2.64,10.08,9.01,98.17,1,1,QLD,Hold QLD,No action,,Hold QLD while the Donchian20 signal remains 1.,0.0,0.0,6786.67,6786.67,4936.86,-4.24,-8.0
2019-02-14,163.31,10.08,19.02,158.96,2.74,10.08,9.01,99.77,1,1,QLD,Hold QLD,No action,,Hold QLD while the Donchian20 signal remains 1.,0.0,0.0,6798.31,6798.31,4942.92,-4.07,-7.88
2019-02-15,164.0,10.17,17.7,159.01,3.14,10.08,9.01,108.6,1,1,QLD,Hold QLD,No action,,Hold QLD while the Donchian20 signal remains 1.,0.0,0.0,6862.3,6862.3,4963.71,-3.17,-7.5
2019-02-19,164.32,10.21,18.1,159.06,3.31,10.17,9.01,102.85,1,1,QLD,Hold QLD,No action,,Hold QLD while the Donchian20 signal remains 1.,0.0,0.0,6884.74,6884.74,4973.52,-2.85,-7.31
2019-02-20,164.29,10.21,18.02,159.11,3.25,10.21,9.01,99.9,1,1,QLD,Hold QLD,No action,,Hold QLD while the Donchian20 signal remains 1.,0.0,0.0,6883.91,6883.91,4972.66,-2.86,-7.33
2019-02-21,163.69,10.12,18.19,159.16,2.85,10.21,9.01,92.92,1,1,QLD,Hold QLD,No action,,Hold QLD while the Donchian20 signal remains 1.,0.0,0.0,6827.39,6827.39,4954.47,-3.66,-7.67
2019-02-22,164.9,10.28,16.95,159.22,3.57,10.21,9.01,105.75,1,1,QLD,Hold QLD,No action,,Hold QLD while the Donchian20 signal remains 1.,0.0,0.0,6931.28,6931.28,4991.14,-2.2,-6.98
2019-02-25,165.5,10.35,17.81,159.28,3.91,10.28,9.01,105.83,1,1,QLD,Hold QLD,No action,,Hold QLD while the Donchian20 signal remains 1.,0.0,0.0,6981.15,6981.15,5009.32,-1.49,-6.65
2019-02-26,165.67,10.37,18.11,159.34,3.97,10.35,9.01,101.38,1,1,QLD,Hold QLD,No action,,Hold QLD while the Donchian20 signal remains 1.,0.0,0.0,6993.61,6993.61,5014.52,-1.32,-6.55
2019-02-27,165.57,10.35,17.6,159.4,3.87,10.37,9.01,98.73,1,1,QLD,Hold QLD,No action,,Hold QLD while the Donchian20 signal remains 1.,0.0,0.0,6981.98,6981.98,5011.34,-1.48,-6.61
2019-02-28,165.19,10.3,17.17,159.46,3.59,10.37,9.48,92.63,1,1,QLD,Hold QLD,No action,,Hold QLD while the Donchian20 signal remains 1.,0.0,0.0,6949.57,6949.57,4999.79,-1.94,-6.82
2019-03-01,166.33,10.45,16.12,159.53,4.26,10.37,9.67,112.08,1,1,QLD,Hold QLD,No action,,Hold QLD while the Donchian20 signal remains 1.,0.0,0.0,7050.96,7050.96,5034.44,-0.51,-6.18
2019-03-04,166.36,10.45,17.36,159.6,4.24,10.45,9.67,99.38,1,1,QLD,Hold QLD,No action,,Hold QLD while the Donchian20 signal remains 1.,0.0,0.0,7047.63,7047.63,5035.3,-0.55,-6.16
2019-03-05,166.49,10.46,17.06,159.67,4.27,10.45,9.75,101.39,1,1,QLD,Hold QLD,No action,,Hold QLD while the Donchian20 signal remains 1.,0.0,0.0,7057.61,7057.61,5039.06,-0.41,-6.09
2019-03-06,165.54,10.34,18.23,159.73,3.64,10.46,9.75,82.85,1,1,QLD,Hold QLD,No action,,Hold QLD while the Donchian20 signal remains 1.,0.0,0.0,6974.5,6974.5,5010.48,-1.59,-6.62
2019-03-07,163.51,10.09,19.59,159.76,2.35,10.46,9.75,47.86,1,1,QLD,Hold QLD,No action,,Hold QLD while the Donchian20 signal remains 1.,0.0,0.0,6804.96,6804.96,4948.99,-3.98,-7.77
2019-03-08,163.26,10.05,19.12,159.8,2.17,10.46,9.75,42.88,1,1,QLD,Hold QLD,No action,,Hold QLD while the Donchian20 signal remains 1.,0.0,0.0,6780.85,6780.85,4941.48,-4.32,-7.91
2019-03-11,166.66,10.47,16.36,159.87,4.25,10.46,9.76,101.41,1,1,QLD,Hold QLD,No action,,Hold QLD while the Donchian20 signal remains 1.,0.0,0.0,7064.26,7064.26,5044.25,-0.32,-5.99
2019-03-12,167.57,10.59,15.76,159.94,4.77,10.47,9.76,116.67,1,1,QLD,Hold QLD,No action,,Hold QLD while the Donchian20 signal remains 1.,0.0,0.0,7144.04,7144.04,5071.97,0.0,-5.48
2019-03-13,168.83,10.75,15.38,160.03,5.5,10.59,10.05,128.6,1,1,QLD,Hold QLD,No action,,Hold QLD while the Donchian20 signal remains 1.,0.0,0.0,7247.93,7247.93,5110.07,0.0,-4.77
2019-03-14,168.55,10.71,15.65,160.12,5.27,10.75,10.05,94.13,1,1,QLD,Hold QLD,No action,,Hold QLD while the Donchian20 signal remains 1.,0.0,0.0,7220.5,7220.5,5101.41,-0.38,-4.93
2019-03-15,170.11,10.89,15.12,160.22,6.18,10.75,10.05,120.64,1,1,QLD,Hold QLD,No action,,Hold QLD while the Donchian20 signal remains 1.,0.0,0.0,7344.33,7344.33,5148.76,0.0,-4.05
2019-03-18,170.52,10.95,16.18,160.32,6.36,10.89,10.05,106.78,1,1,QLD,Hold QLD,No action,,Hold QLD while the Donchian20 signal remains 1.,0.0,0.0,7382.56,7382.56,5161.02,0.0,-3.82
2019-03-19,171.09,11.03,16.73,160.42,6.65,10.95,10.05,108.84,1,1,QLD,Hold QLD,No action,,Hold QLD while the Donchian20 signal remains 1.,0.0,0.0,7435.75,7435.75,5178.37,0.0,-3.5
2019-03-20,171.77,11.12,16.64,160.54,6.99,11.03,10.05,109.31,1,1,QLD,Hold QLD,No action,,Hold QLD while the Donchian20 signal remains 1.,0.0,0.0,7496.71,7496.71,5198.91,0.0,-3.11
2019-03-21,174.45,11.46,16.59,160.68,8.57,11.12,10.05,132.18,1,1,QLD,Hold QLD,No action,,Hold QLD while the Donchian20 signal remains 1.,0.0,0.0,7727.09,7727.09,5280.18,0.0,-1.6
2019-03-22,170.62,10.94,19.83,160.78,6.12,11.46,10.05,63.44,1,1,QLD,Hold QLD,No action,,Hold QLD while the Donchian20 signal remains 1.,0.0,0.0,7381.11,7381.11,5164.2,-4.48,-3.76
2019-03-25,170.3,10.92,19.44,160.87,5.86,11.46,10.05,61.41,1,1,QLD,Hold QLD,No action,,Hold QLD while the Donchian20 signal remains 1.,0.0,0.0,7361.98,7361.98,5154.37,-4.73,-3.94
2019-03-26,171.09,11.01,18.63,160.97,6.29,11.46,10.05,68.45,1,1,QLD,Hold QLD,No action,,Hold QLD while the Donchian20 signal remains 1.,0.0,0.0,7428.52,7428.52,5178.37,-3.86,-3.5
2019-03-27,169.99,10.88,18.74,161.06,5.54,11.46,10.05,59.13,1,1,QLD,Hold QLD,No action,,Hold QLD while the Donchian20 signal remains 1.,0.0,0.0,7340.36,7340.36,5145.11,-5.0,-4.12
2019-03-28,170.38,10.92,17.99,161.15,5.73,11.46,10.05,61.59,1,1,QLD,Hold QLD,No action,,Hold QLD while the Donchian20 signal remains 1.,0.0,0.0,7363.65,7363.65,5156.97,-4.7,-3.89
2019-03-29,171.67,11.09,16.62,161.26,6.46,11.46,10.05,73.81,1,1,QLD,Hold QLD,No action,,Hold QLD while the Donchian20 signal remains 1.,0.0,0.0,7479.25,7479.25,5196.02,-3.21,-3.17
2019-04-01,173.95,11.39,16.31,161.38,7.78,11.46,10.05,94.99,1,1,QLD,Hold QLD,No action,,Hold QLD while the Donchian20 signal remains 1.,0.0,0.0,7679.68,7679.68,5264.85,-0.61,-1.88
2019-04-02,174.6,11.46,16.33,161.52,8.1,11.46,10.05,100.0,1,1,QLD,Hold QLD,No action,,Hold QLD while the Donchian20 signal remains 1.,0.0,0.0,7727.09,7727.09,5284.8,0.0,-1.51
2019-04-03,175.61,11.59,16.62,161.66,8.63,11.46,10.05,109.4,1,1,QLD,Hold QLD,No action,,Hold QLD while the Donchian20 signal remains 1.,0.0,0.0,7816.08,7816.08,5315.17,0.0,-0.95
2019-04-04,175.54,11.58,16.79,161.79,8.5,11.59,10.05,99.36,1,1,QLD,Hold QLD,No action,,Hold QLD while the Donchian20 signal remains 1.,0.0,0.0,7809.42,7809.42,5313.15,-0.09,-0.98
2019-04-05,176.45,11.69,16.17,161.94,8.96,11.59,10.05,106.75,1,1,QLD,Hold QLD,No action,,Hold QLD while the Donchian20 signal remains 1.,0.0,0.0,7885.94,7885.94,5340.62,0.0,-0.47
2019-04-08,176.9,11.75,16.82,162.09,9.14,11.69,10.47,104.96,1,1,QLD,Hold QLD,No action,,Hold QLD while the Donchian20 signal remains 1.,0.0,0.0,7926.69,7926.69,5354.22,0.0,-0.22
2019-04-09,176.28,11.67,17.65,162.23,8.66,11.75,10.59,92.88,1,1,QLD,Hold QLD,No action,,Hold QLD while the Donchian20 signal remains 1.,0.0,0.0,7870.97,7870.97,5335.42,-0.7,-0.57
2019-04-10,177.22,11.8,16.76,162.38,9.14,11.75,10.71,104.12,1,1,QLD,Hold QLD,No action,,Hold QLD while the Donchian20 signal remains 1.,0.0,0.0,7955.8,7955.8,5364.05,0.0,-0.04
2019-04-11,176.8,11.74,16.66,162.52,8.79,11.8,10.71,94.68,1,1,QLD,Hold QLD,No action,,Hold QLD while the Donchian20 signal remains 1.,0.0,0.0,7916.71,7916.71,5351.32,-0.49,-0.27
2019-04-12,177.57,11.83,15.63,162.67,9.16,11.8,10.88,104.19,1,1,QLD,Hold QLD,No action,,Hold QLD while the Donchian20 signal remains 1.,0.0,0.0,7981.58,7981.58,5374.46,0.0,0.0
2019-04-15,177.6,11.84,15.93,162.82,9.07,11.83,10.88,100.13,1,1,QLD,Hold QLD,No action,,Hold QLD while the Donchian20 signal remains 1.,0.0,0.0,7982.41,7982.41,5375.33,0.0,0.0
2019-04-16,178.21,11.92,15.88,162.97,9.35,11.84,10.88,108.42,1,1,QLD,Hold QLD,No action,,Hold QLD while the Donchian20 signal remains 1.,0.0,0.0,8036.47,8036.47,5393.84,0.0,0.0
2019-04-17,178.83,12.0,15.86,163.13,9.62,11.92,10.88,107.77,1,1,QLD,Hold QLD,No action,,Hold QLD while the Donchian20 signal remains 1.,0.0,0.0,8090.53,8090.53,5412.64,0.0,0.0
2019-04-18,179.06,12.02,15.15,163.29,9.66,12.0,10.88,102.33,1,1,QLD,Hold QLD,No action,,Hold QLD while the Donchian20 signal remains 1.,0.0,0.0,8107.99,8107.99,5419.58,0.0,0.0
2019-04-22,179.56,12.09,15.74,163.45,9.86,12.02,10.88,106.28,1,1,QLD,Hold QLD,No action,,Hold QLD while the Donchian20 signal remains 1.,0.0,0.0,8156.23,8156.23,5434.91,0.0,0.0
2019-04-23,181.85,12.4,16.15,163.64,11.13,12.09,10.88,125.18,1,1,QLD,Hold QLD,No action,,Hold QLD while the Donchian20 signal remains 1.,0.0,0.0,8361.65,8361.65,5504.03,0.0,0.0
2019-04-24,181.27,12.32,16.67,163.81,10.66,12.4,10.88,94.79,1,1,QLD,Hold QLD,No action,,Hold QLD while the Donchian20 signal remains 1.,0.0,0.0,8308.43,8308.43,5486.68,-0.64,-0.32
2019-04-25,182.01,12.4,16.49,163.99,10.99,12.4,10.88,100.33,1,1,QLD,Hold QLD,No action,,Hold QLD while the Donchian20 signal remains 1.,0.0,0.0,8364.98,8364.98,5508.95,0.0,0.0
2019-04-26,182.17,12.44,15.79,164.17,10.96,12.4,10.92,102.49,1,1,QLD,Hold QLD,No action,,Hold QLD while the Donchian20 signal remains 1.,0.0,0.0,8389.93,8389.93,5513.86,0.0,0.0
2019-04-29,182.53,12.48,16.44,164.36,11.06,12.44,11.09,102.74,1,1,QLD,Hold QLD,No action,,Hold QLD while the Donchian20 signal remains 1.,0.0,0.0,8414.88,8414.88,5524.56,0.0,0.0
2019-04-30,181.11,12.29,16.6,164.52,10.08,12.48,11.39,83.03,1,1,QLD,Hold QLD,No action,,Hold QLD while the Donchian20 signal remains 1.,0.0,0.0,8290.13,8290.13,5481.76,-1.48,-0.77
2019-05-01,180.53,12.2,17.93,164.68,9.62,12.48,11.46,72.55,1,1,QLD,Hold QLD,No action,,Hold QLD while the Donchian20 signal remains 1.,0.0,0.0,8226.09,8226.09,5464.12,-2.24,-1.09
2019-05-02,179.75,12.1,17.62,164.83,9.05,12.48,11.58,58.52,1,1,QLD,Hold QLD,No action,,Hold QLD while the Donchian20 signal remains 1.,0.0,0.0,8163.72,8163.72,5440.4,-2.98,-1.52
2019-05-03,182.61,12.48,15.98,165.01,10.67,12.48,11.58,100.82,1,1,QLD,Hold QLD,No action,,Hold QLD while the Donchian20 signal remains 1.,0.0,0.0,8419.87,8419.87,5527.17,0.0,0.0
2019-05-06,181.49,12.34,18.7,165.17,9.88,12.48,11.67,82.12,1,1,QLD,Hold QLD,No action,,Hold QLD while the Donchian20 signal remains 1.,0.0,0.0,8321.73,8321.73,5493.33,-1.17,-0.61
2019-05-07,177.96,11.84,22.86,165.3,7.66,12.48,11.67,21.21,1,1,QLD,Hold QLD,No action,,Hold QLD while the Donchian20 signal remains 1.,0.0,0.0,7987.4,7987.4,5386.32,-5.14,-2.55
2019-05-08,177.51,11.77,22.52,165.42,7.31,12.48,11.67,12.42,1,1,QLD,Hold QLD,No action,,Hold QLD while the Donchian20 signal remains 1.,0.0,0.0,7939.16,7939.16,5372.73,-5.71,-2.79
2019-05-09,176.55,11.66,22.03,165.53,6.66,12.48,11.74,-10.08,1,0,QQQ,Hold QQQ,Reduce QLD to QQQ,QLD->QQQ_on_Donchian_exit,QLD closed below its prior 20-day low; the signal changed to 0 and the account reduced to QQQ.,0.0,7865.98,0.0,7865.98,5343.8,-6.58,-3.32
2019-05-10,176.77,11.69,19.1,165.64,6.72,12.48,11.66,2.85,0,0,QQQ,Hold QQQ,No action,,Hold QQQ after the Donchian exit while QQQ remains at or above EMA200.,0.0,7875.77,0.0,7875.77,5350.46,-6.46,-3.2
2019-05-13,170.64,10.87,25.25,165.69,2.98,12.48,11.66,-97.0,0,0,QQQ,Hold QQQ,No action,,Hold QQQ after the Donchian exit while QQQ remains at or above EMA200.,0.0,7602.46,0.0,7602.46,5164.78,-9.71,-6.56
2019-05-14,172.51,11.11,22.23,165.76,4.07,12.48,10.87,14.79,0,0,QQQ,Hold QQQ,No action,,Hold QQQ after the Donchian exit while QQQ remains at or above EMA200.,0.0,7685.9,0.0,7685.9,5221.47,-8.72,-5.53
2019-05-15,174.95,11.41,19.92,165.85,5.48,12.48,10.87,33.54,0,0,QQQ,Hold QQQ,No action,,Hold QQQ after the Donchian exit while QQQ remains at or above EMA200.,0.0,7794.46,0.0,7794.46,5295.22,-7.43,-4.2
2019-05-16,176.71,11.64,18.4,165.96,6.48,12.48,10.87,47.87,0,0,QQQ,Hold QQQ,No action,,Hold QQQ after the Donchian exit while QQQ remains at or above EMA200.,0.0,7872.79,0.0,7872.79,5348.43,-6.5,-3.23
2019-05-17,174.9,11.4,19.39,166.05,5.33,12.48,10.87,33.16,0,0,QQQ,Hold QQQ,No action,,Hold QQQ after the Donchian exit while QQQ remains at or above EMA200.,0.0,7792.33,0.0,7792.33,5293.77,-7.45,-4.22
2019-05-20,171.95,11.03,21.64,166.11,3.52,12.48,10.87,9.91,0,0,QQQ,Hold QQQ,No action,,Hold QQQ after the Donchian exit while QQQ remains at or above EMA200.,0.0,7660.78,0.0,7660.78,5204.4,-9.02,-5.84
2019-05-21,173.74,11.25,19.58,166.18,4.55,12.48,10.87,23.55,0,0,QQQ,Hold QQQ,No action,,Hold QQQ after the Donchian exit while QQQ remains at or above EMA200.,0.0,7740.82,0.0,7740.82,5258.77,-8.06,-4.86
2019-05-22,172.97,11.15,19.84,166.25,4.04,12.48,10.87,17.38,0,0,QQQ,Hold QQQ,No action,,Hold QQQ after the Donchian exit while QQQ remains at or above EMA200.,0.0,7706.33,0.0,7706.33,5235.35,-8.47,-5.28
2019-05-23,170.32,10.8,21.31,166.29,2.42,12.48,10.87,-4.04,0,0,QQQ,Hold QQQ,No action,,Hold QQQ after the Donchian exit while QQQ remains at or above EMA200.,0.0,7588.41,0.0,7588.41,5155.24,-9.87,-6.73
2019-05-24,170.24,10.79,20.63,166.33,2.35,12.48,10.8,-0.88,0,0,QQQ,Hold QQQ,No action,,Hold QQQ after the Donchian exit while QQQ remains at or above EMA200.,0.0,7584.58,0.0,7584.58,5152.63,-9.92,-6.78
2019-05-28,169.6,10.7,21.83,166.36,1.94,12.48,10.79,-4.79,0,0,QQQ,Hold QQQ,No action,,Hold QQQ after the Donchian exit while QQQ remains at or above EMA200.,0.0,7556.06,0.0,7556.06,5133.26,-10.26,-7.13
2019-05-29,168.2,10.53,22.23,166.38,1.09,12.48,10.7,-9.63,0,0,QQQ,Hold QQQ,No action,,Hold QQQ after the Donchian exit while QQQ remains at or above EMA200.,0.0,7493.9,0.0,7493.9,5091.03,-11.0,-7.89
2019-05-30,168.91,10.62,21.68,166.41,1.5,12.48,10.53,4.61,0,0,QQQ,Hold QQQ,No action,,Hold QQQ after the Donchian exit while QQQ remains at or above EMA200.,0.0,7525.4,0.0,7525.4,5112.43,-10.62,-7.5
2019-05-31,166.22,10.27,23.23,166.41,-0.11,12.48,10.53,-13.59,0,0,Cash,Hold Cash,Sell QQQ to Cash,QQQ->Cash_below_EMA200,QQQ closed below EMA200 while held; the account moved fully to Cash.,7405.35,0.0,0.0,7405.35,5030.88,-12.05,-8.98
2019-06-03,162.56,9.84,24.22,166.37,-2.29,12.48,10.27,-19.48,0,0,Cash,Hold Cash,No action,,Hold Cash until QLD creates a new Donchian20 breakout; QQQ moving above EMA200 alone is not a re-entry.,7405.35,0.0,0.0,7405.35,4920.11,-12.05,-10.98
2019-06-04,167.13,10.37,21.49,166.38,0.46,12.34,9.84,21.49,0,0,Cash,Hold Cash,No action,,Hold Cash until QLD creates a new Donchian20 breakout; QQQ moving above EMA200 alone is not a re-entry.,7405.35,0.0,0.0,7405.35,5058.64,-12.05,-8.48
2019-06-05,168.37,10.53,20.87,166.4,1.19,11.84,9.84,34.42,0,0,Cash,Hold Cash,No action,,Hold Cash until QLD creates a new Donchian20 breakout; QQQ moving above EMA200 alone is not a re-entry.,7405.35,0.0,0.0,7405.35,5096.24,-12.05,-7.8
2019-06-06,169.71,10.69,20.32,166.43,1.97,11.77,9.84,44.04,0,0,Cash,Hold Cash,No action,,Hold Cash until QLD creates a new Donchian20 breakout; QQQ moving above EMA200 alone is not a re-entry.,7405.35,0.0,0.0,7405.35,5136.73,-12.05,-7.06
2019-06-07,172.99,11.1,19.93,166.49,3.9,11.69,9.84,68.2,0,0,Cash,Hold Cash,No action,,Hold Cash until QLD creates a new Donchian20 breakout; QQQ moving above EMA200 alone is not a re-entry.,7405.35,0.0,0.0,7405.35,5235.93,-12.05,-5.27
2019-06-10,175.01,11.35,19.98,166.58,5.06,11.69,9.84,81.93,0,0,Cash,Hold Cash,No action,,Hold Cash until QLD creates a new Donchian20 breakout; QQQ moving above EMA200 alone is not a re-entry.,7405.35,0.0,0.0,7405.35,5296.95,-12.05,-4.17
2019-06-11,175.25,11.39,20.22,166.66,5.15,11.64,9.84,86.19,0,0,Cash,Hold Cash,No action,,Hold Cash until QLD creates a new Donchian20 breakout; QQQ moving above EMA200 alone is not a re-entry.,7405.35,0.0,0.0,7405.35,5304.18,-12.05,-4.03
2019-06-12,174.23,11.27,20.58,166.74,4.49,11.64,9.84,79.22,0,0,Cash,Hold Cash,No action,,Hold Cash until QLD creates a new Donchian20 breakout; QQQ moving above EMA200 alone is not a re-entry.,7405.35,0.0,0.0,7405.35,5273.52,-12.05,-4.59
2019-06-13,175.26,11.4,20.03,166.82,5.06,11.64,9.84,86.47,0,0,Cash,Hold Cash,No action,,Hold Cash until QLD creates a new Donchian20 breakout; QQQ moving above EMA200 alone is not a re-entry.,7405.35,0.0,0.0,7405.35,5304.76,-12.05,-4.02
2019-06-14,174.52,11.28,19.85,166.9,4.56,11.64,9.84,80.18,0,0,Cash,Hold Cash,No action,,Hold Cash until QLD creates a new Donchian20 breakout; QQQ moving above EMA200 alone is not a re-entry.,7405.35,0.0,0.0,7405.35,5282.2,-12.05,-4.43
2019-06-17,175.57,11.43,20.04,166.99,5.14,11.4,9.84,101.5,0,1,QLD,Hold QLD,Buy QLD,toQLD,QLD closed above its prior 20-day high; the signal changed to 1 and the account moved fully into QLD.,0.0,0.0,7405.35,7405.35,5314.02,-12.05,-3.86
2019-06-18,178.12,11.76,19.51,167.1,6.6,11.43,9.84,120.95,1,1,QLD,Hold QLD,No action,,Hold QLD while the Donchian20 signal remains 1.,0.0,0.0,7621.14,7621.14,5391.24,-9.49,-2.46
2019-06-19,178.79,11.85,18.8,167.21,6.92,11.76,9.84,104.49,1,1,QLD,Hold QLD,No action,,Hold QLD while the Donchian20 signal remains 1.,0.0,0.0,7677.08,7677.08,5411.48,-8.82,-2.09
2019-06-20,180.45,12.06,18.71,167.35,7.83,11.85,9.84,110.74,1,1,QLD,Hold QLD,No action,,Hold QLD while the Donchian20 signal remains 1.,0.0,0.0,7816.94,7816.94,5461.8,-7.16,-1.18
2019-06-21,180.19,12.03,19.18,167.47,7.59,12.06,9.84,98.67,1,1,QLD,Hold QLD,No action,,Hold QLD while the Donchian20 signal remains 1.,0.0,0.0,7797.76,7797.76,5453.71,-7.39,-1.33
2019-06-24,180.19,12.03,19.46,167.6,7.51,12.06,9.84,98.5,1,1,QLD,Hold QLD,No action,,Hold QLD while the Donchian20 signal remains 1.,0.0,0.0,7795.36,7795.36,5453.88,-7.42,-1.33
2019-06-25,177.1,11.61,20.77,167.69,5.61,12.06,9.84,79.76,1,1,QLD,Hold QLD,No action,,Hold QLD while the Donchian20 signal remains 1.,0.0,0.0,7525.2,7525.2,5360.26,-10.63,-3.02
2019-06-26,177.92,11.71,20.46,167.8,6.03,12.06,9.84,84.42,1,1,QLD,Hold QLD,No action,,Hold QLD while the Donchian20 signal remains 1.,0.0,0.0,7592.36,7592.36,5385.18,-9.83,-2.57
2019-06-27,178.6,11.81,20.07,167.9,6.37,12.06,9.84,88.64,1,1,QLD,Hold QLD,No action,,Hold QLD while the Donchian20 signal remains 1.,0.0,0.0,7653.12,7653.12,5405.77,-9.11,-2.2
2019-06-28,178.83,11.84,19.76,168.01,6.44,12.06,9.84,90.25,1,1,QLD,Hold QLD,No action,,Hold QLD while the Donchian20 signal remains 1.,0.0,0.0,7676.31,7676.31,5412.72,-8.83,-2.07
2019-07-01,181.24,12.15,17.64,168.14,7.79,12.06,9.84,104.05,1,1,QLD,Hold QLD,No action,,Hold QLD while the Donchian20 signal remains 1.,0.0,0.0,7875.39,7875.39,5485.76,-6.47,-0.75
2019-07-02,181.96,12.25,16.29,168.28,8.13,12.15,10.37,105.55,1,1,QLD,Hold QLD,No action,,Hold QLD while the Donchian20 signal remains 1.,0.0,0.0,7939.36,7939.36,5507.5,-5.71,-0.36
2019-07-03,183.33,12.42,16.15,168.43,8.85,12.25,10.53,110.1,1,1,QLD,Hold QLD,No action,,Hold QLD while the Donchian20 signal remains 1.,0.0,0.0,8052.09,8052.09,5548.95,-4.37,0.0
2019-07-05,182.96,12.38,16.47,168.58,8.53,12.42,10.69,97.65,1,1,QLD,Hold QLD,No action,,Hold QLD while the Donchian20 signal remains 1.,0.0,0.0,8025.7,8025.7,5537.65,-4.68,-0.2
2019-07-08,181.68,12.2,17.77,168.71,7.69,12.42,11.1,83.16,1,1,QLD,Hold QLD,No action,,Hold QLD while the Donchian20 signal remains 1.,0.0,0.0,7907.38,7907.38,5498.81,-6.09,-0.9
2019-07-09,182.59,12.32,17.42,168.84,8.14,12.42,11.27,91.37,1,1,QLD,Hold QLD,No action,,Hold QLD while the Donchian20 signal remains 1.,0.0,0.0,7987.33,7987.33,5526.34,-5.14,-0.41
2019-07-10,184.4,12.56,16.43,169.0,9.12,12.42,11.27,112.14,1,1,QLD,Hold QLD,No action,,Hold QLD while the Donchian20 signal remains 1.,0.0,0.0,8143.24,8143.24,5581.41,-3.29,0.0
2019-07-11,184.27,12.55,16.64,169.15,8.94,12.56,11.27,98.48,1,1,QLD,Hold QLD,No action,,Hold QLD while the Donchian20 signal remains 1.,0.0,0.0,8130.45,8130.45,5577.36,-3.44,-0.07
2019-07-12,185.33,12.69,16.25,169.31,9.46,12.56,11.28,109.72,1,1,QLD,Hold QLD,No action,,Hold QLD while the Donchian20 signal remains 1.,0.0,0.0,8223.99,8223.99,5609.53,-2.33,0.0
2019-07-15,185.93,12.76,16.22,169.48,9.71,12.69,11.28,105.0,1,1,QLD,Hold QLD,No action,,Hold QLD while the Donchian20 signal remains 1.,0.0,0.0,8269.56,8269.56,5627.5,-1.79,0.0
2019-07-16,184.97,12.63,16.66,169.63,9.04,12.76,11.43,90.47,1,1,QLD,Hold QLD,No action,,Hold QLD while the Donchian20 signal remains 1.,0.0,0.0,8187.21,8187.21,5598.52,-2.76,-0.52
2019-07-17,184.06,12.51,18.0,169.78,8.41,12.76,11.61,78.41,1,1,QLD,Hold QLD,No action,,Hold QLD while the Donchian20 signal remains 1.,0.0,0.0,8108.86,8108.86,5570.98,-3.69,-1.0
2019-07-18,184.27,12.55,17.01,169.92,8.45,12.76,11.61,81.85,1,1,QLD,Hold QLD,No action,,Hold QLD while the Donchian20 signal remains 1.,0.0,0.0,8134.44,8134.44,5577.36,-3.39,-0.89
2019-07-19,182.92,12.34,17.69,170.05,7.57,12.76,11.61,63.27,1,1,QLD,Hold QLD,No action,,Hold QLD while the Donchian20 signal remains 1.,0.0,0.0,7996.12,7996.12,5536.49,-5.03,-1.62
2019-07-22,184.38,12.55,17.07,170.19,8.33,12.76,11.61,81.74,1,1,QLD,Hold QLD,No action,,Hold QLD while the Donchian20 signal remains 1.,0.0,0.0,8133.64,8133.64,5580.55,-3.4,-0.83
2019-07-23,185.58,12.71,16.07,170.34,8.95,12.76,11.61,95.49,1,1,QLD,Hold QLD,No action,,Hold QLD while the Donchian20 signal remains 1.,0.0,0.0,8235.98,8235.98,5617.07,-2.18,-0.19
2019-07-24,186.88,12.88,15.41,170.51,9.6,12.76,11.61,110.85,1,1,QLD,Hold QLD,No action,,Hold QLD while the Donchian20 signal remains 1.,0.0,0.0,8350.32,8350.32,5656.49,-0.83,0.0
2019-07-25,185.11,12.64,16.02,170.65,8.47,12.88,11.71,78.69,1,1,QLD,Hold QLD,No action,,Hold QLD while the Donchian20 signal remains 1.,0.0,0.0,8188.81,8188.81,5602.86,-2.74,-0.95
2019-07-26,187.02,12.89,15.42,170.82,9.48,12.88,11.81,100.46,1,1,QLD,Hold QLD,No action,,Hold QLD while the Donchian20 signal remains 1.,0.0,0.0,8353.51,8353.51,5660.54,-0.79,0.0
2019-07-29,186.38,12.81,16.35,170.97,9.01,12.89,11.84,92.44,1,1,QLD,Hold QLD,No action,,Hold QLD while the Donchian20 signal remains 1.,0.0,0.0,8302.34,8302.34,5641.12,-1.4,-0.34
2019-07-30,185.57,12.69,17.53,171.12,8.45,12.89,12.15,73.24,1,1,QLD,Hold QLD,No action,,Hold QLD while the Donchian20 signal remains 1.,0.0,0.0,8225.59,8225.59,5616.78,-2.31,-0.77
2019-07-31,183.01,12.36,18.78,171.24,6.87,12.89,12.2,22.4,1,1,QLD,Hold QLD,No action,,Hold QLD while the Donchian20 signal remains 1.,0.0,0.0,8007.32,8007.32,5539.1,-4.9,-2.15
2019-08-01,182.1,12.22,21.06,171.34,6.28,12.89,12.2,2.15,1,1,QLD,Hold QLD,No action,,Hold QLD while the Donchian20 signal remains 1.,0.0,0.0,7916.97,7916.97,5511.56,-5.97,-2.63
2019-08-02,179.42,11.86,21.37,171.42,4.66,12.89,12.2,-49.46,1,0,QQQ,Hold QQQ,Reduce QLD to QQQ,QLD->QQQ_on_Donchian_exit,QLD closed below its prior 20-day low; the signal changed to 0 and the account reduced to QQQ.,0.0,7686.7,0.0,7686.7,5430.4,-8.71,-4.07
2019-08-05,173.08,11.0,27.56,171.44,0.95,12.89,11.86,-83.57,0,0,QQQ,Hold QQQ,No action,,Hold QQQ after the Donchian exit while QQQ remains at or above EMA200.,0.0,7415.1,0.0,7415.1,5238.52,-11.93,-7.46
2019-08-06,175.5,11.32,24.27,171.48,2.34,12.89,11.0,17.11,0,0,QQQ,Hold QQQ,No action,,Hold QQQ after the Donchian exit while QQQ remains at or above EMA200.,0.0,7518.9,0.0,7518.9,5311.85,-10.7,-6.16
2019-08-07,176.45,11.42,23.47,171.53,2.87,12.89,11.0,22.27,0,0,QQQ,Hold QQQ,No action,,Hold QQQ after the Donchian exit while QQQ remains at or above EMA200.,0.0,7559.51,0.0,7559.51,5340.55,-10.22,-5.65
2019-08-08,180.29,11.94,21.14,171.62,5.05,12.89,11.0,49.58,0,0,QQQ,Hold QQQ,No action,,Hold QQQ after the Donchian exit while QQQ remains at or above EMA200.,0.0,7724.04,0.0,7724.04,5456.78,-8.26,-3.6
2019-08-09,178.59,11.71,21.77,171.69,4.02,12.89,11.0,37.56,0,0,QQQ,Hold QQQ,No action,,Hold QQQ after the Donchian exit while QQQ remains at or above EMA200.,0.0,7651.42,0.0,7651.42,5405.47,-9.13,-4.51
2019-08-12,176.54,11.44,25.18,171.74,2.8,12.89,11.0,23.45,0,0,QQQ,Hold QQQ,No action,,Hold QQQ after the Donchian exit while QQQ remains at or above EMA200.,0.0,7563.62,0.0,7563.62,5343.45,-10.17,-5.6
2019-08-13,180.41,11.96,21.82,171.82,5.0,12.89,11.0,50.62,0,0,QQQ,Hold QQQ,No action,,Hold QQQ after the Donchian exit while QQQ remains at or above EMA200.,0.0,7729.37,0.0,7729.37,5460.55,-8.2,-3.53
2019-08-14,175.02,11.21,26.38,171.85,1.84,12.89,11.0,11.23,0,0,QQQ,Hold QQQ,No action,,Hold QQQ after the Donchian exit while QQQ remains at or above EMA200.,0.0,7498.38,0.0,7498.38,5297.36,-10.94,-6.42
2019-08-15,174.82,11.2,24.79,171.88,1.71,12.89,11.0,10.45,0,0,QQQ,Hold QQQ,No action,,Hold QQQ after the Donchian exit while QQQ remains at or above EMA200.,0.0,7489.77,0.0,7489.77,5291.27,-11.05,-6.52
2019-08-16,177.62,11.55,21.51,171.94,3.31,12.89,11.0,29.2,0,0,QQQ,Hold QQQ,No action,,Hold QQQ after the Donchian exit while QQQ remains at or above EMA200.,0.0,7609.98,0.0,7609.98,5376.2,-9.62,-5.02
2019-08-19,180.45,11.9,20.43,172.02,4.9,12.89,11.0,47.88,0,0,QQQ,Hold QQQ,No action,,Hold QQQ after the Donchian exit while QQQ remains at or above EMA200.,0.0,7731.01,0.0,7731.01,5461.7,-8.18,-3.51
2019-08-20,179.05,11.74,21.27,172.09,4.04,12.89,11.0,39.39,0,0,QQQ,Hold QQQ,No action,,Hold QQQ after the Donchian exit while QQQ remains at or above EMA200.,0.0,7671.12,0.0,7671.12,5419.39,-8.89,-4.26
2019-08-21,180.64,11.95,19.81,172.18,4.91,12.89,11.0,50.16,0,0,QQQ,Hold QQQ,No action,,Hold QQQ after the Donchian exit while QQQ remains at or above EMA200.,0.0,7739.22,0.0,7739.22,5467.5,-8.08,-3.41
2019-08-22,180.06,11.87,20.83,172.26,4.53,12.89,11.0,46.05,0,0,QQQ,Hold QQQ,No action,,Hold QQQ after the Donchian exit while QQQ remains at or above EMA200.,0.0,7714.19,0.0,7714.19,5449.82,-8.38,-3.72
2019-08-23,174.36,11.12,23.66,172.28,1.21,12.89,11.0,6.47,0,0,QQQ,Hold QQQ,No action,,Hold QQQ after the Donchian exit while QQQ remains at or above EMA200.,0.0,7470.07,0.0,7470.07,5277.36,-11.28,-6.77
2019-08-26,176.99,11.45,23.24,172.33,2.71,12.81,11.0,24.68,0,0,QQQ,Hold QQQ,No action,,Hold QQQ after the Donchian exit while QQQ remains at or above EMA200.,0.0,7582.9,0.0,7582.9,5357.07,-9.94,-5.36
2019-08-27,176.62,11.41,24.11,172.37,2.47,12.69,11.0,24.07,0,0,QQQ,Hold QQQ,No action,,Hold QQQ after the Donchian exit while QQQ remains at or above EMA200.,0.0,7566.9,0.0,7566.9,5345.76,-10.13,-5.56
2019-08-28,177.25,11.47,23.12,172.42,2.8,12.36,11.0,34.97,0,0,QQQ,Hold QQQ,No action,,Hold QQQ after the Donchian exit while QQQ remains at or above EMA200.,0.0,7593.98,0.0,7593.98,5364.89,-9.81,-5.22
2019-08-29,179.96,11.83,21.25,172.49,4.33,12.22,11.0,67.92,0,0,QQQ,Hold QQQ,No action,,Hold QQQ after the Donchian exit while QQQ remains at or above EMA200.,0.0,7710.09,0.0,7710.09,5446.92,-8.43,-3.77
2019-08-30,179.53,11.77,22.39,172.56,4.04,11.96,11.0,80.77,0,0,QQQ,Hold QQQ,No action,,Hold QQQ after the Donchian exit while QQQ remains at or above EMA200.,0.0,7691.63,0.0,7691.63,5433.88,-8.65,-4.0
2019-09-03,177.79,11.54,23.37,172.61,3.0,11.96,11.0,56.39,0,0,QQQ,Hold QQQ,No action,,Hold QQQ after the Donchian exit while QQQ remains at or above EMA200.,0.0,7616.95,0.0,7616.95,5381.13,-9.54,-4.94
2019-09-04,180.35,11.87,21.44,172.69,4.44,11.96,11.12,89.94,0,0,QQQ,Hold QQQ,No action,,Hold QQQ after the Donchian exit while QQQ remains at or above EMA200.,0.0,7726.91,0.0,7726.91,5458.81,-8.23,-3.56
2019-09-05,183.66,12.31,19.91,172.8,6.28,11.96,11.12,142.31,0,1,QLD,Hold QLD,Buy QLD,toQLD,QLD closed above its prior 20-day high; the signal changed to 1 and the account moved fully into QLD.,0.0,0.0,7868.46,7868.46,5558.81,-6.55,-1.8
2019-09-06,183.48,12.28,18.82,172.91,6.11,12.31,11.12,97.61,1,1,QLD,Hold QLD,No action,,Hold QLD while the Donchian20 signal remains 1.,0.0,0.0,7850.32,7850.32,5553.3,-6.76,-1.89
2019-09-09,183.09,12.22,19.42,173.01,5.83,12.31,11.12,92.72,1,1,QLD,Hold QLD,No action,,Hold QLD while the Donchian20 signal remains 1.,0.0,0.0,7813.26,7813.26,5541.7,-7.2,-2.1
2019-09-10,182.57,12.17,19.57,173.1,5.47,12.31,11.12,87.84,1,1,QLD,Hold QLD,No action,,Hold QLD while the Donchian20 signal remains 1.,0.0,0.0,7776.2,7776.2,5525.76,-7.64,-2.38
2019-09-11,184.28,12.38,18.6,173.21,6.39,12.31,11.12,106.24,1,1,QLD,Hold QLD,No action,,Hold QLD while the Donchian20 signal remains 1.,0.0,0.0,7915.77,7915.77,5577.65,-5.99,-1.46
2019-09-12,185.05,12.48,17.88,173.33,6.76,12.38,11.12,107.34,1,1,QLD,Hold QLD,No action,,Hold QLD while the Donchian20 signal remains 1.,0.0,0.0,7974.92,7974.92,5600.83,-5.28,-1.05
2019-09-13,184.39,12.39,18.13,173.44,6.31,12.48,11.12,93.98,1,1,QLD,Hold QLD,No action,,Hold QLD while the Donchian20 signal remains 1.,0.0,0.0,7922.87,7922.87,5580.84,-5.9,-1.41
2019-09-16,183.56,12.27,19.04,173.54,5.77,12.48,11.12,84.78,1,1,QLD,Hold QLD,No action,,Hold QLD while the Donchian20 signal remains 1.,0.0,0.0,7843.22,7843.22,5555.91,-6.85,-1.85
2019-09-17,184.44,12.39,18.58,173.65,6.21,12.48,11.12,93.44,1,1,QLD,Hold QLD,No action,,Hold QLD while the Donchian20 signal remains 1.,0.0,0.0,7918.14,7918.14,5582.57,-5.96,-1.38
2019-09-18,184.37,12.39,18.04,173.76,6.11,12.48,11.12,93.35,1,1,QLD,Hold QLD,No action,,Hold QLD while the Donchian20 signal remains 1.,0.0,0.0,7917.35,7917.35,5580.26,-5.97,-1.42
2019-09-19,184.67,12.42,17.55,173.87,6.22,12.48,11.12,95.99,1,1,QLD,Hold QLD,No action,,Hold QLD while the Donchian20 signal remains 1.,0.0,0.0,7940.22,7940.22,5589.53,-5.7,-1.25
2019-09-20,182.72,12.16,19.11,173.95,5.04,12.48,11.12,76.57,1,1,QLD,Hold QLD,No action,,Hold QLD while the Donchian20 signal remains 1.,0.0,0.0,7772.25,7772.25,5530.4,-7.69,-2.3
2019-09-23,182.8,12.17,18.64,174.04,5.03,12.48,11.12,77.12,1,1,QLD,Hold QLD,No action,,Hold QLD while the Donchian20 signal remains 1.,0.0,0.0,7776.98,7776.98,5532.84,-7.64,-2.26
2019-09-24,180.37,11.84,20.45,174.11,3.6,12.48,11.41,40.07,1,1,QLD,Hold QLD,No action,,Hold QLD while the Donchian20 signal remains 1.,0.0,0.0,7565.64,7565.64,5459.36,-10.15,-3.55
2019-09-25,182.4,12.1,19.14,174.19,4.71,12.48,11.41,65.13,1,1,QLD,Hold QLD,No action,,Hold QLD while the Donchian20 signal remains 1.,0.0,0.0,7736.77,7736.77,5520.64,-8.11,-2.47
2019-09-26,181.73,12.01,19.41,174.26,4.28,12.48,11.47,53.94,1,1,QLD,Hold QLD,No action,,Hold QLD while the Donchian20 signal remains 1.,0.0,0.0,7679.99,7679.99,5500.31,-8.79,-2.83
2019-09-27,179.47,11.73,20.89,174.31,2.96,12.48,11.54,20.03,1,1,QLD,Hold QLD,No action,,Hold QLD while the Donchian20 signal remains 1.,0.0,0.0,7496.25,7496.25,5432.06,-10.97,-4.04
2019-09-30,181.18,11.93,20.03,174.38,3.9,12.48,11.54,42.03,1,1,QLD,Hold QLD,No action,,Hold QLD while the Donchian20 signal remains 1.,0.0,0.0,7627.94,7627.94,5483.76,-9.41,-3.12
2019-10-01,179.7,11.74,21.95,174.44,3.02,12.48,11.54,21.08,1,1,QLD,Hold QLD,No action,,Hold QLD while the Donchian20 signal remains 1.,0.0,0.0,7502.56,7502.56,5439.03,-10.89,-3.91
2019-10-02,176.61,11.33,23.71,174.46,1.23,12.48,11.73,-52.55,1,0,QQQ,Hold QQQ,Reduce QLD to QQQ,QLD->QQQ_on_Donchian_exit,QLD closed below its prior 20-day low; the signal changed to 0 and the account reduced to QQQ.,0.0,7244.69,0.0,7244.69,5345.51,-13.96,-5.57
2019-10-03,178.55,11.59,22.33,174.5,2.32,12.48,11.33,22.14,0,0,QQQ,Hold QQQ,No action,,Hold QQQ after the Donchian exit while QQQ remains at or above EMA200.,0.0,7324.2,0.0,7324.2,5404.18,-13.01,-4.53
2019-10-04,181.18,11.93,20.24,174.56,3.79,12.48,11.33,52.05,0,0,QQQ,Hold QQQ,No action,,Hold QQQ after the Donchian exit while QQQ remains at or above EMA200.,0.0,7432.06,0.0,7432.06,5483.76,-11.73,-3.12
2019-10-07,180.63,11.85,21.63,174.63,3.44,12.48,11.33,45.03,0,0,QQQ,Hold QQQ,No action,,Hold QQQ after the Donchian exit while QQQ remains at or above EMA200.,0.0,7409.62,0.0,7409.62,5467.2,-12.0,-3.42
2019-10-08,177.93,11.48,23.4,174.66,1.87,12.48,11.33,12.85,0,0,QQQ,Hold QQQ,No action,,Hold QQQ after the Donchian exit while QQQ remains at or above EMA200.,0.0,7298.62,0.0,7298.62,5385.3,-13.32,-4.86
2019-10-09,179.66,11.73,21.88,174.71,2.84,12.48,11.33,34.34,0,0,QQQ,Hold QQQ,No action,,Hold QQQ after the Donchian exit while QQQ remains at or above EMA200.,0.0,7369.86,0.0,7369.86,5437.87,-12.47,-3.93
2019-10-10,181.05,11.89,21.0,174.77,3.59,12.48,11.33,48.6,0,0,QQQ,Hold QQQ,No action,,Hold QQQ after the Donchian exit while QQQ remains at or above EMA200.,0.0,7426.94,0.0,7426.94,5479.98,-11.79,-3.19
2019-10-11,183.39,12.19,19.44,174.86,4.88,12.42,11.33,78.68,0,0,QQQ,Hold QQQ,No action,,Hold QQQ after the Donchian exit while QQQ remains at or above EMA200.,0.0,7522.59,0.0,7522.59,5550.56,-10.66,-1.94
2019-10-14,183.37,12.2,18.61,174.94,4.82,12.42,11.33,79.71,0,0,QQQ,Hold QQQ,No action,,Hold QQQ after the Donchian exit while QQQ remains at or above EMA200.,0.0,7521.8,0.0,7521.8,5549.98,-10.67,-1.95
2019-10-15,185.7,12.5,17.18,175.05,6.08,12.42,11.33,107.37,0,1,QLD,Hold QLD,Buy QLD,toQLD,QLD closed above its prior 20-day high; the signal changed to 1 and the account moved fully into QLD.,0.0,0.0,7617.45,7617.45,5620.55,-9.53,-0.71
2019-10-16,185.24,12.44,17.58,175.15,5.76,12.5,11.33,94.61,1,1,QLD,Hold QLD,No action,,Hold QLD while the Donchian20 signal remains 1.,0.0,0.0,7579.12,7579.12,5606.61,-9.99,-0.95
2019-10-17,185.73,12.51,17.39,175.26,5.97,12.5,11.33,100.53,1,1,QLD,Hold QLD,No action,,Hold QLD while the Donchian20 signal remains 1.,0.0,0.0,7621.21,7621.21,5621.42,-9.49,-0.69
2019-10-18,183.94,12.27,17.82,175.34,4.9,12.51,11.33,79.41,1,1,QLD,Hold QLD,No action,,Hold QLD while the Donchian20 signal remains 1.,0.0,0.0,7473.89,7473.89,5567.4,-11.24,-1.65
2019-10-21,185.57,12.48,17.39,175.44,5.77,12.51,11.33,97.79,1,1,QLD,Hold QLD,No action,,Hold QLD while the Donchian20 signal remains 1.,0.0,0.0,7605.43,7605.43,5616.78,-9.67,-0.77
2019-10-22,184.1,12.28,18.34,175.53,4.88,12.51,11.33,80.78,1,1,QLD,Hold QLD,No action,,Hold QLD while the Donchian20 signal remains 1.,0.0,0.0,7483.66,7483.66,5572.05,-11.12,-1.56
2019-10-23,184.45,12.33,17.78,175.62,5.03,12.51,11.33,84.66,1,1,QLD,Hold QLD,No action,,Hold QLD while the Donchian20 signal remains 1.,0.0,0.0,7511.47,7511.47,5582.8,-10.79,-1.37
2019-10-24,186.24,12.56,17.35,175.72,5.99,12.51,11.33,104.52,1,1,QLD,Hold QLD,No action,,Hold QLD while the Donchian20 signal remains 1.,0.0,0.0,7653.54,7653.54,5637.11,-9.1,-0.41
2019-10-25,187.73,12.75,16.17,175.84,6.76,12.56,11.33,115.78,1,1,QLD,Hold QLD,No action,,Hold QLD while the Donchian20 signal remains 1.,0.0,0.0,7771.55,7771.55,5682.12,-7.7,0.0
2019-10-28,189.58,13.01,16.81,175.98,7.73,12.75,11.33,118.14,1,1,QLD,Hold QLD,No action,,Hold QLD while the Donchian20 signal remains 1.,0.0,0.0,7928.65,7928.65,5738.18,-5.83,0.0
2019-10-29,188.12,12.82,17.47,176.1,6.82,13.01,11.33,88.39,1,1,QLD,Hold QLD,No action,,Hold QLD while the Donchian20 signal remains 1.,0.0,0.0,7809.88,7809.88,5693.74,-7.24,-0.77
2019-10-30,189.03,12.92,16.71,176.23,7.26,13.01,11.33,94.49,1,1,QLD,Hold QLD,No action,,Hold QLD while the Donchian20 signal remains 1.,0.0,0.0,7872.27,7872.27,5721.33,-6.5,-0.29
2019-10-31,189.11,12.94,17.36,176.36,7.23,13.01,11.48,95.25,1,1,QLD,Hold QLD,No action,,Hold QLD while the Donchian20 signal remains 1.,0.0,0.0,7884.3,7884.3,5723.95,-6.36,-0.25
2019-11-01,190.83,13.18,16.27,176.5,8.12,13.01,11.48,111.03,1,1,QLD,Hold QLD,No action,,Hold QLD while the Donchian20 signal remains 1.,0.0,0.0,8031.63,8031.63,5775.94,-4.61,0.0
2019-11-04,192.01,13.33,16.56,176.66,8.69,13.18,11.48,108.92,1,1,QLD,Hold QLD,No action,,Hold QLD while the Donchian20 signal remains 1.,0.0,0.0,8124.08,8124.08,5811.66,-3.51,0.0
2019-11-05,192.12,13.34,17.08,176.81,8.66,13.33,11.48,100.27,1,1,QLD,Hold QLD,No action,,Hold QLD while the Donchian20 signal remains 1.,0.0,0.0,8127.09,8127.09,5814.86,-3.48,0.0
2019-11-06,191.69,13.29,16.45,176.96,8.32,13.34,11.73,97.02,1,1,QLD,Hold QLD,No action,,Hold QLD while the Donchian20 signal remains 1.,0.0,0.0,8097.78,8097.78,5801.78,-3.83,-0.22
2019-11-07,192.33,13.38,16.66,177.11,8.59,13.34,11.89,102.81,1,1,QLD,Hold QLD,No action,,Hold QLD while the Donchian20 signal remains 1.,0.0,0.0,8151.9,8151.9,5821.24,-3.18,0.0
2019-11-08,193.1,13.49,16.17,177.27,8.93,13.38,12.19,108.92,1,1,QLD,Hold QLD,No action,,Hold QLD while the Donchian20 signal remains 1.,0.0,0.0,8216.54,8216.54,5844.48,-2.41,0.0
2019-11-11,192.84,13.45,16.04,177.42,8.69,13.49,12.2,97.02,1,1,QLD,Hold QLD,No action,,Hold QLD while the Donchian20 signal remains 1.,0.0,0.0,8193.24,8193.24,5836.64,-2.69,-0.13
2019-11-12,193.39,13.52,15.86,177.58,8.9,13.49,12.27,102.63,1,1,QLD,Hold QLD,No action,,Hold QLD while the Donchian20 signal remains 1.,0.0,0.0,8236.08,8236.08,5853.48,-2.18,0.0
2019-11-13,193.44,13.5,16.24,177.74,8.83,13.52,12.27,98.52,1,1,QLD,Hold QLD,No action,,Hold QLD while the Donchian20 signal remains 1.,0.0,0.0,8224.81,8224.81,5854.94,-2.32,0.0
2019-11-14,193.29,13.51,15.85,177.9,8.65,13.52,12.27,99.11,1,1,QLD,Hold QLD,No action,,Hold QLD while the Donchian20 signal remains 1.,0.0,0.0,8229.32,8229.32,5850.29,-2.26,-0.08
2019-11-15,194.71,13.67,14.57,178.06,9.35,13.52,12.27,112.52,1,1,QLD,Hold QLD,No action,,Hold QLD while the Donchian20 signal remains 1.,0.0,0.0,8331.54,8331.54,5893.27,-1.05,0.0
2019-11-18,194.86,13.73,14.94,178.23,9.33,13.67,12.28,103.9,1,1,QLD,Hold QLD,No action,,Hold QLD while the Donchian20 signal remains 1.,0.0,0.0,8364.62,8364.62,5897.92,-0.66,0.0
2019-11-19,195.15,13.76,15.25,178.4,9.39,13.73,12.28,102.13,1,1,QLD,Hold QLD,No action,,Hold QLD while the Donchian20 signal remains 1.,0.0,0.0,8383.41,8383.41,5906.63,-0.43,0.0
2019-11-20,193.98,13.59,15.61,178.55,8.64,13.76,12.33,88.36,1,1,QLD,Hold QLD,No action,,Hold QLD while the Donchian20 signal remains 1.,0.0,0.0,8281.93,8281.93,5871.2,-1.64,-0.6
2019-11-21,193.55,13.53,16.07,178.7,8.31,13.76,12.56,80.95,1,1,QLD,Hold QLD,No action,,Hold QLD while the Donchian20 signal remains 1.,0.0,0.0,8244.35,8244.35,5858.13,-2.08,-0.82
2019-11-22,193.67,13.55,15.6,178.85,8.29,13.76,12.75,79.24,1,1,QLD,Hold QLD,No action,,Hold QLD while the Donchian20 signal remains 1.,0.0,0.0,8256.38,8256.38,5861.91,-1.94,-0.76
2019-11-25,195.97,13.87,15.08,179.02,9.46,13.76,12.82,111.66,1,1,QLD,Hold QLD,No action,,Hold QLD while the Donchian20 signal remains 1.,0.0,0.0,8450.31,8450.31,5931.32,0.0,0.0
2019-11-26,196.34,13.92,14.78,179.19,9.57,13.87,12.82,104.93,1,1,QLD,Hold QLD,No action,,Hold QLD while the Donchian20 signal remains 1.,0.0,0.0,8481.88,8481.88,5942.65,0.0,0.0
2019-11-27,197.71,14.11,14.86,179.38,10.22,13.92,12.92,119.24,1,1,QLD,Hold QLD,No action,,Hold QLD while the Donchian20 signal remains 1.,0.0,0.0,8599.14,8599.14,5984.18,0.0,0.0
2019-11-29,196.81,13.98,15.84,179.55,9.61,14.11,12.94,88.64,1,1,QLD,Hold QLD,No action,,Hold QLD while the Donchian20 signal remains 1.,0.0,0.0,8517.96,8517.96,5956.88,-0.94,-0.46
2019-12-02,194.79,13.67,18.07,179.7,8.4,14.11,13.18,52.58,1,1,QLD,Hold QLD,No action,,Hold QLD while the Donchian20 signal remains 1.,0.0,0.0,8330.04,8330.04,5895.89,-3.13,-1.48
2019-12-03,193.27,13.47,19.16,179.84,7.47,14.11,13.29,22.19,1,1,QLD,Hold QLD,No action,,Hold QLD while the Donchian20 signal remains 1.,0.0,0.0,8209.02,8209.02,5849.71,-4.54,-2.25
2019-12-04,194.25,13.61,18.33,179.98,7.93,14.11,13.29,38.83,1,1,QLD,Hold QLD,No action,,Hold QLD while the Donchian20 signal remains 1.,0.0,0.0,8292.46,8292.46,5879.33,-3.57,-1.75
2019-12-05,194.63,13.66,17.97,180.13,8.05,14.11,13.29,45.13,1,1,QLD,Hold QLD,No action,,Hold QLD while the Donchian20 signal remains 1.,0.0,0.0,8324.03,8324.03,5890.95,-3.2,-1.56
2019-12-06,196.71,13.95,16.44,180.29,9.11,14.11,13.38,77.31,1,1,QLD,Hold QLD,No action,,Hold QLD while the Donchian20 signal remains 1.,0.0,0.0,8497.66,8497.66,5953.97,-1.18,-0.5
2019-12-09,195.82,13.83,18.15,180.45,8.52,14.11,13.45,57.41,1,1,QLD,Hold QLD,No action,,Hold QLD while the Donchian20 signal remains 1.,0.0,0.0,8426.26,8426.26,5926.96,-2.01,-0.96
2019-12-10,195.66,13.81,18.02,180.6,8.34,14.11,13.45,53.89,1,1,QLD,Hold QLD,No action,,Hold QLD while the Donchian20 signal remains 1.,0.0,0.0,8411.97,8411.97,5922.03,-2.18,-1.04
2019-12-11,196.69,13.95,17.41,180.76,8.82,14.11,13.47,75.14,1,1,QLD,Hold QLD,No action,,Hold QLD while the Donchian20 signal remains 1.,0.0,0.0,8502.17,8502.17,5953.39,-1.13,-0.51
2019-12-12,198.16,14.16,16.55,180.93,9.52,14.11,13.47,107.71,1,1,QLD,Hold QLD,No action,,Hold QLD while the Donchian20 signal remains 1.,0.0,0.0,8629.21,8629.21,5997.83,0.0,0.0
2019-12-13,198.82,14.25,15.09,181.11,9.78,14.16,13.47,112.34,1,1,QLD,Hold QLD,No action,,Hold QLD while the Donchian20 signal remains 1.,0.0,0.0,8681.07,8681.07,6017.58,0.0,0.0
2019-12-16,200.81,14.52,14.02,181.31,10.76,14.25,13.47,135.19,1,1,QLD,Hold QLD,No action,,Hold QLD while the Donchian20 signal remains 1.,0.0,0.0,8847.19,8847.19,6077.99,0.0,0.0
2019-12-17,200.93,14.54,14.42,181.5,10.7,14.52,13.47,101.53,1,1,QLD,Hold QLD,No action,,Hold QLD while the Donchian20 signal remains 1.,0.0,0.0,8856.96,8856.96,6081.48,0.0,0.0
2019-12-18,201.08,14.56,14.75,181.7,10.67,14.54,13.47,101.97,1,1,QLD,Hold QLD,No action,,Hold QLD while the Donchian20 signal remains 1.,0.0,0.0,8869.74,8869.74,6086.12,0.0,0.0
2019-12-19,202.34,14.75,14.42,181.9,11.23,14.56,13.47,117.75,1,1,QLD,Hold QLD,No action,,Hold QLD while the Donchian20 signal remains 1.,0.0,0.0,8987.0,8987.0,6124.17,0.0,0.0
2019-12-20,203.15,14.87,14.47,182.11,11.55,14.75,13.47,109.57,1,1,QLD,Hold QLD,No action,,Hold QLD while the Donchian20 signal remains 1.,0.0,0.0,9061.42,9061.42,6148.86,0.0,0.0
2019-12-23,203.69,14.94,15.16,182.33,11.72,14.87,13.47,104.85,1,1,QLD,Hold QLD,No action,,Hold QLD while the Donchian20 signal remains 1.,0.0,0.0,9102.76,9102.76,6165.1,0.0,0.0
2019-12-24,203.79,14.95,15.14,182.54,11.64,14.94,13.47,100.5,1,1,QLD,Hold QLD,No action,,Hold QLD while the Donchian20 signal remains 1.,0.0,0.0,9107.27,9107.27,6168.3,0.0,0.0
2019-12-26,205.59,15.22,15.07,182.77,12.49,14.95,13.47,118.5,1,1,QLD,Hold QLD,No action,,Hold QLD while the Donchian20 signal remains 1.,0.0,0.0,9273.46,9273.46,6222.73,0.0,0.0
2019-12-27,205.42,15.18,16.36,183.0,12.25,15.22,13.47,97.88,1,1,QLD,Hold QLD,No action,,Hold QLD while the Donchian20 signal remains 1.,0.0,0.0,9250.9,9250.9,6217.49,-0.24,-0.08
2019-12-30,204.07,14.98,17.9,183.21,11.39,15.22,13.47,86.15,1,1,QLD,Hold QLD,No action,,Hold QLD while the Donchian20 signal remains 1.,0.0,0.0,9126.07,9126.07,6176.74,-1.59,-0.74
2019-12-31,204.46,15.04,16.89,183.42,11.47,15.22,13.47,89.9,1,1,QLD,Hold QLD,No action,,Hold QLD while the Donchian20 signal remains 1.,0.0,0.0,9165.93,9165.93,6188.39,-1.16,-0.55
2020-01-02,207.87,15.54,16.0,183.66,13.18,15.22,13.47,118.16,1,1,QLD,Hold QLD,No action,,Hold QLD while the Donchian20 signal remains 1.,0.0,0.0,9466.72,9466.72,6291.71,0.0,0.0
2020-01-03,205.97,15.26,16.95,183.88,12.01,15.54,13.61,85.72,1,1,QLD,Hold QLD,No action,,Hold QLD while the Donchian20 signal remains 1.,0.0,0.0,9299.03,9299.03,6234.08,-1.77,-0.92
2020-01-06,207.3,15.44,17.19,184.12,12.59,15.54,13.66,95.0,1,1,QLD,Hold QLD,No action,,Hold QLD while the Donchian20 signal remains 1.,0.0,0.0,9409.57,9409.57,6274.25,-0.6,-0.28
2020-01-07,207.27,15.44,17.15,184.35,12.43,15.54,13.81,94.15,1,1,QLD,Hold QLD,No action,,Hold QLD while the Donchian20 signal remains 1.,0.0,0.0,9405.06,9405.06,6273.38,-0.65,-0.29
2020-01-08,208.82,15.67,16.93,184.59,13.13,15.54,13.81,107.63,1,1,QLD,Hold QLD,No action,,Hold QLD while the Donchian20 signal remains 1.,0.0,0.0,9547.18,9547.18,6320.53,0.0,0.0
2020-01-09,210.59,15.95,16.04,184.85,13.93,15.67,13.81,114.9,1,1,QLD,Hold QLD,No action,,Hold QLD while the Donchian20 signal remains 1.,0.0,0.0,9716.38,9716.38,6374.09,0.0,0.0
2020-01-10,210.06,15.86,16.48,185.1,13.48,15.95,13.95,95.79,1,1,QLD,Hold QLD,No action,,Hold QLD while the Donchian20 signal remains 1.,0.0,0.0,9665.24,9665.24,6357.79,-0.53,-0.26
2020-01-13,212.48,16.22,15.57,185.37,14.62,15.95,14.16,115.22,1,1,QLD,Hold QLD,No action,,Hold QLD while the Donchian20 signal remains 1.,0.0,0.0,9881.81,9881.81,6431.14,0.0,0.0
2020-01-14,211.64,16.1,15.83,185.63,14.01,16.22,14.25,93.93,1,1,QLD,Hold QLD,No action,,Hold QLD while the Donchian20 signal remains 1.,0.0,0.0,9808.87,9808.87,6405.81,-0.74,-0.39
2020-01-15,211.73,16.1,15.54,185.89,13.9,16.22,14.52,93.1,1,1,QLD,Hold QLD,No action,,Hold QLD while the Donchian20 signal remains 1.,0.0,0.0,9810.38,9810.38,6408.43,-0.72,-0.35
2020-01-16,213.76,16.4,14.95,186.17,14.82,16.22,14.54,111.08,1,1,QLD,Hold QLD,No action,,Hold QLD while the Donchian20 signal remains 1.,0.0,0.0,9995.37,9995.37,6469.85,0.0,0.0
2020-01-17,214.82,16.57,14.97,186.45,15.21,16.4,14.56,109.02,1,1,QLD,Hold QLD,No action,,Hold QLD while the Donchian20 signal remains 1.,0.0,0.0,10096.88,10096.88,6501.87,0.0,0.0
2020-01-21,214.72,16.56,16.22,186.74,14.99,16.57,14.75,99.19,1,1,QLD,Hold QLD,No action,,Hold QLD while the Donchian20 signal remains 1.,0.0,0.0,10087.86,10087.86,6498.96,-0.09,-0.04
2020-01-22,215.29,16.64,16.49,187.02,15.11,16.57,14.87,104.07,1,1,QLD,Hold QLD,No action,,Hold QLD while the Donchian20 signal remains 1.,0.0,0.0,10138.99,10138.99,6516.13,0.0,0.0
2020-01-23,215.98,16.74,16.23,187.31,15.31,16.64,14.94,105.81,1,1,QLD,Hold QLD,No action,,Hold QLD while the Donchian20 signal remains 1.,0.0,0.0,10199.15,10199.15,6537.08,0.0,0.0
2020-01-24,214.16,16.45,18.07,187.58,14.17,16.74,14.95,84.02,1,1,QLD,Hold QLD,No action,,Hold QLD while the Donchian20 signal remains 1.,0.0,0.0,10024.7,10024.7,6482.07,-1.71,-0.84
2020-01-27,209.74,15.78,21.46,187.8,11.68,16.74,14.98,45.27,1,1,QLD,Hold QLD,No action,,Hold QLD while the Donchian20 signal remains 1.,0.0,0.0,9611.85,9611.85,6348.18,-5.76,-2.89
2020-01-28,212.96,16.25,19.61,188.05,13.25,16.74,14.98,72.32,1,1,QLD,Hold QLD,No action,,Hold QLD while the Donchian20 signal remains 1.,0.0,0.0,9902.12,9902.12,6445.69,-2.91,-1.4
2020-01-29,213.31,16.3,19.57,188.3,13.28,16.74,14.98,75.19,1,1,QLD,Hold QLD,No action,,Hold QLD while the Donchian20 signal remains 1.,0.0,0.0,9932.95,9932.95,6456.17,-2.61,-1.24
2020-01-30,214.07,16.42,17.75,188.55,13.53,16.74,15.04,81.22,1,1,QLD,Hold QLD,No action,,Hold QLD while the Donchian20 signal remains 1.,0.0,0.0,10005.14,10005.14,6479.16,-1.9,-0.89
2020-01-31,210.67,15.89,21.33,188.77,11.6,16.74,15.26,42.44,1,1,QLD,Hold QLD,No action,,Hold QLD while the Donchian20 signal remains 1.,0.0,0.0,9681.04,9681.04,6376.41,-5.08,-2.46
2020-02-03,213.85,16.36,20.4,189.02,13.14,16.74,15.26,74.44,1,1,QLD,Hold QLD,No action,,Hold QLD while the Donchian20 signal remains 1.,0.0,0.0,9969.05,9969.05,6472.76,-2.26,-0.98
2020-02-04,218.75,17.11,18.45,189.32,15.54,16.74,15.44,128.79,1,1,QLD,Hold QLD,No action,,Hold QLD while the Donchian20 signal remains 1.,0.0,0.0,10427.76,10427.76,6620.91,0.0,0.0
2020-02-05,219.47,17.25,18.52,189.62,15.74,17.11,15.44,107.79,1,1,QLD,Hold QLD,No action,,Hold QLD while the Donchian20 signal remains 1.,0.0,0.0,10507.47,10507.47,6642.74,0.0,0.0
2020-02-06,221.36,17.53,18.41,189.94,16.55,17.25,15.67,118.17,1,1,QLD,Hold QLD,No action,,Hold QLD while the Donchian20 signal remains 1.,0.0,0.0,10681.93,10681.93,6700.08,0.0,0.0
2020-02-07,220.41,17.37,19.42,190.24,15.86,17.53,15.78,91.0,1,1,QLD,Hold QLD,No action,,Hold QLD while the Donchian20 signal remains 1.,0.0,0.0,10585.67,10585.67,6671.27,-0.9,-0.43
2020-02-10,223.08,17.8,19.31,190.57,17.06,17.53,15.78,115.53,1,1,QLD,Hold QLD,No action,,Hold QLD while the Donchian20 signal remains 1.,0.0,0.0,10848.11,10848.11,6751.89,0.0,0.0
2020-02-11,223.11,17.8,19.66,190.89,16.88,17.8,15.78,100.0,1,1,QLD,Hold QLD,No action,,Hold QLD while the Donchian20 signal remains 1.,0.0,0.0,10848.11,10848.11,6753.06,0.0,0.0
2020-02-12,225.29,18.15,18.04,191.23,17.81,17.8,15.78,117.21,1,1,QLD,Hold QLD,No action,,Hold QLD while the Donchian20 signal remains 1.,0.0,0.0,11060.93,11060.93,6818.84,0.0,0.0
2020-02-13,225.0,18.09,18.46,191.57,17.45,18.15,15.78,97.46,1,1,QLD,Hold QLD,No action,,Hold QLD while the Donchian20 signal remains 1.,0.0,0.0,11024.08,11024.08,6810.11,-0.33,-0.13
2020-02-14,225.64,18.19,17.95,191.91,17.58,18.15,15.78,101.5,1,1,QLD,Hold QLD,No action,,Hold QLD while the Donchian20 signal remains 1.,0.0,0.0,11082.73,11082.73,6829.61,0.0,0.0
2020-02-18,225.73,18.22,19.12,192.24,17.42,18.19,15.78,101.28,1,1,QLD,Hold QLD,No action,,Hold QLD while the Donchian20 signal remains 1.,0.0,0.0,11101.53,11101.53,6832.23,0.0,0.0
2020-02-19,227.89,18.56,18.58,192.6,18.33,18.22,15.78,113.98,1,1,QLD,Hold QLD,No action,,Hold QLD while the Donchian20 signal remains 1.,0.0,0.0,11309.83,11309.83,6897.72,0.0,0.0
2020-02-20,225.78,18.2,20.33,192.93,17.03,18.56,15.78,87.07,1,1,QLD,Hold QLD,No action,,Hold QLD while the Donchian20 signal remains 1.,0.0,0.0,11090.25,11090.25,6833.68,-1.94,-0.93
2020-02-21,221.44,17.52,22.46,193.21,14.61,18.56,15.78,62.75,1,1,QLD,Hold QLD,No action,,Hold QLD while the Donchian20 signal remains 1.,0.0,0.0,10677.41,10677.41,6702.41,-5.59,-2.83
2020-02-24,212.9,16.16,29.23,193.41,10.08,18.56,15.78,13.91,1,1,QLD,Hold QLD,No action,,Hold QLD while the Donchian20 signal remains 1.,0.0,0.0,9847.98,9847.98,6443.94,-12.93,-6.58
2020-02-25,207.11,15.29,31.03,193.54,7.01,18.56,15.78,-17.4,1,0,QQQ,Hold QQQ,Reduce QLD to QQQ,QLD->QQQ_on_Donchian_exit,QLD closed below its prior 20-day low; the signal changed to 0 and the account reduced to QQQ.,0.0,9316.33,0.0,9316.33,6268.72,-17.63,-9.12
2020-02-26,208.18,15.42,30.38,193.69,7.48,18.56,15.29,4.04,0,0,QQQ,Hold QQQ,No action,,Hold QQQ after the Donchian exit while QQQ remains at or above EMA200.,0.0,9364.34,0.0,9364.34,6301.03,-17.2,-8.65
2020-02-27,197.76,13.88,41.0,193.73,2.08,18.56,15.29,-43.15,0,0,QQQ,Hold QQQ,No action,,Hold QQQ after the Donchian exit while QQQ remains at or above EMA200.,0.0,8895.43,0.0,8895.43,5985.51,-21.35,-13.22
2020-02-28,197.91,14.02,43.13,193.77,2.14,18.56,13.88,2.98,0,0,QQQ,Hold QQQ,No action,,Hold QQQ after the Donchian exit while QQQ remains at or above EMA200.,0.0,8902.36,0.0,8902.36,5990.17,-21.29,-13.16
2020-03-02,208.12,15.34,35.1,193.91,7.33,18.56,13.88,31.15,0,0,QQQ,Hold QQQ,No action,,Hold QQQ after the Donchian exit while QQQ remains at or above EMA200.,0.0,9361.74,0.0,9361.74,6299.28,-17.22,-8.68
2020-03-03,201.45,14.36,39.33,193.99,3.84,18.56,13.88,10.25,0,0,QQQ,Hold QQQ,No action,,Hold QQQ after the Donchian exit while QQQ remains at or above EMA200.,0.0,9061.54,0.0,9061.54,6097.28,-19.88,-11.6
2020-03-04,209.85,15.54,33.54,194.15,8.09,18.56,13.88,35.42,0,0,QQQ,Hold QQQ,No action,,Hold QQQ after the Donchian exit while QQQ remains at or above EMA200.,0.0,9439.61,0.0,9439.61,6351.68,-16.54,-7.92
2020-03-05,203.48,14.6,41.4,194.24,4.76,18.56,13.88,15.44,0,0,QQQ,Hold QQQ,No action,,Hold QQQ after the Donchian exit while QQQ remains at or above EMA200.,0.0,9152.81,0.0,9152.81,6158.7,-19.07,-10.71
2020-03-06,200.04,14.11,43.97,194.3,2.96,18.56,13.88,4.93,0,0,QQQ,Hold QQQ,No action,,Hold QQQ after the Donchian exit while QQQ remains at or above EMA200.,0.0,8998.39,0.0,8998.39,6054.79,-20.44,-12.22
2020-03-09,186.15,12.17,53.68,194.22,-4.15,18.56,13.88,-36.55,0,0,Cash,Hold Cash,Sell QQQ to Cash,QQQ->Cash_below_EMA200,QQQ closed below EMA200 while held; the account moved fully to Cash.,8373.32,0.0,0.0,8373.32,5634.2,-25.96,-18.32
2020-03-10,196.28,13.47,47.43,194.24,1.05,18.56,12.17,20.4,0,0,Cash,Hold Cash,No action,,Hold Cash until QLD creates a new Donchian20 breakout; QQQ moving above EMA200 alone is not a re-entry.,8373.32,0.0,0.0,8373.32,5940.98,-25.96,-13.87
2020-03-11,187.74,12.3,50.7,194.17,-3.32,18.56,12.17,2.03,0,0,Cash,Hold Cash,No action,,Hold Cash until QLD creates a new Donchian20 breakout; QQQ moving above EMA200 alone is not a re-entry.,8373.32,0.0,0.0,8373.32,5682.22,-25.96,-17.62
2020-03-12,170.52,10.02,67.83,193.94,-12.07,18.56,12.17,-33.56,0,0,Cash,Hold Cash,No action,,Hold Cash until QLD creates a new Donchian20 breakout; QQQ moving above EMA200 alone is not a re-entry.,8373.32,0.0,0.0,8373.32,5161.21,-25.96,-25.18
2020-03-13,184.97,11.93,51.84,193.85,-4.58,18.56,10.02,22.35,0,0,Cash,Hold Cash,No action,,Hold Cash until QLD creates a new Donchian20 breakout; QQQ moving above EMA200 alone is not a re-entry.,8373.32,0.0,0.0,8373.32,5598.39,-25.96,-18.84
2020-03-16,162.81,9.03,80.08,193.54,-15.88,18.56,10.02,-11.56,0,0,Cash,Hold Cash,No action,,Hold Cash until QLD creates a new Donchian20 breakout; QQQ moving above EMA200 alone is not a re-entry.,8373.32,0.0,0.0,8373.32,4927.77,-25.96,-28.56
2020-03-17,175.16,10.25,71.55,193.36,-9.41,18.56,9.03,12.78,0,0,Cash,Hold Cash,No action,,Hold Cash until QLD creates a new Donchian20 breakout; QQQ moving above EMA200 alone is not a re-entry.,8373.32,0.0,0.0,8373.32,5301.5,-25.96,-23.14
2020-03-18,169.83,9.61,74.22,193.12,-12.06,18.56,9.03,6.05,0,0,Cash,Hold Cash,No action,,Hold Cash until QLD creates a new Donchian20 breakout; QQQ moving above EMA200 alone is not a re-entry.,8373.32,0.0,0.0,8373.32,5140.25,-25.96,-25.48
2020-03-19,170.85,9.74,69.12,192.9,-11.43,18.2,9.03,7.73,0,0,Cash,Hold Cash,No action,,Hold Cash until QLD creates a new Donchian20 breakout; QQQ moving above EMA200 alone is not a re-entry.,8373.32,0.0,0.0,8373.32,5171.1,-25.96,-25.03
2020-03-20,164.16,8.96,63.85,192.61,-14.78,17.52,9.03,-0.83,0,0,Cash,Hold Cash,No action,,Hold Cash until QLD creates a new Donchian20 breakout; QQQ moving above EMA200 alone is not a re-entry.,8373.32,0.0,0.0,8373.32,4968.52,-25.96,-27.97
2020-03-23,164.27,9.01,58.36,192.33,-14.59,16.16,8.96,0.63,0,0,Cash,Hold Cash,No action,,Hold Cash until QLD creates a new Donchian20 breakout; QQQ moving above EMA200 alone is not a re-entry.,8373.32,0.0,0.0,8373.32,4972.11,-25.96,-27.92
2020-03-24,176.99,10.38,56.95,192.18,-7.9,15.54,8.96,21.55,0,0,Cash,Hold Cash,No action,,Hold Cash until QLD creates a new Donchian20 breakout; QQQ moving above EMA200 alone is not a re-entry.,8373.32,0.0,0.0,8373.32,5357.14,-25.96,-22.33
2020-03-25,175.68,10.19,60.99,192.02,-8.51,15.54,8.96,18.73,0,0,Cash,Hold Cash,No action,,Hold Cash until QLD creates a new Donchian20 breakout; QQQ moving above EMA200 alone is not a re-entry.,8373.32,0.0,0.0,8373.32,5317.47,-25.96,-22.91
2020-03-26,184.94,11.29,57.6,191.95,-3.65,15.54,8.96,35.42,0,0,Cash,Hold Cash,No action,,Hold Cash until QLD creates a new Donchian20 breakout; QQQ moving above EMA200 alone is not a re-entry.,8373.32,0.0,0.0,8373.32,5597.49,-25.96,-18.85
2020-03-27,178.58,10.46,61.38,191.81,-6.9,15.54,8.96,22.83,0,0,Cash,Hold Cash,No action,,Hold Cash until QLD creates a new Donchian20 breakout; QQQ moving above EMA200 alone is not a re-entry.,8373.32,0.0,0.0,8373.32,5404.98,-25.96,-21.64
2020-03-30,185.07,11.26,55.04,191.75,-3.48,15.54,8.96,35.01,0,0,Cash,Hold Cash,No action,,Hold Cash until QLD creates a new Donchian20 breakout; QQQ moving above EMA200 alone is not a re-entry.,8373.32,0.0,0.0,8373.32,5601.57,-25.96,-18.79
2020-03-31,183.49,11.06,51.29,191.66,-4.26,15.54,8.96,31.86,0,0,Cash,Hold Cash,No action,,Hold Cash until QLD creates a new Donchian20 breakout; QQQ moving above EMA200 alone is not a re-entry.,8373.32,0.0,0.0,8373.32,5553.73,-25.96,-19.48
2020-04-01,175.69,10.13,54.29,191.5,-8.26,15.54,8.96,17.81,0,0,Cash,Hold Cash,No action,,Hold Cash until QLD creates a new Donchian20 breakout; QQQ moving above EMA200 alone is not a re-entry.,8373.32,0.0,0.0,8373.32,5317.76,-25.96,-22.91
2020-04-02,179.26,10.54,48.91,191.38,-6.33,14.6,8.96,27.9,0,0,Cash,Hold Cash,No action,,Hold Cash until QLD creates a new Donchian20 breakout; QQQ moving above EMA200 alone is not a re-entry.,8373.32,0.0,0.0,8373.32,5425.68,-25.96,-21.34
2020-04-03,176.72,10.25,44.87,191.24,-7.59,14.11,8.96,25.01,0,0,Cash,Hold Cash,No action,,Hold Cash until QLD creates a new Donchian20 breakout; QQQ moving above EMA200 alone is not a re-entry.,8373.32,0.0,0.0,8373.32,5348.68,-25.96,-22.46
2020-04-06,189.35,11.71,42.93,191.22,-0.98,13.47,8.96,60.88,0,0,Cash,Hold Cash,No action,,Hold Cash until QLD creates a new Donchian20 breakout; QQQ moving above EMA200 alone is not a re-entry.,8373.32,0.0,0.0,8373.32,5731.08,-25.96,-16.91
2020-04-07,189.27,11.66,44.69,191.2,-1.01,13.47,8.96,59.87,0,0,Cash,Hold Cash,No action,,Hold Cash until QLD creates a new Donchian20 breakout; QQQ moving above EMA200 alone is not a re-entry.,8373.32,0.0,0.0,8373.32,5728.75,-25.96,-16.95
2020-04-08,193.29,12.17,42.34,191.22,1.08,12.3,8.96,96.19,0,0,Cash,Hold Cash,No action,,Hold Cash until QLD creates a new Donchian20 breakout; QQQ moving above EMA200 alone is not a re-entry.,8373.32,0.0,0.0,8373.32,5850.38,-25.96,-15.18
2020-04-09,193.57,12.2,41.36,191.24,1.22,12.17,8.96,100.96,0,1,QLD,Hold QLD,Buy QLD,toQLD,QLD closed above its prior 20-day high; the signal changed to 1 and the account moved fully into QLD.,0.0,0.0,8373.32,8373.32,5858.84,-25.96,-15.06
2020-04-13,195.66,12.48,41.34,191.29,2.29,12.2,8.96,108.65,1,1,QLD,Hold QLD,No action,,Hold QLD while the Donchian20 signal remains 1.,0.0,0.0,8565.62,8565.62,5922.14,-24.26,-14.14
2020-04-14,204.17,13.56,38.33,191.41,6.66,12.48,8.96,130.67,1,1,QLD,Hold QLD,No action,,Hold QLD while the Donchian20 signal remains 1.,0.0,0.0,9306.04,9306.04,6179.7,-17.72,-10.41
2020-04-15,201.83,13.25,40.85,191.52,5.38,13.56,8.96,93.26,1,1,QLD,Hold QLD,No action,,Hold QLD while the Donchian20 signal remains 1.,0.0,0.0,9093.4,9093.4,6108.82,-19.6,-11.44
2020-04-16,205.51,13.75,40.36,191.66,7.23,13.56,8.96,104.19,1,1,QLD,Hold QLD,No action,,Hold QLD while the Donchian20 signal remains 1.,0.0,0.0,9438.2,9438.2,6220.24,-16.55,-9.82
2020-04-17,207.48,13.98,38.37,191.81,8.17,13.75,8.96,104.74,1,1,QLD,Hold QLD,No action,,Hold QLD while the Donchian20 signal remains 1.,0.0,0.0,9594.07,9594.07,6279.75,-15.17,-8.96
2020-04-20,205.02,13.66,43.85,191.95,6.81,13.98,8.96,93.55,1,1,QLD,Hold QLD,No action,,Hold QLD while the Donchian20 signal remains 1.,0.0,0.0,9372.12,9372.12,6205.36,-17.13,-10.04
2020-04-21,197.45,12.64,45.37,192.0,2.84,13.98,9.01,73.06,1,1,QLD,Hold QLD,No action,,Hold QLD while the Donchian20 signal remains 1.,0.0,0.0,8674.91,8674.91,5976.39,-23.3,-13.36
2020-04-22,203.31,13.42,42.37,192.11,5.83,13.98,10.13,85.49,1,1,QLD,Hold QLD,No action,,Hold QLD while the Donchian20 signal remains 1.,0.0,0.0,9211.16,9211.16,6153.74,-18.56,-10.79
2020-04-23,202.88,13.36,41.66,192.22,5.55,13.98,10.13,83.82,1,1,QLD,Hold QLD,No action,,Hold QLD while the Donchian20 signal remains 1.,0.0,0.0,9167.11,9167.11,6140.61,-18.95,-10.98
2020-04-24,206.08,13.8,36.5,192.36,7.13,13.98,10.13,95.25,1,1,QLD,Hold QLD,No action,,Hold QLD while the Donchian20 signal remains 1.,0.0,0.0,9468.7,9468.7,6237.45,-16.28,-9.57
2020-04-27,207.74,13.96,35.26,192.51,7.91,13.98,10.13,99.61,1,1,QLD,Hold QLD,No action,,Hold QLD while the Donchian20 signal remains 1.,0.0,0.0,9583.91,9583.91,6287.62,-15.26,-8.84
2020-04-28,203.82,13.47,36.61,192.62,5.81,13.98,10.13,86.68,1,1,QLD,Hold QLD,No action,,Hold QLD while the Donchian20 signal remains 1.,0.0,0.0,9242.5,9242.5,6169.2,-18.28,-10.56
2020-04-29,211.05,14.38,32.85,192.81,9.46,13.98,10.13,110.56,1,1,QLD,Hold QLD,No action,,Hold QLD while the Donchian20 signal remains 1.,0.0,0.0,9872.79,9872.79,6387.96,-12.71,-7.39
2020-04-30,210.97,14.44,35.28,192.99,9.32,14.38,10.13,101.28,1,1,QLD,Hold QLD,No action,,Hold QLD while the Donchian20 signal remains 1.,0.0,0.0,9910.07,9910.07,6385.34,-12.38,-7.43
2020-05-01,205.02,13.57,37.76,193.11,6.17,14.44,10.25,79.17,1,1,QLD,Hold QLD,No action,,Hold QLD while the Donchian20 signal remains 1.,0.0,0.0,9311.12,9311.12,6205.36,-17.67,-10.04
2020-05-04,207.41,13.91,36.86,193.25,7.33,14.44,10.25,87.27,1,1,QLD,Hold QLD,No action,,Hold QLD while the Donchian20 signal remains 1.,0.0,0.0,9544.09,9544.09,6277.71,-15.61,-8.99
2020-05-05,209.76,14.22,35.37,193.41,8.45,14.44,11.66,91.96,1,1,QLD,Hold QLD,No action,,Hold QLD while the Donchian20 signal remains 1.,0.0,0.0,9756.73,9756.73,6348.88,-13.73,-7.96
2020-05-06,211.05,14.39,35.6,193.59,9.02,14.44,11.66,98.18,1,1,QLD,Hold QLD,No action,,Hold QLD while the Donchian20 signal remains 1.,0.0,0.0,9875.33,9875.33,6387.96,-12.68,-7.39
2020-05-07,213.77,14.77,33.58,193.79,10.31,14.44,12.17,114.57,1,1,QLD,Hold QLD,No action,,Hold QLD while the Donchian20 signal remains 1.,0.0,0.0,10137.1,10137.1,6470.22,-10.37,-6.2
2020-05-08,216.7,15.16,30.64,194.02,11.69,14.77,12.2,115.08,1,1,QLD,Hold QLD,No action,,Hold QLD while the Donchian20 signal remains 1.,0.0,0.0,10403.11,10403.11,6558.89,-8.02,-4.91
2020-05-11,218.64,15.41,28.82,194.26,12.55,15.16,12.48,109.41,1,1,QLD,Hold QLD,No action,,Hold QLD while the Donchian20 signal remains 1.,0.0,0.0,10575.93,10575.93,6617.52,-6.49,-4.06
2020-05-12,214.06,14.79,33.3,194.46,10.08,15.41,12.64,77.81,1,1,QLD,Hold QLD,No action,,Hold QLD while the Donchian20 signal remains 1.,0.0,0.0,10154.05,10154.05,6478.97,-10.22,-6.07
2020-05-13,211.38,14.43,36.12,194.63,8.61,15.41,12.64,64.48,1,1,QLD,Hold QLD,No action,,Hold QLD while the Donchian20 signal remains 1.,0.0,0.0,9900.75,9900.75,6397.88,-12.46,-7.25
2020-05-14,213.78,14.74,33.79,194.82,9.73,15.41,12.64,75.85,1,1,QLD,Hold QLD,No action,,Hold QLD while the Donchian20 signal remains 1.,0.0,0.0,10116.77,10116.77,6470.51,-10.55,-6.19
2020-05-15,215.17,14.93,33.49,195.02,10.33,15.41,12.64,82.71,1,1,QLD,Hold QLD,No action,,Hold QLD while the Donchian20 signal remains 1.,0.0,0.0,10247.23,10247.23,6512.51,-9.4,-5.58
2020-05-18,219.18,15.5,30.22,195.26,12.25,15.41,12.64,103.34,1,1,QLD,Hold QLD,No action,,Hold QLD while the Donchian20 signal remains 1.,0.0,0.0,10639.47,10639.47,6633.85,-5.93,-3.83
2020-05-19,218.63,15.4,30.74,195.5,11.83,15.5,12.64,96.51,1,1,QLD,Hold QLD,No action,,Hold QLD while the Donchian20 signal remains 1.,0.0,0.0,10570.85,10570.85,6617.23,-6.53,-4.07
2020-05-20,222.99,16.03,29.12,195.77,13.91,15.5,13.36,124.57,1,1,QLD,Hold QLD,No action,,Hold QLD while the Donchian20 signal remains 1.,0.0,0.0,11001.21,11001.21,6749.36,-2.73,-2.15
2020-05-21,220.56,15.68,30.73,196.02,12.52,16.03,13.36,86.79,1,1,QLD,Hold QLD,No action,,Hold QLD while the Donchian20 signal remains 1.,0.0,0.0,10758.92,10758.92,6675.86,-4.87,-3.22
2020-05-22,221.33,15.77,29.36,196.27,12.77,16.03,13.47,90.03,1,1,QLD,Hold QLD,No action,,Hold QLD while the Donchian20 signal remains 1.,0.0,0.0,10825.84,10825.84,6698.9,-4.28,-2.88
2020-05-26,220.73,15.71,29.42,196.51,12.32,16.03,13.47,87.57,1,1,QLD,Hold QLD,No action,,Hold QLD while the Donchian20 signal remains 1.,0.0,0.0,10782.64,10782.64,6680.82,-4.66,-3.14
2020-05-27,221.93,15.86,29.52,196.76,12.79,16.03,13.47,93.4,1,1,QLD,Hold QLD,No action,,Hold QLD while the Donchian20 signal remains 1.,0.0,0.0,10885.15,10885.15,6717.28,-3.76,-2.62
2020-05-28,221.64,15.8,29.68,197.01,12.5,16.03,13.57,90.63,1,1,QLD,Hold QLD,No action,,Hold QLD while the Donchian20 signal remains 1.,0.0,0.0,10842.79,10842.79,6708.53,-4.13,-2.74
2020-05-29,224.89,16.23,27.96,197.29,13.99,16.03,13.57,108.07,1,1,QLD,Hold QLD,No action,,Hold QLD while the Donchian20 signal remains 1.,0.0,0.0,11137.6,11137.6,6806.82,-1.52,-1.32
2020-06-01,225.57,16.4,28.99,197.57,14.17,16.23,13.57,106.49,1,1,QLD,Hold QLD,No action,,Hold QLD while the Donchian20 signal remains 1.,0.0,0.0,11256.2,11256.2,6827.25,-0.47,-1.02
2020-06-02,227.08,16.6,27.68,197.86,14.77,16.4,13.91,108.16,1,1,QLD,Hold QLD,No action,,Hold QLD while the Donchian20 signal remains 1.,0.0,0.0,11395.98,11395.98,6873.04,0.0,-0.36
2020-06-03,228.1,16.75,27.45,198.16,15.11,16.6,14.22,106.1,1,1,QLD,Hold QLD,No action,,Hold QLD while the Donchian20 signal remains 1.,0.0,0.0,11495.95,11495.95,6903.96,0.0,0.0
2020-06-04,226.5,16.51,27.43,198.45,14.14,16.75,14.39,89.86,1,1,QLD,Hold QLD,No action,,Hold QLD while the Donchian20 signal remains 1.,0.0,0.0,11331.6,11331.6,6855.54,-1.43,-0.7
2020-06-05,230.99,17.16,25.53,198.77,16.21,16.75,14.43,117.53,1,1,QLD,Hold QLD,No action,,Hold QLD while the Donchian20 signal remains 1.,0.0,0.0,11775.51,11775.51,6991.46,0.0,0.0
2020-06-08,232.78,17.44,26.8,199.11,16.91,17.16,14.43,110.35,1,1,QLD,Hold QLD,No action,,Hold QLD while the Donchian20 signal remains 1.,0.0,0.0,11969.51,11969.51,7045.72,0.0,0.0
2020-06-09,234.47,17.68,28.7,199.46,17.55,17.44,14.43,107.9,1,1,QLD,Hold QLD,No action,,Hold QLD while the Donchian20 signal remains 1.,0.0,0.0,12133.01,12133.01,7096.76,0.0,0.0
2020-06-10,237.28,18.12,29.32,199.84,18.74,17.68,14.43,113.51,1,1,QLD,Hold QLD,No action,,Hold QLD while the Donchian20 signal remains 1.,0.0,0.0,12434.6,12434.6,7181.94,0.0,0.0
2020-06-11,225.53,16.33,36.81,200.09,12.71,18.12,14.43,51.49,1,1,QLD,Hold QLD,No action,,Hold QLD while the Donchian20 signal remains 1.,0.0,0.0,11205.37,11205.37,6826.08,-9.89,-4.95
2020-06-12,227.32,16.55,35.49,200.36,13.45,18.12,14.74,53.73,1,1,QLD,Hold QLD,No action,,Hold QLD while the Donchian20 signal remains 1.,0.0,0.0,11362.1,11362.1,6880.33,-8.63,-4.2
2020-06-15,230.09,16.97,33.67,200.66,14.66,18.12,14.93,63.94,1,1,QLD,Hold QLD,No action,,Hold QLD while the Donchian20 signal remains 1.,0.0,0.0,11645.89,11645.89,6964.05,-6.34,-3.03
2020-06-16,234.04,17.58,32.69,200.99,16.44,18.12,15.4,80.14,1,1,QLD,Hold QLD,No action,,Hold QLD while the Donchian20 signal remains 1.,0.0,0.0,12064.39,12064.39,7083.64,-2.98,-1.37
2020-06-17,234.78,17.66,32.91,201.33,16.62,18.12,15.4,83.27,1,1,QLD,Hold QLD,No action,,Hold QLD while the Donchian20 signal remains 1.,0.0,0.0,12122.84,12122.84,7106.1,-2.51,-1.06
2020-06-18,235.41,17.77,31.57,201.67,16.73,18.12,15.68,85.89,1,1,QLD,Hold QLD,No action,,Hold QLD while the Donchian20 signal remains 1.,0.0,0.0,12198.24,12198.24,7125.35,-1.9,-0.79
2020-06-19,235.38,17.75,32.54,202.0,16.52,18.12,15.68,84.98,1,1,QLD,Hold QLD,No action,,Hold QLD while the Donchian20 signal remains 1.,0.0,0.0,12182.99,12182.99,7124.18,-2.02,-0.8
2020-06-22,238.2,18.19,31.38,202.36,17.71,18.12,15.71,103.08,1,1,QLD,Hold QLD,No action,,Hold QLD while the Donchian20 signal remains 1.,0.0,0.0,12485.43,12485.43,7209.62,0.0,0.0
2020-06-23,240.23,18.48,31.23,202.74,18.49,18.19,15.71,111.69,1,1,QLD,Hold QLD,No action,,Hold QLD while the Donchian20 signal remains 1.,0.0,0.0,12684.51,12684.51,7270.98,0.0,0.0
2020-06-24,235.27,17.74,33.58,203.06,15.86,18.48,15.8,72.4,1,1,QLD,Hold QLD,No action,,Hold QLD while the Donchian20 signal remains 1.,0.0,0.0,12176.22,12176.22,7121.08,-4.01,-2.06
2020-06-25,237.51,18.08,31.81,203.41,16.77,18.48,15.8,85.1,1,1,QLD,Hold QLD,No action,,Hold QLD while the Donchian20 signal remains 1.,0.0,0.0,12410.03,12410.03,7188.87,-2.16,-1.13
2020-06-26,231.9,17.2,33.81,203.69,13.85,18.48,16.23,43.04,1,1,QLD,Hold QLD,No action,,Hold QLD while the Donchian20 signal remains 1.,0.0,0.0,11803.47,11803.47,7019.11,-6.95,-3.46
2020-06-29,234.43,17.56,32.3,203.99,14.92,18.48,16.33,57.27,1,1,QLD,Hold QLD,No action,,Hold QLD while the Donchian20 signal remains 1.,0.0,0.0,12052.53,12052.53,7095.66,-4.98,-2.41
2020-06-30,239.03,18.23,30.75,204.34,16.97,18.48,16.33,88.32,1,1,QLD,Hold QLD,No action,,Hold QLD while the Donchian20 signal remains 1.,0.0,0.0,12511.69,12511.69,7234.75,-1.36,-0.5
2020-07-01,241.82,18.69,29.51,204.72,18.12,18.48,16.33,109.85,1,1,QLD,Hold QLD,No action,,Hold QLD while the Donchian20 signal remains 1.,0.0,0.0,12830.22,12830.22,7319.19,0.0,0.0
2020-07-02,243.46,18.95,28.6,205.1,18.7,18.69,16.33,110.69,1,1,QLD,Hold QLD,No action,,Hold QLD while the Donchian20 signal remains 1.,0.0,0.0,13003.89,13003.89,7368.87,0.0,0.0
2020-07-06,249.45,19.88,30.2,205.54,21.36,18.95,16.33,135.75,1,1,QLD,Hold QLD,No action,,Hold QLD while the Donchian20 signal remains 1.,0.0,0.0,13646.88,13646.88,7550.03,0.0,0.0
2020-07-07,247.73,19.6,31.72,205.96,20.28,19.88,16.33,92.09,1,1,QLD,Hold QLD,No action,,Hold QLD while the Donchian20 signal remains 1.,0.0,0.0,13453.73,13453.73,7498.02,-1.42,-0.69
2020-07-08,250.99,20.11,31.05,206.41,21.6,19.88,16.33,106.38,1,1,QLD,Hold QLD,No action,,Hold QLD while the Donchian20 signal remains 1.,0.0,0.0,13802.76,13802.76,7596.78,0.0,0.0
2020-07-09,253.1,20.45,32.68,206.88,22.35,20.11,16.33,108.84,1,1,QLD,Hold QLD,No action,,Hold QLD while the Donchian20 signal remains 1.,0.0,0.0,14032.34,14032.34,7660.77,0.0,0.0
2020-07-10,254.83,20.75,32.02,207.35,22.9,20.45,16.33,107.4,1,1,QLD,Hold QLD,No action,,Hold QLD while the Donchian20 signal remains 1.,0.0,0.0,14241.59,14241.59,7713.07,0.0,0.0
2020-07-13,249.59,19.89,37.6,207.77,20.13,20.75,16.55,79.41,1,1,QLD,Hold QLD,No action,,Hold QLD while the Donchian20 signal remains 1.,0.0,0.0,13648.58,13648.58,7554.41,-4.16,-2.06
2020-07-14,251.36,20.18,37.61,208.21,20.72,20.75,16.97,84.82,1,1,QLD,Hold QLD,No action,,Hold QLD while the Donchian20 signal remains 1.,0.0,0.0,13847.66,13847.66,7607.88,-2.77,-1.36
2020-07-15,251.87,20.22,35.84,208.64,20.72,20.75,17.2,85.09,1,1,QLD,Hold QLD,No action,,Hold QLD while the Donchian20 signal remains 1.,0.0,0.0,13878.16,13878.16,7623.37,-2.55,-1.16
2020-07-16,250.15,19.94,34.42,209.05,19.66,20.75,17.2,77.14,1,1,QLD,Hold QLD,No action,,Hold QLD while the Donchian20 signal remains 1.,0.0,0.0,13684.16,13684.16,7571.36,-3.91,-1.84
2020-07-17,250.44,20.0,30.77,209.47,19.56,20.75,17.2,78.94,1,1,QLD,Hold QLD,No action,,Hold QLD while the Donchian20 signal remains 1.,0.0,0.0,13728.21,13728.21,7580.12,-3.6,-1.72
2020-07-20,257.55,21.15,30.91,209.94,22.67,20.75,17.2,111.29,1,1,QLD,Hold QLD,No action,,Hold QLD while the Donchian20 signal remains 1.,0.0,0.0,14516.92,14516.92,7795.18,0.0,0.0
2020-07-21,254.86,20.71,30.91,210.39,21.14,21.15,17.2,88.73,1,1,QLD,Hold QLD,No action,,Hold QLD while the Donchian20 signal remains 1.,0.0,0.0,14211.09,14211.09,7713.95,-2.11,-1.04
2020-07-22,255.76,20.85,30.46,210.84,21.3,21.15,17.2,92.41,1,1,QLD,Hold QLD,No action,,Hold QLD while the Donchian20 signal remains 1.,0.0,0.0,14311.06,14311.06,7741.12,-1.42,-0.69
2020-07-23,249.08,19.75,32.75,211.22,17.92,21.15,17.2,64.6,1,1,QLD,Hold QLD,No action,,Hold QLD while the Donchian20 signal remains 1.,0.0,0.0,13556.24,13556.24,7538.92,-6.62,-3.29
2020-07-24,246.71,19.37,32.61,211.58,16.61,21.15,17.2,54.98,1,1,QLD,Hold QLD,No action,,Hold QLD while the Donchian20 signal remains 1.,0.0,0.0,13295.31,13295.31,7467.34,-8.42,-4.21
2020-07-27,251.12,20.07,31.55,211.97,18.47,21.15,17.2,72.65,1,1,QLD,Hold QLD,No action,,Hold QLD while the Donchian20 signal remains 1.,0.0,0.0,13774.81,13774.81,7600.58,-5.11,-2.5
2020-07-28,247.92,19.57,31.83,212.33,16.76,21.15,17.56,56.0,1,1,QLD,Hold QLD,No action,,Hold QLD while the Donchian20 signal remains 1.,0.0,0.0,13432.55,13432.55,7503.86,-7.47,-3.74
2020-07-29,250.78,20.02,30.13,212.71,17.9,21.15,18.23,61.43,1,1,QLD,Hold QLD,No action,,Hold QLD while the Donchian20 signal remains 1.,0.0,0.0,13743.46,13743.46,7590.35,-5.33,-2.63
2020-07-30,252.09,20.23,30.2,213.1,18.3,21.15,18.69,62.33,1,1,QLD,Hold QLD,No action,,Hold QLD while the Donchian20 signal remains 1.,0.0,0.0,13881.55,13881.55,7630.09,-4.38,-2.12
2020-07-31,256.59,20.94,27.93,213.53,20.16,21.15,18.95,90.59,1,1,QLD,Hold QLD,No action,,Hold QLD while the Donchian20 signal remains 1.,0.0,0.0,14374.59,14374.59,7766.25,-0.98,-0.37
2020-08-03,260.06,21.5,29.27,214.0,21.52,21.15,19.37,119.49,1,1,QLD,Hold QLD,No action,,Hold QLD while the Donchian20 signal remains 1.,0.0,0.0,14754.97,14754.97,7871.15,0.0,0.0
2020-08-04,261.02,21.66,29.12,214.47,21.71,21.5,19.37,107.84,1,1,QLD,Hold QLD,No action,,Hold QLD while the Donchian20 signal remains 1.,0.0,0.0,14869.33,14869.33,7900.37,0.0,0.0
2020-08-05,261.67,21.78,28.5,214.94,21.74,21.66,19.37,104.95,1,1,QLD,Hold QLD,No action,,Hold QLD while the Donchian20 signal remains 1.,0.0,0.0,14947.27,14947.27,7919.95,0.0,0.0
2020-08-06,265.13,22.33,28.53,215.43,23.07,21.78,19.37,123.03,1,1,QLD,Hold QLD,No action,,Hold QLD while the Donchian20 signal remains 1.,0.0,0.0,15327.65,15327.65,8024.85,0.0,0.0
2020-08-07,262.07,21.83,29.76,215.9,21.39,22.33,19.37,83.03,1,1,QLD,Hold QLD,No action,,Hold QLD while the Donchian20 signal remains 1.,0.0,0.0,14982.85,14982.85,7932.22,-2.25,-1.15
2020-08-10,260.95,21.63,29.86,216.35,20.62,22.33,19.37,76.45,1,1,QLD,Hold QLD,No action,,Hold QLD while the Donchian20 signal remains 1.,0.0,0.0,14849.0,14849.0,7898.32,-3.12,-1.58
2020-08-11,256.01,20.83,31.87,216.74,18.12,22.33,19.37,49.19,1,1,QLD,Hold QLD,No action,,Hold QLD while the Donchian20 signal remains 1.,0.0,0.0,14294.96,14294.96,7748.72,-6.74,-3.44
2020-08-12,262.45,21.88,30.16,217.2,20.84,22.33,19.37,84.58,1,1,QLD,Hold QLD,No action,,Hold QLD while the Donchian20 signal remains 1.,0.0,0.0,15014.2,15014.2,7943.61,-2.05,-1.01
2020-08-13,263.05,21.96,29.84,217.65,20.86,22.33,19.37,87.49,1,1,QLD,Hold QLD,No action,,Hold QLD while the Donchian20 signal remains 1.,0.0,0.0,15073.5,15073.5,7961.73,-1.66,-0.79
2020-08-14,262.74,21.92,29.15,218.1,20.47,22.33,19.37,86.12,1,1,QLD,Hold QLD,No action,,Hold QLD while the Donchian20 signal remains 1.,0.0,0.0,15045.54,15045.54,7952.38,-1.84,-0.9
2020-08-17,265.79,22.41,27.73,218.58,21.6,22.33,19.37,102.54,1,1,QLD,Hold QLD,No action,,Hold QLD while the Donchian20 signal remains 1.,0.0,0.0,15379.32,15379.32,8044.71,0.0,0.0
2020-08-18,268.35,22.84,26.9,219.07,22.49,22.41,19.37,114.39,1,1,QLD,Hold QLD,No action,,Hold QLD while the Donchian20 signal remains 1.,0.0,0.0,15679.22,15679.22,8122.14,0.0,0.0
2020-08-19,266.54,22.55,28.88,219.54,21.41,22.84,19.37,91.4,1,1,QLD,Hold QLD,No action,,Hold QLD while the Donchian20 signal remains 1.,0.0,0.0,15474.21,15474.21,8067.51,-1.31,-0.67
2020-08-20,270.24,23.17,28.44,220.05,22.81,22.84,19.37,109.38,1,1,QLD,Hold QLD,No action,,Hold QLD while the Donchian20 signal remains 1.,0.0,0.0,15902.87,15902.87,8179.41,0.0,0.0
2020-08-21,272.11,23.48,28.62,220.57,23.37,23.17,19.37,108.12,1,1,QLD,Hold QLD,No action,,Hold QLD while the Donchian20 signal remains 1.,0.0,0.0,16114.66,16114.66,8236.1,0.0,0.0
2020-08-24,273.81,23.78,29.83,221.1,23.84,23.48,19.57,107.77,1,1,QLD,Hold QLD,No action,,Hold QLD while the Donchian20 signal remains 1.,0.0,0.0,16323.06,16323.06,8287.53,0.0,0.0
2020-08-25,275.96,24.15,29.11,221.64,24.51,23.78,19.57,108.79,1,1,QLD,Hold QLD,No action,,Hold QLD while the Donchian20 signal remains 1.,0.0,0.0,16577.21,16577.21,8352.69,0.0,0.0
2020-08-26,281.85,25.18,32.1,222.24,26.82,24.15,20.02,124.81,1,1,QLD,Hold QLD,No action,,Hold QLD while the Donchian20 signal remains 1.,0.0,0.0,17280.35,17280.35,8530.93,0.0,0.0
2020-08-27,280.98,25.01,33.32,222.83,26.1,25.18,20.23,96.61,1,1,QLD,Hold QLD,No action,,Hold QLD while the Donchian20 signal remains 1.,0.0,0.0,17165.13,17165.13,8504.33,-0.67,-0.31
2020-08-28,282.4,25.27,32.8,223.42,26.4,25.18,20.83,102.16,1,1,QLD,Hold QLD,No action,,Hold QLD while the Donchian20 signal remains 1.,0.0,0.0,17344.73,17344.73,8547.58,0.0,0.0
2020-08-31,284.67,25.71,34.55,224.03,27.07,25.27,20.83,109.94,1,1,QLD,Hold QLD,No action,,Hold QLD while the Donchian20 signal remains 1.,0.0,0.0,17648.02,17648.02,8616.25,0.0,0.0
2020-09-01,289.54,26.56,34.67,224.68,28.87,25.71,20.83,117.38,1,1,QLD,Hold QLD,No action,,Hold QLD while the Donchian20 signal remains 1.,0.0,0.0,18230.86,18230.86,8763.51,0.0,0.0
2020-09-02,292.28,27.06,36.8,225.35,29.7,26.56,20.83,108.65,1,1,QLD,Hold QLD,No action,,Hold QLD while the Donchian20 signal remains 1.,0.0,0.0,18571.42,18571.42,8846.5,0.0,0.0
2020-09-03,277.46,24.28,42.09,225.87,22.84,27.06,20.83,55.47,1,1,QLD,Hold QLD,No action,,Hold QLD while the Donchian20 signal remains 1.,0.0,0.0,16667.01,16667.01,8397.98,-10.25,-5.07
2020-09-04,273.76,23.64,41.74,226.35,20.95,27.06,20.83,45.13,1,1,QLD,Hold QLD,No action,,Hold QLD while the Donchian20 signal remains 1.,0.0,0.0,16224.79,16224.79,8286.07,-12.64,-6.34
2020-09-08,260.61,21.39,41.02,226.69,14.96,27.06,20.83,8.95,1,1,QLD,Hold QLD,No action,,Hold QLD while the Donchian20 signal remains 1.,0.0,0.0,14677.87,14677.87,7887.81,-20.97,-10.84
2020-09-09,268.26,22.63,38.25,227.1,18.12,27.06,20.83,28.96,1,1,QLD,Hold QLD,No action,,Hold QLD while the Donchian20 signal remains 1.,0.0,0.0,15533.51,15533.51,8119.52,-16.36,-8.22
2020-09-10,262.91,21.7,37.92,227.46,15.59,27.06,21.39,5.61,1,1,QLD,Hold QLD,No action,,Hold QLD while the Donchian20 signal remains 1.,0.0,0.0,14896.44,14896.44,7957.64,-19.79,-10.05
2020-09-11,261.09,21.43,35.27,227.79,14.62,27.06,21.39,0.78,1,1,QLD,Hold QLD,No action,,Hold QLD while the Donchian20 signal remains 1.,0.0,0.0,14708.38,14708.38,7902.42,-20.8,-10.67
2020-09-14,265.64,22.18,33.56,228.17,16.42,27.06,21.39,13.93,1,1,QLD,Hold QLD,No action,,Hold QLD while the Donchian20 signal remains 1.,0.0,0.0,15220.06,15220.06,8040.04,-18.05,-9.12
2020-09-15,269.4,22.81,33.79,228.58,17.86,27.06,21.39,25.07,1,1,QLD,Hold QLD,No action,,Hold QLD while the Donchian20 signal remains 1.,0.0,0.0,15653.81,15653.81,8153.99,-15.71,-7.83
2020-09-16,265.1,22.05,35.48,228.94,15.79,27.06,21.39,11.79,1,1,QLD,Hold QLD,No action,,Hold QLD while the Donchian20 signal remains 1.,0.0,0.0,15137.04,15137.04,8023.97,-18.49,-9.3
2020-09-17,260.96,21.4,36.27,229.26,13.83,27.06,21.39,0.22,1,1,QLD,Hold QLD,No action,,Hold QLD while the Donchian20 signal remains 1.,0.0,0.0,14686.35,14686.35,7898.61,-20.92,-10.71
2020-09-18,257.63,20.83,36.04,229.54,12.24,27.06,21.39,-9.75,1,0,QQQ,Hold QQQ,Reduce QLD to QQQ,QLD->QQQ_on_Donchian_exit,QLD closed below its prior 20-day low; the signal changed to 0 and the account reduced to QQQ.,0.0,14298.35,0.0,14298.35,7797.81,-23.01,-11.85
2020-09-21,258.25,21.01,36.43,229.83,12.37,27.06,20.83,2.89,0,0,QQQ,Hold QQQ,No action,,Hold QQQ after the Donchian exit while QQQ remains at or above EMA200.,0.0,14332.64,0.0,14332.64,7816.51,-22.82,-11.64
2020-09-22,263.05,21.77,35.24,230.16,14.29,27.06,20.83,14.99,0,0,QQQ,Hold QQQ,No action,,Hold QQQ after the Donchian exit while QQQ remains at or above EMA200.,0.0,14598.92,0.0,14598.92,7961.73,-21.39,-10.0
2020-09-23,255.02,20.43,37.25,230.41,10.68,27.06,20.83,-6.5,0,0,QQQ,Hold QQQ,No action,,Hold QQQ after the Donchian exit while QQQ remains at or above EMA200.,0.0,14153.15,0.0,14153.15,7718.62,-23.79,-12.75
2020-09-24,256.2,20.63,36.99,230.66,11.07,27.06,20.43,3.09,0,0,QQQ,Hold QQQ,No action,,Hold QQQ after the Donchian exit while QQQ remains at or above EMA200.,0.0,14219.05,0.0,14219.05,7754.56,-23.44,-12.34
2020-09-25,262.16,21.61,34.93,230.98,13.5,27.06,20.43,17.83,0,0,QQQ,Hold QQQ,No action,,Hold QQQ after the Donchian exit while QQQ remains at or above EMA200.,0.0,14549.63,0.0,14549.63,7934.85,-21.66,-10.31
2020-09-28,267.6,22.48,34.66,231.34,15.68,27.06,20.43,30.9,0,0,QQQ,Hold QQQ,No action,,Hold QQQ after the Donchian exit while QQQ remains at or above EMA200.,0.0,14851.81,0.0,14851.81,8099.64,-20.03,-8.44
2020-09-29,266.4,22.27,35.25,231.69,14.98,27.06,20.43,27.85,0,0,QQQ,Hold QQQ,No action,,Hold QQQ after the Donchian exit while QQQ remains at or above EMA200.,0.0,14784.83,0.0,14784.83,8063.12,-20.39,-8.86
2020-09-30,268.22,22.62,35.42,232.05,15.59,27.06,20.43,33.13,0,0,QQQ,Hold QQQ,No action,,Hold QQQ after the Donchian exit while QQQ remains at or above EMA200.,0.0,14886.09,0.0,14886.09,8118.34,-19.84,-8.23
2020-10-01,272.48,23.31,34.99,232.46,17.22,27.06,20.43,43.48,0,0,QQQ,Hold QQQ,No action,,Hold QQQ after the Donchian exit while QQQ remains at or above EMA200.,0.0,15122.38,0.0,15122.38,8247.21,-18.57,-6.77
2020-10-02,264.81,22.0,36.44,232.78,13.76,24.28,20.43,40.72,0,0,QQQ,Hold QQQ,No action,,Hold QQQ after the Donchian exit while QQQ remains at or above EMA200.,0.0,14696.97,0.0,14696.97,8015.2,-20.86,-9.4
2020-10-05,270.46,22.95,35.67,233.15,16.0,23.64,20.43,78.55,0,0,QQQ,Hold QQQ,No action,,Hold QQQ after the Donchian exit while QQQ remains at or above EMA200.,0.0,15010.4,0.0,15010.4,8186.13,-19.17,-7.46
2020-10-06,265.64,22.1,36.67,233.48,13.77,23.31,20.43,57.96,0,0,QQQ,Hold QQQ,No action,,Hold QQQ after the Donchian exit while QQQ remains at or above EMA200.,0.0,14742.51,0.0,14742.51,8040.04,-20.62,-9.12
2020-10-07,270.23,22.91,35.61,233.84,15.56,23.31,20.43,86.04,0,0,QQQ,Hold QQQ,No action,,Hold QQQ after the Donchian exit while QQQ remains at or above EMA200.,0.0,14997.54,0.0,14997.54,8179.12,-19.24,-7.54
2020-10-08,271.67,23.12,34.43,234.22,15.99,23.31,20.43,93.24,0,0,QQQ,Hold QQQ,No action,,Hold QQQ after the Donchian exit while QQQ remains at or above EMA200.,0.0,15077.37,0.0,15077.37,8222.66,-18.81,-7.05
2020-10-09,275.82,23.82,32.6,234.63,17.55,23.31,20.43,117.55,0,1,QLD,Hold QLD,Buy QLD,toQLD,QLD closed above its prior 20-day high; the signal changed to 1 and the account moved fully into QLD.,0.0,0.0,15307.75,15307.75,8348.3,-17.57,-5.63
2020-10-12,284.33,25.28,33.44,235.13,20.93,23.82,20.43,143.19,1,1,QLD,Hold QLD,No action,,Hold QLD while the Donchian20 signal remains 1.,0.0,0.0,16248.62,16248.62,8606.02,-12.51,-2.72
2020-10-13,284.33,25.26,34.48,235.62,20.67,25.28,20.43,99.64,1,1,QLD,Hold QLD,No action,,Hold QLD while the Donchian20 signal remains 1.,0.0,0.0,16237.52,16237.52,8605.73,-12.57,-2.72
2020-10-14,281.95,24.86,34.04,236.08,19.43,25.28,20.43,91.35,1,1,QLD,Hold QLD,No action,,Hold QLD while the Donchian20 signal remains 1.,0.0,0.0,15978.9,15978.9,8533.85,-13.96,-3.53
2020-10-15,280.06,24.51,34.54,236.52,18.41,25.28,20.43,84.13,1,1,QLD,Hold QLD,No action,,Hold QLD while the Donchian20 signal remains 1.,0.0,0.0,15753.6,15753.6,8476.58,-15.17,-4.18
2020-10-16,278.52,24.25,35.02,236.93,17.55,25.28,20.43,78.84,1,1,QLD,Hold QLD,No action,,Hold QLD while the Donchian20 signal remains 1.,0.0,0.0,15588.59,15588.59,8430.12,-16.06,-4.71
2020-10-19,273.98,23.44,36.14,237.3,15.45,25.28,20.43,62.0,1,1,QLD,Hold QLD,No action,,Hold QLD while the Donchian20 signal remains 1.,0.0,0.0,15063.42,15063.42,8292.49,-18.89,-6.26
2020-10-20,274.56,23.58,35.25,237.67,15.52,25.28,20.43,65.01,1,1,QLD,Hold QLD,No action,,Hold QLD while the Donchian20 signal remains 1.,0.0,0.0,15157.03,15157.03,8310.32,-18.39,-6.06
2020-10-21,274.35,23.52,35.08,238.04,15.26,25.28,20.43,63.78,1,1,QLD,Hold QLD,No action,,Hold QLD while the Donchian20 signal remains 1.,0.0,0.0,15118.94,15118.94,8303.89,-18.59,-6.13
2020-10-22,274.34,23.53,34.28,238.4,15.08,25.28,20.63,62.35,1,1,QLD,Hold QLD,No action,,Hold QLD while the Donchian20 signal remains 1.,0.0,0.0,15123.71,15123.71,8303.6,-18.56,-6.14
2020-10-23,274.88,23.64,33.45,238.76,15.13,25.28,21.61,55.21,1,1,QLD,Hold QLD,No action,,Hold QLD while the Donchian20 signal remains 1.,0.0,0.0,15191.93,15191.93,8319.96,-18.2,-5.95
2020-10-26,270.76,22.89,37.41,239.08,13.25,25.28,22.0,27.14,1,1,QLD,Hold QLD,No action,,Hold QLD while the Donchian20 signal remains 1.,0.0,0.0,14711.18,14711.18,8195.19,-20.79,-7.36
2020-10-27,272.88,23.24,36.56,239.42,13.98,25.28,22.0,37.89,1,1,QLD,Hold QLD,No action,,Hold QLD while the Donchian20 signal remains 1.,0.0,0.0,14938.07,14938.07,8259.18,-19.56,-6.64
2020-10-28,262.24,21.44,43.39,239.64,9.43,25.28,22.0,-16.92,1,0,QQQ,Hold QQQ,Reduce QLD to QQQ,QLD->QQQ_on_Donchian_exit,QLD closed below its prior 20-day low; the signal changed to 0 and the account reduced to QQQ.,0.0,13781.42,0.0,13781.42,7937.18,-25.79,-10.28
2020-10-29,266.82,22.16,40.08,239.91,11.22,25.28,21.44,18.59,0,0,QQQ,Hold QQQ,No action,,Hold QQQ after the Donchian exit while QQQ remains at or above EMA200.,0.0,14022.41,0.0,14022.41,8075.98,-24.49,-8.71
2020-10-30,260.06,21.11,41.3,240.11,8.3,25.28,21.44,-8.75,0,0,QQQ,Hold QQQ,No action,,Hold QQQ after the Donchian exit while QQQ remains at or above EMA200.,0.0,13666.77,0.0,13666.77,7871.15,-26.41,-11.03
2020-11-02,260.63,21.17,40.9,240.32,8.45,25.28,21.11,1.42,0,0,QQQ,Hold QQQ,No action,,Hold QQQ after the Donchian exit while QQQ remains at or above EMA200.,0.0,13697.2,0.0,13697.2,7888.68,-26.25,-10.83
2020-11-03,265.14,21.87,38.38,240.57,10.22,25.28,21.11,18.39,0,0,QQQ,Hold QQQ,No action,,Hold QQQ after the Donchian exit while QQQ remains at or above EMA200.,0.0,13934.13,0.0,13934.13,8025.14,-24.97,-9.28
2020-11-04,276.98,23.83,33.36,240.93,14.96,25.28,21.11,65.29,0,0,QQQ,Hold QQQ,No action,,Hold QQQ after the Donchian exit while QQQ remains at or above EMA200.,0.0,14556.13,0.0,14556.13,8383.37,-21.62,-5.24
2020-11-05,284.2,25.09,32.82,241.36,17.75,25.28,21.11,95.33,0,0,QQQ,Hold QQQ,No action,,Hold QQQ after the Donchian exit while QQQ remains at or above EMA200.,0.0,14935.62,0.0,14935.62,8601.93,-19.58,-2.76
2020-11-06,284.41,25.13,30.01,241.79,17.63,25.28,21.11,96.33,0,0,QQQ,Hold QQQ,No action,,Hold QQQ after the Donchian exit while QQQ remains at or above EMA200.,0.0,14946.79,0.0,14946.79,8608.36,-19.52,-2.69
2020-11-09,278.6,24.06,31.32,242.15,15.05,25.28,21.11,70.85,0,0,QQQ,Hold QQQ,No action,,Hold QQQ after the Donchian exit while QQQ remains at or above EMA200.,0.0,14641.37,0.0,14641.37,8432.46,-21.16,-4.68
2020-11-10,273.61,23.24,32.53,242.47,12.84,25.26,21.11,51.31,0,0,QQQ,Hold QQQ,No action,,Hold QQQ after the Donchian exit while QQQ remains at or above EMA200.,0.0,14379.07,0.0,14379.07,8281.39,-22.57,-6.39
2020-11-11,279.73,24.27,30.29,242.84,15.19,25.13,21.11,78.64,0,0,QQQ,Hold QQQ,No action,,Hold QQQ after the Donchian exit while QQQ remains at or above EMA200.,0.0,14700.72,0.0,14700.72,8466.64,-20.84,-4.29
2020-11-12,278.42,24.04,30.91,243.19,14.48,25.13,21.11,72.93,0,0,QQQ,Hold QQQ,No action,,Hold QQQ after the Donchian exit while QQQ remains at or above EMA200.,0.0,14631.72,0.0,14631.72,8426.9,-21.21,-4.74
2020-11-13,280.86,24.48,29.03,243.57,15.31,25.13,21.11,83.92,0,0,QQQ,Hold QQQ,No action,,Hold QQQ after the Donchian exit while QQQ remains at or above EMA200.,0.0,14760.08,0.0,14760.08,8500.83,-20.52,-3.91
2020-11-16,283.05,24.81,27.37,243.96,16.02,25.13,21.11,92.02,0,0,QQQ,Hold QQQ,No action,,Hold QQQ after the Donchian exit while QQQ remains at or above EMA200.,0.0,14875.25,0.0,14875.25,8567.16,-19.9,-3.16
2020-11-17,282.15,24.65,27.31,244.34,15.48,25.13,21.11,88.03,0,0,QQQ,Hold QQQ,No action,,Hold QQQ after the Donchian exit while QQQ remains at or above EMA200.,0.0,14828.07,0.0,14828.07,8539.98,-20.16,-3.46
2020-11-18,280.07,24.3,27.47,244.69,14.46,25.13,21.11,79.37,0,0,QQQ,Hold QQQ,No action,,Hold QQQ after the Donchian exit while QQQ remains at or above EMA200.,0.0,14718.49,0.0,14718.49,8476.87,-20.75,-4.18
2020-11-19,282.26,24.67,26.81,245.07,15.18,25.13,21.11,88.52,0,0,QQQ,Hold QQQ,No action,,Hold QQQ after the Donchian exit while QQQ remains at or above EMA200.,0.0,14833.65,0.0,14833.65,8543.2,-20.13,-3.43
2020-11-20,280.33,24.35,26.91,245.42,14.22,25.13,21.11,80.66,0,0,QQQ,Hold QQQ,No action,,Hold QQQ after the Donchian exit while QQQ remains at or above EMA200.,0.0,14732.18,0.0,14732.18,8484.76,-20.67,-4.09
2020-11-23,280.34,24.35,26.64,245.77,14.07,25.13,21.11,80.6,0,0,QQQ,Hold QQQ,No action,,Hold QQQ after the Donchian exit while QQQ remains at or above EMA200.,0.0,14732.69,0.0,14732.69,8485.05,-20.67,-4.09
2020-11-24,284.28,25.04,25.99,246.15,15.49,25.13,21.11,97.91,0,0,QQQ,Hold QQQ,No action,,Hold QQQ after the Donchian exit while QQQ remains at or above EMA200.,0.0,14939.68,0.0,14939.68,8604.27,-19.56,-2.74
2020-11-25,286.02,25.36,25.69,246.55,16.01,25.13,21.11,105.71,0,1,QLD,Hold QLD,Buy QLD,toQLD,QLD closed above its prior 20-day high; the signal changed to 1 and the account moved fully into QLD.,0.0,0.0,15031.51,15031.51,8657.15,-19.06,-2.14
2020-11-27,288.66,25.81,26.12,246.97,16.88,25.36,21.11,110.57,1,1,QLD,Hold QLD,No action,,Hold QLD while the Donchian20 signal remains 1.,0.0,0.0,15297.84,15297.84,8736.92,-17.63,-1.24
2020-11-30,289.25,25.87,26.68,247.39,16.92,25.81,21.11,101.42,1,1,QLD,Hold QLD,No action,,Hold QLD while the Donchian20 signal remains 1.,0.0,0.0,15337.35,15337.35,8754.75,-17.41,-1.04
2020-12-01,292.96,26.61,27.41,247.84,18.2,25.87,21.17,115.68,1,1,QLD,Hold QLD,No action,,Hold QLD while the Donchian20 signal remains 1.,0.0,0.0,15774.9,15774.9,8866.95,-15.06,0.0
2020-12-02,293.33,26.63,27.55,248.29,18.14,26.61,21.87,100.42,1,1,QLD,Hold QLD,No action,,Hold QLD while the Donchian20 signal remains 1.,0.0,0.0,15786.6,15786.6,8878.34,-15.0,0.0
2020-12-03,293.75,26.69,27.39,248.74,18.09,26.63,23.24,101.82,1,1,QLD,Hold QLD,No action,,Hold QLD while the Donchian20 signal remains 1.,0.0,0.0,15823.18,15823.18,8890.91,-14.8,0.0
2020-12-04,294.94,26.95,27.02,249.2,18.35,26.69,23.24,107.29,1,1,QLD,Hold QLD,No action,,Hold QLD while the Donchian20 signal remains 1.,0.0,0.0,15972.45,15972.45,8927.14,-13.99,0.0
2020-12-07,296.61,27.23,27.2,249.68,18.8,26.95,23.24,107.66,1,1,QLD,Hold QLD,No action,,Hold QLD while the Donchian20 signal remains 1.,0.0,0.0,16140.73,16140.73,8977.69,-13.09,0.0
2020-12-08,297.62,27.4,26.08,250.15,18.97,27.23,23.24,104.21,1,1,QLD,Hold QLD,No action,,Hold QLD while the Donchian20 signal remains 1.,0.0,0.0,16240.24,16240.24,9008.08,-12.55,0.0
2020-12-09,290.88,26.19,29.32,250.56,16.09,27.4,23.24,71.08,1,1,QLD,Hold QLD,No action,,Hold QLD while the Donchian20 signal remains 1.,0.0,0.0,15527.59,15527.59,8804.13,-16.39,-2.26
2020-12-10,292.05,26.36,29.15,250.97,16.37,27.4,24.04,69.26,1,1,QLD,Hold QLD,No action,,Hold QLD while the Donchian20 signal remains 1.,0.0,0.0,15628.56,15628.56,8839.48,-15.85,-1.87
2020-12-11,291.4,26.27,29.0,251.37,15.92,27.4,24.04,66.4,1,1,QLD,Hold QLD,No action,,Hold QLD while the Donchian20 signal remains 1.,0.0,0.0,15571.49,15571.49,8819.91,-16.15,-2.09
2020-12-14,293.52,26.61,29.44,251.79,16.57,27.4,24.3,74.66,1,1,QLD,Hold QLD,No action,,Hold QLD while the Donchian20 signal remains 1.,0.0,0.0,15774.9,15774.9,8883.9,-15.06,-1.38
2020-12-15,296.65,27.2,28.1,252.24,17.61,27.4,24.3,93.78,1,1,QLD,Hold QLD,No action,,Hold QLD while the Donchian20 signal remains 1.,0.0,0.0,16126.1,16126.1,8978.86,-13.17,-0.32
2020-12-16,298.28,27.51,27.85,252.7,18.04,27.4,24.3,103.51,1,1,QLD,Hold QLD,No action,,Hold QLD while the Donchian20 signal remains 1.,0.0,0.0,16304.63,16304.63,9028.24,-12.21,0.0
2020-12-17,300.23,27.86,27.04,253.17,18.59,27.51,24.3,111.16,1,1,QLD,Hold QLD,No action,,Hold QLD while the Donchian20 signal remains 1.,0.0,0.0,16516.81,16516.81,9087.27,-11.06,0.0
2020-12-18,299.33,27.67,26.91,253.63,18.02,27.86,24.35,94.52,1,1,QLD,Hold QLD,No action,,Hold QLD while the Donchian20 signal remains 1.,0.0,0.0,16402.67,16402.67,9059.8,-11.68,-0.3
2020-12-21,298.77,27.6,28.35,254.08,17.59,27.86,24.35,92.49,1,1,QLD,Hold QLD,No action,,Hold QLD while the Donchian20 signal remains 1.,0.0,0.0,16360.23,16360.23,9042.85,-11.91,-0.49
2020-12-22,299.58,27.73,27.94,254.53,17.7,27.86,24.35,96.28,1,1,QLD,Hold QLD,No action,,Hold QLD while the Donchian20 signal remains 1.,0.0,0.0,16439.25,16439.25,9067.44,-11.48,-0.22
2020-12-23,298.07,27.46,27.33,254.96,16.91,27.86,25.04,85.55,1,1,QLD,Hold QLD,No action,,Hold QLD while the Donchian20 signal remains 1.,0.0,0.0,16275.36,16275.36,9021.78,-12.36,-0.72
2020-12-24,299.39,27.7,25.94,255.41,17.22,27.86,25.36,93.3,1,1,QLD,Hold QLD,No action,,Hold QLD while the Donchian20 signal remains 1.,0.0,0.0,16417.3,16417.3,9061.59,-11.6,-0.28
2020-12-28,302.4,28.26,25.91,255.87,18.18,27.86,25.81,119.21,1,1,QLD,Hold QLD,No action,,Hold QLD while the Donchian20 signal remains 1.,0.0,0.0,16750.95,16750.95,9152.91,-9.8,0.0
2020-12-29,302.67,28.31,26.82,256.34,18.08,28.26,25.87,102.17,1,1,QLD,Hold QLD,No action,,Hold QLD while the Donchian20 signal remains 1.,0.0,0.0,16781.68,16781.68,9161.11,-9.64,0.0
2020-12-30,302.68,28.29,26.29,256.8,17.87,28.31,26.19,98.83,1,1,QLD,Hold QLD,No action,,Hold QLD while the Donchian20 signal remains 1.,0.0,0.0,16767.04,16767.04,9161.4,-9.72,0.0
2020-12-31,303.43,28.42,26.93,257.26,17.94,28.31,26.19,105.02,1,1,QLD,Hold QLD,No action,,Hold QLD while the Donchian20 signal remains 1.,0.0,0.0,16844.6,16844.6,9183.94,-9.3,0.0
2021-01-04,299.14,27.62,30.13,257.68,16.09,28.42,26.19,64.0,1,1,QLD,Hold QLD,No action,,Hold QLD while the Donchian20 signal remains 1.,0.0,0.0,16370.48,16370.48,9054.27,-11.85,-1.41
2021-01-05,301.61,28.07,28.42,258.12,16.85,28.42,26.19,84.22,1,1,QLD,Hold QLD,No action,,Hold QLD while the Donchian20 signal remains 1.,0.0,0.0,16636.81,16636.81,9128.91,-10.42,-0.6
2021-01-06,297.43,27.31,29.27,258.51,15.06,28.42,26.19,50.33,1,1,QLD,Hold QLD,No action,,Hold QLD while the Donchian20 signal remains 1.,0.0,0.0,16190.49,16190.49,9002.45,-12.82,-1.98
2021-01-07,304.63,28.65,26.99,258.97,17.63,28.42,26.19,110.33,1,1,QLD,Hold QLD,No action,,Hold QLD while the Donchian20 signal remains 1.,0.0,0.0,16980.69,16980.69,9220.24,-8.57,0.0
2021-01-08,308.55,29.37,27.93,259.46,18.92,28.65,26.19,129.41,1,1,QLD,Hold QLD,No action,,Hold QLD while the Donchian20 signal remains 1.,0.0,0.0,17407.99,17407.99,9338.8,-6.26,0.0
2021-01-11,304.09,28.49,28.92,259.91,17.0,29.37,26.27,71.79,1,1,QLD,Hold QLD,No action,,Hold QLD while the Donchian20 signal remains 1.,0.0,0.0,16889.96,16889.96,9203.85,-9.05,-1.45
2021-01-12,303.6,28.42,28.33,260.34,16.62,29.37,26.27,69.56,1,1,QLD,Hold QLD,No action,,Hold QLD while the Donchian20 signal remains 1.,0.0,0.0,16848.99,16848.99,9189.21,-9.27,-1.6
2021-01-13,305.65,28.79,27.36,260.79,17.2,29.37,26.61,79.12,1,1,QLD,Hold QLD,No action,,Hold QLD while the Donchian20 signal remains 1.,0.0,0.0,17067.03,17067.03,9251.27,-8.1,-0.94
2021-01-14,304.02,28.48,28.55,261.22,16.38,29.37,27.2,58.79,1,1,QLD,Hold QLD,No action,,Hold QLD while the Donchian20 signal remains 1.,0.0,0.0,16879.72,16879.72,9201.8,-9.11,-1.47
2021-01-15,301.61,28.03,29.17,261.62,15.28,29.37,27.31,35.1,1,1,QLD,Hold QLD,No action,,Hold QLD while the Donchian20 signal remains 1.,0.0,0.0,16617.78,16617.78,9128.91,-10.52,-2.25
2021-01-19,306.01,28.86,27.71,262.07,16.77,29.37,27.31,75.48,1,1,QLD,Hold QLD,No action,,Hold QLD while the Donchian20 signal remains 1.,0.0,0.0,17109.47,17109.47,9262.1,-7.87,-0.82
2021-01-20,313.13,30.18,26.79,262.57,19.25,29.37,27.31,139.78,1,1,QLD,Hold QLD,No action,,Hold QLD while the Donchian20 signal remains 1.,0.0,0.0,17892.36,17892.36,9477.55,-3.66,0.0
2021-01-21,315.63,30.69,27.01,263.1,19.97,30.18,27.31,117.71,1,1,QLD,Hold QLD,No action,,Hold QLD while the Donchian20 signal remains 1.,0.0,0.0,18193.81,18193.81,9553.36,-2.03,0.0
2021-01-22,314.72,30.5,28.07,263.62,19.39,30.69,27.31,94.3,1,1,QLD,Hold QLD,No action,,Hold QLD while the Donchian20 signal remains 1.,0.0,0.0,18079.67,18079.67,9525.84,-2.65,-0.29
2021-01-25,317.33,31.04,28.73,264.15,20.13,30.69,27.31,110.3,1,1,QLD,Hold QLD,No action,,Hold QLD while the Donchian20 signal remains 1.,0.0,0.0,18400.14,18400.14,9604.59,-0.92,0.0
2021-01-26,317.79,31.08,29.2,264.68,20.06,31.04,27.31,101.19,1,1,QLD,Hold QLD,No action,,Hold QLD while the Donchian20 signal remains 1.,0.0,0.0,18426.48,18426.48,9618.64,-0.78,0.0
2021-01-27,308.93,29.41,39.61,265.12,16.52,31.08,27.31,55.63,1,1,QLD,Hold QLD,No action,,Hold QLD while the Donchian20 signal remains 1.,0.0,0.0,17434.33,17434.33,9350.5,-6.12,-2.79
2021-01-28,310.76,29.7,35.05,265.58,17.01,31.08,27.31,63.42,1,1,QLD,Hold QLD,No action,,Hold QLD while the Donchian20 signal remains 1.,0.0,0.0,17608.47,17608.47,9405.83,-5.19,-2.21
2021-01-29,304.22,28.48,37.44,265.96,14.39,31.08,27.31,30.96,1,1,QLD,Hold QLD,No action,,Hold QLD while the Donchian20 signal remains 1.,0.0,0.0,16882.65,16882.65,9207.95,-9.09,-4.27
2021-02-01,311.82,29.88,34.24,266.42,17.04,31.08,27.31,68.06,1,1,QLD,Hold QLD,No action,,Hold QLD while the Donchian20 signal remains 1.,0.0,0.0,17712.36,17712.36,9438.03,-4.63,-1.88
2021-02-02,316.91,30.86,29.49,266.92,18.73,31.08,27.31,94.04,1,1,QLD,Hold QLD,No action,,Hold QLD while the Donchian20 signal remains 1.,0.0,0.0,18293.31,18293.31,9592.0,-1.5,-0.28
2021-02-03,315.65,30.59,29.03,267.41,18.04,31.08,27.31,86.98,1,1,QLD,Hold QLD,No action,,Hold QLD while the Donchian20 signal remains 1.,0.0,0.0,18135.27,18135.27,9553.95,-2.35,-0.67
2021-02-04,319.39,31.32,27.09,267.92,19.21,31.08,27.31,106.35,1,1,QLD,Hold QLD,No action,,Hold QLD while the Donchian20 signal remains 1.,0.0,0.0,18568.43,18568.43,9666.94,-0.02,0.0
2021-02-05,320.47,31.54,25.46,268.45,19.38,31.32,28.03,106.68,1,1,QLD,Hold QLD,No action,,Hold QLD while the Donchian20 signal remains 1.,0.0,0.0,18698.66,18698.66,9699.72,0.0,0.0
2021-02-08,322.62,31.94,26.18,268.98,19.94,31.54,28.03,111.25,1,1,QLD,Hold QLD,No action,,Hold QLD while the Donchian20 signal remains 1.,0.0,0.0,18932.8,18932.8,9764.71,0.0,0.0
2021-02-09,322.55,31.93,26.6,269.52,19.68,31.94,28.03,99.75,1,1,QLD,Hold QLD,No action,,Hold QLD while the Donchian20 signal remains 1.,0.0,0.0,18926.94,18926.94,9762.66,-0.03,-0.02
2021-02-10,321.81,31.77,27.41,270.04,19.17,31.94,28.03,95.76,1,1,QLD,Hold QLD,No action,,Hold QLD while the Donchian20 signal remains 1.,0.0,0.0,18834.76,18834.76,9740.41,-0.52,-0.25
2021-02-11,323.58,32.13,27.07,270.57,19.59,31.94,28.03,104.8,1,1,QLD,Hold QLD,No action,,Hold QLD while the Donchian20 signal remains 1.,0.0,0.0,19044.02,19044.02,9793.98,0.0,0.0
2021-02-12,325.39,32.48,26.36,271.12,20.02,32.13,28.03,108.69,1,1,QLD,Hold QLD,No action,,Hold QLD while the Donchian20 signal remains 1.,0.0,0.0,19254.74,19254.74,9848.72,0.0,0.0
2021-02-16,324.51,32.31,28.52,271.65,19.46,32.48,28.03,96.23,1,1,QLD,Hold QLD,No action,,Hold QLD while the Donchian20 signal remains 1.,0.0,0.0,19155.23,19155.23,9822.08,-0.52,-0.27
2021-02-17,322.96,32.0,28.26,272.16,18.66,32.48,28.48,87.97,1,1,QLD,Hold QLD,No action,,Hold QLD while the Donchian20 signal remains 1.,0.0,0.0,18969.38,18969.38,9774.96,-1.48,-0.75
2021-02-18,321.54,31.71,27.59,272.65,17.93,32.48,28.48,80.69,1,1,QLD,Hold QLD,No action,,Hold QLD while the Donchian20 signal remains 1.,0.0,0.0,18796.71,18796.71,9732.22,-2.38,-1.18
2021-02-19,320.14,31.44,27.74,273.12,17.22,32.48,28.48,74.03,1,1,QLD,Hold QLD,No action,,Hold QLD while the Donchian20 signal remains 1.,0.0,0.0,18638.67,18638.67,9689.77,-3.2,-1.61
2021-02-22,311.84,29.81,31.02,273.51,14.02,32.48,28.48,33.31,1,1,QLD,Hold QLD,No action,,Hold QLD while the Donchian20 signal remains 1.,0.0,0.0,17672.85,17672.85,9438.61,-8.22,-4.16
2021-02-23,310.91,29.63,30.62,273.88,13.52,32.48,28.48,28.69,1,1,QLD,Hold QLD,No action,,Hold QLD while the Donchian20 signal remains 1.,0.0,0.0,17563.1,17563.1,9410.51,-8.79,-4.45
2021-02-24,313.48,30.11,28.67,274.27,14.29,32.48,28.48,40.78,1,1,QLD,Hold QLD,No action,,Hold QLD while the Donchian20 signal remains 1.,0.0,0.0,17849.92,17849.92,9488.09,-7.3,-3.66
2021-02-25,302.55,27.98,36.16,274.56,10.2,32.48,28.48,-12.52,1,0,QQQ,Hold QQQ,Reduce QLD to QQQ,QLD->QQQ_on_Donchian_exit,QLD closed below its prior 20-day low; the signal changed to 0 and the account reduced to QQQ.,0.0,16585.59,0.0,16585.59,9157.3,-13.86,-7.02
2021-02-26,303.82,28.28,34.06,274.85,10.54,32.48,27.98,6.58,0,0,QQQ,Hold QQQ,No action,,Hold QQQ after the Donchian exit while QQQ remains at or above EMA200.,0.0,16655.04,0.0,16655.04,9195.65,-13.5,-6.63
2021-03-01,312.95,29.95,28.67,275.23,13.71,32.48,27.98,43.7,0,0,QQQ,Hold QQQ,No action,,Hold QQQ after the Donchian exit while QQQ remains at or above EMA200.,0.0,17156.06,0.0,17156.06,9472.28,-10.9,-3.82
2021-03-02,307.94,28.98,30.11,275.55,11.75,32.48,27.98,22.15,0,0,QQQ,Hold QQQ,No action,,Hold QQQ after the Donchian exit while QQQ remains at or above EMA200.,0.0,16880.9,0.0,16880.9,9320.35,-12.33,-5.36
2021-03-03,299.0,27.31,33.92,275.78,8.42,32.48,27.98,-14.91,0,0,QQQ,Hold QQQ,No action,,Hold QQQ after the Donchian exit while QQQ remains at or above EMA200.,0.0,16391.02,0.0,16391.02,9049.87,-14.87,-8.11
2021-03-04,294.11,26.39,34.83,275.97,6.57,32.48,27.31,-17.7,0,0,QQQ,Hold QQQ,No action,,Hold QQQ after the Donchian exit while QQQ remains at or above EMA200.,0.0,16122.75,0.0,16122.75,8901.76,-16.27,-9.62
2021-03-05,298.53,27.2,31.89,276.19,8.09,32.48,26.39,13.3,0,0,QQQ,Hold QQQ,No action,,Hold QQQ after the Donchian exit while QQQ remains at or above EMA200.,0.0,16365.56,0.0,16365.56,9035.82,-15.0,-8.25
2021-03-08,290.08,25.65,33.87,276.33,4.98,32.48,26.39,-12.12,0,0,QQQ,Hold QQQ,No action,,Hold QQQ after the Donchian exit while QQQ remains at or above EMA200.,0.0,15902.19,0.0,15902.19,8779.98,-17.41,-10.85
2021-03-09,301.52,27.68,32.15,276.58,9.02,32.48,25.65,29.72,0,0,QQQ,Hold QQQ,No action,,Hold QQQ after the Donchian exit while QQQ remains at or above EMA200.,0.0,16529.39,0.0,16529.39,9126.27,-14.15,-7.34
2021-03-10,300.66,27.52,31.52,276.82,8.61,32.48,25.65,27.3,0,0,QQQ,Hold QQQ,No action,,Hold QQQ after the Donchian exit while QQQ remains at or above EMA200.,0.0,16482.21,0.0,16482.21,9100.22,-14.4,-7.6
2021-03-11,307.59,28.79,30.04,277.13,10.99,32.48,25.65,45.99,0,0,QQQ,Hold QQQ,No action,,Hold QQQ after the Donchian exit while QQQ remains at or above EMA200.,0.0,16861.82,0.0,16861.82,9309.82,-12.43,-5.47
2021-03-12,305.09,28.31,30.1,277.4,9.98,32.48,25.65,38.94,0,0,QQQ,Hold QQQ,No action,,Hold QQQ after the Donchian exit while QQQ remains at or above EMA200.,0.0,16725.03,0.0,16725.03,9234.29,-13.14,-6.24
2021-03-15,308.35,28.92,28.72,277.71,11.03,32.48,25.65,47.9,0,0,QQQ,Hold QQQ,No action,,Hold QQQ after the Donchian exit while QQQ remains at or above EMA200.,0.0,16903.7,0.0,16903.7,9332.94,-12.21,-5.24
2021-03-16,310.04,29.24,29.27,278.03,11.51,32.31,25.65,53.85,0,0,QQQ,Hold QQQ,No action,,Hold QQQ after the Donchian exit while QQQ remains at or above EMA200.,0.0,16996.48,0.0,16996.48,9384.16,-11.73,-4.72
2021-03-17,311.32,29.47,27.98,278.36,11.84,32.0,25.65,60.17,0,0,QQQ,Hold QQQ,No action,,Hold QQQ after the Donchian exit while QQQ remains at or above EMA200.,0.0,17066.46,0.0,17066.46,9422.81,-11.36,-4.32
2021-03-18,301.78,27.66,30.61,278.6,8.32,31.71,25.65,33.06,0,0,QQQ,Hold QQQ,No action,,Hold QQQ after the Donchian exit while QQQ remains at or above EMA200.,0.0,16543.7,0.0,16543.7,9134.18,-14.08,-7.26
2021-03-19,302.85,27.91,29.65,278.84,8.61,31.44,25.65,38.89,0,0,QQQ,Hold QQQ,No action,,Hold QQQ after the Donchian exit while QQQ remains at or above EMA200.,0.0,16602.03,0.0,16602.03,9166.38,-13.78,-6.93
2021-03-22,308.53,28.91,26.7,279.13,10.53,30.11,25.65,72.98,0,0,QQQ,Hold QQQ,No action,,Hold QQQ after the Donchian exit while QQQ remains at or above EMA200.,0.0,16913.37,0.0,16913.37,9338.28,-12.16,-5.18
2021-03-23,307.18,28.61,27.83,279.41,9.94,30.11,25.65,66.28,0,0,QQQ,Hold QQQ,No action,,Hold QQQ after the Donchian exit while QQQ remains at or above EMA200.,0.0,16839.58,0.0,16839.58,9297.54,-12.54,-5.6
2021-03-24,302.0,27.66,28.97,279.64,8.0,30.11,25.65,45.02,0,0,QQQ,Hold QQQ,No action,,Hold QQQ after the Donchian exit while QQQ remains at or above EMA200.,0.0,16555.58,0.0,16555.58,9140.73,-14.02,-7.19
2021-03-25,301.48,27.58,27.63,279.86,7.73,29.95,25.65,44.91,0,0,QQQ,Hold QQQ,No action,,Hold QQQ after the Donchian exit while QQQ remains at or above EMA200.,0.0,16526.91,0.0,16526.91,9124.91,-14.17,-7.35
2021-03-26,306.0,28.4,25.64,280.12,9.24,29.95,25.65,64.06,0,0,QQQ,Hold QQQ,No action,,Hold QQQ after the Donchian exit while QQQ remains at or above EMA200.,0.0,16774.82,0.0,16774.82,9261.78,-12.88,-5.96
2021-03-29,305.91,28.38,26.94,280.37,9.11,29.95,25.65,63.48,0,0,QQQ,Hold QQQ,No action,,Hold QQQ after the Donchian exit while QQQ remains at or above EMA200.,0.0,16770.04,0.0,16770.04,9259.15,-12.9,-5.99
2021-03-30,304.37,28.1,26.39,280.61,8.47,29.47,25.65,64.12,0,0,QQQ,Hold QQQ,No action,,Hold QQQ after the Donchian exit while QQQ remains at or above EMA200.,0.0,16685.64,0.0,16685.64,9212.54,-13.34,-6.46
2021-03-31,309.03,28.93,24.89,280.89,10.02,29.47,25.65,85.78,0,0,QQQ,Hold QQQ,No action,,Hold QQQ after the Donchian exit while QQQ remains at or above EMA200.,0.0,16940.97,0.0,16940.97,9353.52,-12.02,-5.03
2021-04-01,314.3,29.94,23.21,281.23,11.76,29.47,25.65,112.35,0,1,QLD,Hold QLD,Buy QLD,toQLD,QLD closed above its prior 20-day high; the signal changed to 1 and the account moved fully into QLD.,0.0,0.0,17229.75,17229.75,9512.96,-10.52,-3.41
2021-04-05,320.57,31.14,23.93,281.62,13.83,29.94,25.65,127.96,1,1,QLD,Hold QLD,No action,,Hold QLD while the Donchian20 signal remains 1.,0.0,0.0,17920.08,17920.08,9702.89,-6.93,-1.48
2021-04-06,320.35,31.08,23.86,282.0,13.6,31.14,25.65,98.79,1,1,QLD,Hold QLD,No action,,Hold QLD while the Donchian20 signal remains 1.,0.0,0.0,17881.73,17881.73,9696.15,-7.13,-1.55
2021-04-07,321.13,31.23,23.43,282.39,13.72,31.14,27.52,102.38,1,1,QLD,Hold QLD,No action,,Hold QLD while the Donchian20 signal remains 1.,0.0,0.0,17969.8,17969.8,9719.59,-6.67,-1.31
2021-04-08,324.48,31.89,23.49,282.81,14.73,31.23,27.52,117.69,1,1,QLD,Hold QLD,No action,,Hold QLD while the Donchian20 signal remains 1.,0.0,0.0,18347.62,18347.62,9821.01,-4.71,-0.28
2021-04-09,326.44,32.28,23.23,283.25,15.25,31.89,27.58,109.06,1,1,QLD,Hold QLD,No action,,Hold QLD while the Donchian20 signal remains 1.,0.0,0.0,18572.05,18572.05,9880.51,-3.55,0.0
2021-04-12,326.02,32.18,22.49,283.67,14.93,32.28,27.58,98.0,1,1,QLD,Hold QLD,No action,,Hold QLD while the Donchian20 signal remains 1.,0.0,0.0,18518.08,18518.08,9867.61,-3.83,-0.13
2021-04-13,329.82,32.93,22.11,284.13,16.08,32.28,27.58,113.99,1,1,QLD,Hold QLD,No action,,Hold QLD while the Donchian20 signal remains 1.,0.0,0.0,18949.89,18949.89,9982.79,-1.58,0.0
2021-04-14,325.86,32.14,22.64,284.55,14.52,32.93,27.58,85.19,1,1,QLD,Hold QLD,No action,,Hold QLD while the Donchian20 signal remains 1.,0.0,0.0,18493.93,18493.93,9862.92,-3.95,-1.2
2021-04-15,330.8,33.11,21.68,285.01,16.07,32.93,27.58,103.23,1,1,QLD,Hold QLD,No action,,Hold QLD while the Donchian20 signal remains 1.,0.0,0.0,19049.32,19049.32,10012.4,-1.07,0.0
2021-04-16,331.19,33.2,20.51,285.47,16.02,33.11,27.58,101.61,1,1,QLD,Hold QLD,No action,,Hold QLD while the Donchian20 signal remains 1.,0.0,0.0,19100.45,19100.45,10024.12,-0.8,0.0
2021-04-19,328.16,32.58,22.82,285.89,14.78,33.2,27.58,89.09,1,1,QLD,Hold QLD,No action,,Hold QLD while the Donchian20 signal remains 1.,0.0,0.0,18748.19,18748.19,9932.38,-2.63,-0.92
2021-04-20,325.76,32.09,24.37,286.29,13.79,33.2,27.58,80.26,1,1,QLD,Hold QLD,No action,,Hold QLD while the Donchian20 signal remains 1.,0.0,0.0,18462.68,18462.68,9859.99,-4.11,-1.64
2021-04-21,328.55,32.65,22.82,286.71,14.6,33.2,27.58,90.37,1,1,QLD,Hold QLD,No action,,Hold QLD while the Donchian20 signal remains 1.,0.0,0.0,18789.38,18789.38,9944.4,-2.42,-0.8
2021-04-22,324.59,31.87,24.0,287.08,13.07,33.2,27.58,76.39,1,1,QLD,Hold QLD,No action,,Hold QLD while the Donchian20 signal remains 1.,0.0,0.0,18337.69,18337.69,9824.53,-4.76,-1.99
2021-04-23,328.68,32.67,22.32,287.5,14.32,33.2,27.58,90.63,1,1,QLD,Hold QLD,No action,,Hold QLD while the Donchian20 signal remains 1.,0.0,0.0,18797.9,18797.9,9948.21,-2.37,-0.76
2021-04-26,330.82,33.09,22.57,287.93,14.9,33.2,28.1,97.96,1,1,QLD,Hold QLD,No action,,Hold QLD while the Donchian20 signal remains 1.,0.0,0.0,19040.79,19040.79,10012.98,-1.11,-0.11
2021-04-27,329.39,32.79,22.71,288.34,14.23,33.2,28.1,92.0,1,1,QLD,Hold QLD,No action,,Hold QLD while the Donchian20 signal remains 1.,0.0,0.0,18866.09,18866.09,9969.6,-2.02,-0.54
2021-04-28,328.27,32.53,22.36,288.74,13.69,33.2,28.1,86.91,1,1,QLD,Hold QLD,No action,,Hold QLD while the Donchian20 signal remains 1.,0.0,0.0,18716.94,18716.94,9935.9,-2.79,-0.88
2021-04-29,329.45,32.8,22.42,289.14,13.94,33.2,28.93,90.74,1,1,QLD,Hold QLD,No action,,Hold QLD while the Donchian20 signal remains 1.,0.0,0.0,18873.18,18873.18,9971.66,-1.98,-0.52
2021-04-30,327.29,32.36,22.9,289.52,13.05,33.2,29.94,74.18,1,1,QLD,Hold QLD,No action,,Hold QLD while the Donchian20 signal remains 1.,0.0,0.0,18617.51,18617.51,9906.3,-3.31,-1.18
2021-05-03,325.55,32.03,23.34,289.88,12.3,33.2,31.08,44.76,1,1,QLD,Hold QLD,No action,,Hold QLD while the Donchian20 signal remains 1.,0.0,0.0,18427.17,18427.17,9853.54,-4.3,-1.7
2021-05-04,319.69,30.87,25.7,290.18,10.17,33.2,31.08,-9.91,1,0,QQQ,Hold QQQ,Reduce QLD to QQQ,QLD->QQQ_on_Donchian_exit,QLD closed below its prior 20-day low; the signal changed to 0 and the account reduced to QQQ.,0.0,17760.99,0.0,17760.99,9676.22,-7.76,-3.47
2021-05-05,318.62,30.65,25.66,290.46,9.69,33.2,30.87,-9.54,0,0,QQQ,Hold QQQ,No action,,Hold QQQ after the Donchian exit while QQQ remains at or above EMA200.,0.0,17701.28,0.0,17701.28,9643.68,-8.07,-3.8
2021-05-06,321.02,31.12,24.83,290.77,10.4,33.2,30.65,18.78,0,0,QQQ,Hold QQQ,No action,,Hold QQQ after the Donchian exit while QQQ remains at or above EMA200.,0.0,17834.7,0.0,17834.7,9716.37,-7.38,-3.07
2021-05-07,323.62,31.61,22.79,291.09,11.18,33.2,30.65,37.95,0,0,QQQ,Hold QQQ,No action,,Hold QQQ after the Donchian exit while QQQ remains at or above EMA200.,0.0,17979.42,0.0,17979.42,9795.21,-6.62,-2.28
2021-05-10,315.45,30.01,26.59,291.34,8.28,33.2,30.65,-25.07,0,0,QQQ,Hold QQQ,No action,,Hold QQQ after the Donchian exit while QQQ remains at or above EMA200.,0.0,17525.35,0.0,17525.35,9547.84,-8.98,-4.75
2021-05-11,315.02,29.95,27.86,291.57,8.04,33.2,30.01,-1.78,0,0,QQQ,Hold QQQ,No action,,Hold QQQ after the Donchian exit while QQQ remains at or above EMA200.,0.0,17501.15,0.0,17501.15,9534.65,-9.11,-4.88
2021-05-12,306.86,28.4,31.87,291.72,5.19,33.2,29.95,-47.76,0,0,QQQ,Hold QQQ,No action,,Hold QQQ after the Donchian exit while QQQ remains at or above EMA200.,0.0,17048.17,0.0,17048.17,9287.87,-11.46,-7.34
2021-05-13,309.23,28.84,29.02,291.9,5.94,33.2,28.4,9.16,0,0,QQQ,Hold QQQ,No action,,Hold QQQ after the Donchian exit while QQQ remains at or above EMA200.,0.0,17179.97,0.0,17179.97,9359.68,-10.78,-6.63
2021-05-14,316.06,30.1,24.99,292.14,8.19,33.2,28.4,35.41,0,0,QQQ,Hold QQQ,No action,,Hold QQQ after the Donchian exit while QQQ remains at or above EMA200.,0.0,17559.25,0.0,17559.25,9566.31,-8.81,-4.57
2021-05-17,314.14,29.73,25.59,292.36,7.45,33.09,28.4,28.46,0,0,QQQ,Hold QQQ,No action,,Hold QQQ after the Donchian exit while QQQ remains at or above EMA200.,0.0,17452.73,0.0,17452.73,9508.28,-9.36,-5.15
2021-05-18,312.02,29.32,26.14,292.55,6.66,33.09,28.4,19.73,0,0,QQQ,Hold QQQ,No action,,Hold QQQ after the Donchian exit while QQQ remains at or above EMA200.,0.0,17334.91,0.0,17334.91,9444.09,-9.97,-5.79
2021-05-19,312.38,29.39,26.66,292.75,6.71,33.09,28.4,21.2,0,0,QQQ,Hold QQQ,No action,,Hold QQQ after the Donchian exit while QQQ remains at or above EMA200.,0.0,17354.81,0.0,17354.81,9454.93,-9.87,-5.68
2021-05-20,318.42,30.53,24.24,293.01,8.68,33.09,28.4,45.45,0,0,QQQ,Hold QQQ,No action,,Hold QQQ after the Donchian exit while QQQ remains at or above EMA200.,0.0,17690.52,0.0,17690.52,9637.82,-8.12,-3.85
2021-05-21,316.66,30.19,24.3,293.24,7.99,33.09,28.4,38.09,0,0,QQQ,Hold QQQ,No action,,Hold QQQ after the Donchian exit while QQQ remains at or above EMA200.,0.0,17592.61,0.0,17592.61,9584.48,-8.63,-4.39
2021-05-24,321.99,31.21,22.76,293.53,9.7,33.09,28.4,59.92,0,0,QQQ,Hold QQQ,No action,,Hold QQQ after the Donchian exit while QQQ remains at or above EMA200.,0.0,17888.5,0.0,17888.5,9745.68,-7.1,-2.78
2021-05-25,322.43,31.29,23.4,293.81,9.74,32.8,28.4,65.73,0,0,QQQ,Hold QQQ,No action,,Hold QQQ after the Donchian exit while QQQ remains at or above EMA200.,0.0,17913.24,0.0,17913.24,9759.16,-6.97,-2.64
2021-05-26,323.56,31.5,22.35,294.11,10.01,32.8,28.4,70.44,0,0,QQQ,Hold QQQ,No action,,Hold QQQ after the Donchian exit while QQQ remains at or above EMA200.,0.0,17975.65,0.0,17975.65,9793.16,-6.64,-2.3
2021-05-27,322.35,31.27,22.12,294.39,9.5,32.8,28.4,65.28,0,0,QQQ,Hold QQQ,No action,,Hold QQQ after the Donchian exit while QQQ remains at or above EMA200.,0.0,17908.4,0.0,17908.4,9756.53,-6.99,-2.67
2021-05-28,323.36,31.45,21.44,294.68,9.73,32.36,28.4,76.98,0,0,QQQ,Hold QQQ,No action,,Hold QQQ after the Donchian exit while QQQ remains at or above EMA200.,0.0,17964.89,0.0,17964.89,9787.3,-6.7,-2.36
2021-06-01,322.29,31.25,22.68,294.95,9.27,32.03,28.4,78.69,0,0,QQQ,Hold QQQ,No action,,Hold QQQ after the Donchian exit while QQQ remains at or above EMA200.,0.0,17905.17,0.0,17905.17,9754.77,-7.01,-2.69
2021-06-02,322.92,31.37,22.01,295.23,9.38,31.61,28.4,92.47,0,0,QQQ,Hold QQQ,No action,,Hold QQQ after the Donchian exit while QQQ remains at or above EMA200.,0.0,17940.14,0.0,17940.14,9773.82,-6.83,-2.5
2021-06-03,319.56,30.69,23.25,295.47,8.15,31.61,28.4,71.43,0,0,QQQ,Hold QQQ,No action,,Hold QQQ after the Donchian exit while QQQ remains at or above EMA200.,0.0,17753.46,0.0,17753.46,9672.11,-7.8,-3.51
2021-06-04,324.98,31.78,21.22,295.77,9.88,31.61,28.4,105.07,0,1,QLD,Hold QLD,Buy QLD,toQLD,QLD closed above its prior 20-day high; the signal changed to 1 and the account moved fully into QLD.,0.0,0.0,18054.73,18054.73,9836.25,-6.23,-1.87
2021-06-07,325.95,31.94,21.37,296.07,10.09,31.78,28.4,104.82,1,1,QLD,Hold QLD,No action,,Hold QLD while the Donchian20 signal remains 1.,0.0,0.0,18147.31,18147.31,9865.56,-5.75,-1.58
2021-06-08,326.1,31.96,21.58,296.37,10.03,31.94,28.4,100.7,1,1,QLD,Hold QLD,No action,,Hold QLD while the Donchian20 signal remains 1.,0.0,0.0,18161.33,18161.33,9870.25,-5.68,-1.54
2021-06-09,326.18,31.99,22.01,296.66,9.95,31.96,28.4,100.83,1,1,QLD,Hold QLD,No action,,Hold QLD while the Donchian20 signal remains 1.,0.0,0.0,18178.17,18178.17,9872.59,-5.59,-1.51
2021-06-10,329.58,32.66,19.98,296.99,10.97,31.99,28.4,118.68,1,1,QLD,Hold QLD,No action,,Hold QLD while the Donchian20 signal remains 1.,0.0,0.0,18559.68,18559.68,9975.47,-3.61,-0.49
2021-06-11,330.44,32.82,19.16,297.32,11.14,32.66,28.84,104.13,1,1,QLD,Hold QLD,No action,,Hold QLD while the Donchian20 signal remains 1.,0.0,0.0,18649.45,18649.45,10001.55,-3.14,-0.23
2021-06-14,333.61,33.45,20.06,297.69,12.07,32.82,29.32,117.93,1,1,QLD,Hold QLD,No action,,Hold QLD while the Donchian20 signal remains 1.,0.0,0.0,19005.72,19005.72,10097.39,-1.29,0.0
2021-06-15,331.43,33.01,20.93,298.02,11.21,33.45,29.32,89.23,1,1,QLD,Hold QLD,No action,,Hold QLD while the Donchian20 signal remains 1.,0.0,0.0,18753.24,18753.24,10031.45,-2.6,-0.65
2021-06-16,330.22,32.77,21.46,298.34,10.68,33.45,29.32,83.48,1,1,QLD,Hold QLD,No action,,Hold QLD while the Donchian20 signal remains 1.,0.0,0.0,18618.59,18618.59,9994.81,-3.3,-1.02
2021-06-17,334.41,33.6,20.35,298.7,11.96,33.45,29.39,103.65,1,1,QLD,Hold QLD,No action,,Hold QLD while the Donchian20 signal remains 1.,0.0,0.0,19089.88,19089.88,10121.72,-0.86,0.0
2021-06-18,331.79,33.07,22.43,299.03,10.95,33.6,30.19,84.66,1,1,QLD,Hold QLD,No action,,Hold QLD while the Donchian20 signal remains 1.,0.0,0.0,18792.52,18792.52,10042.29,-2.4,-0.78
2021-06-21,333.85,33.47,20.78,299.38,11.52,33.6,30.19,96.38,1,1,QLD,Hold QLD,No action,,Hold QLD while the Donchian20 signal remains 1.,0.0,0.0,19019.74,19019.74,10104.7,-1.22,-0.17
2021-06-22,336.96,34.1,20.0,299.75,12.41,33.6,30.69,117.35,1,1,QLD,Hold QLD,No action,,Hold QLD while the Donchian20 signal remains 1.,0.0,0.0,19376.02,19376.02,10198.9,0.0,0.0
2021-06-23,337.13,34.13,19.82,300.12,12.33,34.1,30.69,100.72,1,1,QLD,Hold QLD,No action,,Hold QLD while the Donchian20 signal remains 1.,0.0,0.0,19390.04,19390.04,10203.89,0.0,0.0
2021-06-24,339.21,34.55,19.6,300.51,12.88,34.13,30.69,112.37,1,1,QLD,Hold QLD,No action,,Hold QLD while the Donchian20 signal remains 1.,0.0,0.0,19631.3,19631.3,10266.97,0.0,0.0
2021-06-25,338.79,34.48,19.31,300.89,12.6,34.55,30.69,98.08,1,1,QLD,Hold QLD,No action,,Hold QLD while the Donchian20 signal remains 1.,0.0,0.0,19589.22,19589.22,10254.36,-0.21,-0.12
2021-06-28,342.91,35.31,19.58,301.31,13.81,34.55,30.69,119.59,1,1,QLD,Hold QLD,No action,,Hold QLD while the Donchian20 signal remains 1.,0.0,0.0,20060.51,20060.51,10379.07,0.0,0.0
2021-06-29,344.16,35.56,20.09,301.74,14.06,35.31,30.69,105.46,1,1,QLD,Hold QLD,No action,,Hold QLD while the Donchian20 signal remains 1.,0.0,0.0,20203.57,20203.57,10416.62,0.0,0.0
2021-06-30,343.61,35.45,20.14,302.15,13.72,35.56,30.69,97.87,1,1,QLD,Hold QLD,No action,,Hold QLD while the Donchian20 signal remains 1.,0.0,0.0,20144.66,20144.66,10400.19,-0.29,-0.16
2021-07-01,343.75,35.48,20.07,302.57,13.61,35.56,30.69,98.38,1,1,QLD,Hold QLD,No action,,Hold QLD while the Donchian20 signal remains 1.,0.0,0.0,20158.69,20158.69,10404.3,-0.22,-0.12
2021-07-02,347.69,36.28,19.28,303.02,14.74,35.56,31.78,119.06,1,1,QLD,Hold QLD,No action,,Hold QLD while the Donchian20 signal remains 1.,0.0,0.0,20613.14,20613.14,10523.73,0.0,0.0
2021-07-06,349.2,36.58,21.0,303.48,15.07,36.28,31.94,107.05,1,1,QLD,Hold QLD,No action,,Hold QLD while the Donchian20 signal remains 1.,0.0,0.0,20787.07,20787.07,10569.21,0.0,0.0
2021-07-07,349.93,36.71,21.11,303.94,15.13,36.58,31.96,102.78,1,1,QLD,Hold QLD,No action,,Hold QLD while the Donchian20 signal remains 1.,0.0,0.0,20860.01,20860.01,10591.51,0.0,0.0
2021-07-08,347.82,36.32,23.6,304.37,14.27,36.71,31.99,91.63,1,1,QLD,Hold QLD,No action,,Hold QLD while the Donchian20 signal remains 1.,0.0,0.0,20635.58,20635.58,10527.55,-1.08,-0.6
2021-07-09,349.99,36.76,21.23,304.83,14.82,36.71,32.66,101.1,1,1,QLD,Hold QLD,No action,,Hold QLD while the Donchian20 signal remains 1.,0.0,0.0,20885.25,20885.25,10593.27,0.0,0.0
2021-07-12,351.36,37.04,19.68,305.29,15.09,36.76,32.77,107.05,1,1,QLD,Hold QLD,No action,,Hold QLD while the Donchian20 signal remains 1.,0.0,0.0,21045.15,21045.15,10634.65,0.0,0.0
2021-07-13,351.36,37.02,20.87,305.75,14.92,37.04,32.77,99.65,1,1,QLD,Hold QLD,No action,,Hold QLD while the Donchian20 signal remains 1.,0.0,0.0,21036.73,21036.73,10634.65,-0.04,0.0
2021-07-14,351.99,37.15,19.99,306.21,14.95,37.04,32.77,102.66,1,1,QLD,Hold QLD,No action,,Hold QLD while the Donchian20 signal remains 1.,0.0,0.0,21109.68,21109.68,10653.72,0.0,0.0
2021-07-15,349.52,36.63,20.11,306.64,13.98,37.15,32.77,88.06,1,1,QLD,Hold QLD,No action,,Hold QLD while the Donchian20 signal remains 1.,0.0,0.0,20812.32,20812.32,10578.89,-1.41,-0.7
2021-07-16,346.69,36.04,21.06,307.04,12.91,37.15,33.07,72.76,1,1,QLD,Hold QLD,No action,,Hold QLD while the Donchian20 signal remains 1.,0.0,0.0,20478.49,20478.49,10493.21,-2.99,-1.51
2021-07-19,343.85,35.45,23.44,307.41,11.85,37.15,33.07,58.23,1,1,QLD,Hold QLD,No action,,Hold QLD while the Donchian20 signal remains 1.,0.0,0.0,20141.86,20141.86,10407.24,-4.58,-2.31
2021-07-20,347.84,36.27,21.68,307.81,13.01,37.15,33.47,76.11,1,1,QLD,Hold QLD,No action,,Hold QLD while the Donchian20 signal remains 1.,0.0,0.0,20610.34,20610.34,10528.13,-2.37,-1.18
2021-07-21,350.52,36.81,20.4,308.23,13.72,37.15,34.1,88.67,1,1,QLD,Hold QLD,No action,,Hold QLD while the Donchian20 signal remains 1.,0.0,0.0,20913.31,20913.31,10609.41,-0.93,-0.42
2021-07-22,352.84,37.32,19.78,308.68,14.31,37.15,34.13,105.55,1,1,QLD,Hold QLD,No action,,Hold QLD while the Donchian20 signal remains 1.,0.0,0.0,21205.06,21205.06,10679.54,0.0,0.0
2021-07-23,356.96,38.17,19.06,309.16,15.46,37.32,34.48,129.86,1,1,QLD,Hold QLD,No action,,Hold QLD while the Donchian20 signal remains 1.,0.0,0.0,21687.56,21687.56,10804.25,0.0,0.0
2021-07-26,357.24,38.25,20.37,309.64,15.38,38.17,34.48,102.27,1,1,QLD,Hold QLD,No action,,Hold QLD while the Donchian20 signal remains 1.,0.0,0.0,21735.25,21735.25,10812.76,0.0,0.0
2021-07-27,353.31,37.41,22.84,310.07,13.94,38.25,35.31,71.52,1,1,QLD,Hold QLD,No action,,Hold QLD while the Donchian20 signal remains 1.,0.0,0.0,21258.36,21258.36,10693.63,-2.19,-1.1
2021-07-28,354.66,37.68,20.96,310.51,14.22,38.25,35.45,79.58,1,1,QLD,Hold QLD,No action,,Hold QLD while the Donchian20 signal remains 1.,0.0,0.0,21409.84,21409.84,10734.71,-1.5,-0.72
2021-07-29,355.29,37.83,20.55,310.96,14.26,38.25,35.45,84.86,1,1,QLD,Hold QLD,No action,,Hold QLD while the Donchian20 signal remains 1.,0.0,0.0,21494.0,21494.0,10753.78,-1.11,-0.55
2021-07-30,353.44,37.42,20.81,311.38,13.51,38.25,35.45,70.42,1,1,QLD,Hold QLD,No action,,Hold QLD while the Donchian20 signal remains 1.,0.0,0.0,21263.96,21263.96,10697.73,-2.17,-1.06
2021-08-02,353.47,37.42,21.49,311.8,13.36,38.25,35.45,70.25,1,1,QLD,Hold QLD,No action,,Hold QLD while the Donchian20 signal remains 1.,0.0,0.0,21261.16,21261.16,10698.61,-2.18,-1.06
2021-08-03,355.61,37.87,20.52,312.24,13.89,38.25,35.45,86.44,1,1,QLD,Hold QLD,No action,,Hold QLD while the Donchian20 signal remains 1.,0.0,0.0,21519.25,21519.25,10763.46,-0.99,-0.46
2021-08-04,356.13,38.0,20.68,312.67,13.9,38.25,35.45,90.84,1,1,QLD,Hold QLD,No action,,Hold QLD while the Donchian20 signal remains 1.,0.0,0.0,21589.38,21589.38,10779.02,-0.67,-0.31
2021-08-05,358.39,38.48,20.19,313.13,14.45,38.25,35.45,107.92,1,1,QLD,Hold QLD,No action,,Hold QLD while the Donchian20 signal remains 1.,0.0,0.0,21861.49,21861.49,10847.39,0.0,0.0
2021-08-06,356.82,38.13,19.61,313.56,13.79,38.48,35.45,88.42,1,1,QLD,Hold QLD,No action,,Hold QLD while the Donchian20 signal remains 1.,0.0,0.0,21662.32,21662.32,10799.85,-0.91,-0.44
2021-08-09,357.48,38.26,19.69,314.0,13.85,38.48,35.45,92.99,1,1,QLD,Hold QLD,No action,,Hold QLD while the Donchian20 signal remains 1.,0.0,0.0,21740.86,21740.86,10819.8,-0.55,-0.25
2021-08-10,355.64,37.88,20.38,314.41,13.11,38.48,35.45,80.26,1,1,QLD,Hold QLD,No action,,Hold QLD while the Donchian20 signal remains 1.,0.0,0.0,21522.05,21522.05,10764.35,-1.55,-0.77
2021-08-11,355.03,37.76,20.13,314.82,12.77,38.48,35.45,76.18,1,1,QLD,Hold QLD,No action,,Hold QLD while the Donchian20 signal remains 1.,0.0,0.0,21451.92,21451.92,10745.86,-1.87,-0.94
2021-08-12,356.31,38.02,19.4,315.23,13.03,38.48,35.45,84.99,1,1,QLD,Hold QLD,No action,,Hold QLD while the Donchian20 signal remains 1.,0.0,0.0,21603.41,21603.41,10784.59,-1.18,-0.58
2021-08-13,357.56,38.27,18.52,315.65,13.28,38.48,35.45,93.15,1,1,QLD,Hold QLD,No action,,Hold QLD while the Donchian20 signal remains 1.,0.0,0.0,21743.67,21743.67,10822.44,-0.54,-0.23
2021-08-16,357.72,38.3,19.05,316.07,13.18,38.48,35.45,94.13,1,1,QLD,Hold QLD,No action,,Hold QLD while the Donchian20 signal remains 1.,0.0,0.0,21760.5,21760.5,10827.14,-0.46,-0.19
2021-08-17,354.57,37.63,21.17,316.45,12.04,38.48,36.27,61.44,1,1,QLD,Hold QLD,No action,,Hold QLD while the Donchian20 signal remains 1.,0.0,0.0,21378.98,21378.98,10731.77,-2.21,-1.07
2021-08-18,351.15,36.9,24.35,316.8,10.84,38.48,36.81,5.33,1,1,QLD,Hold QLD,No action,,Hold QLD while the Donchian20 signal remains 1.,0.0,0.0,20963.8,20963.8,10628.48,-4.11,-2.02
2021-08-19,352.85,37.26,23.52,317.16,11.25,38.48,36.9,23.12,1,1,QLD,Hold QLD,No action,,Hold QLD while the Donchian20 signal remains 1.,0.0,0.0,21171.39,21171.39,10679.84,-3.16,-1.54
2021-08-20,356.51,38.04,20.97,317.55,12.27,38.48,36.9,72.19,1,1,QLD,Hold QLD,No action,,Hold QLD while the Donchian20 signal remains 1.,0.0,0.0,21611.82,21611.82,10790.46,-1.14,-0.52
2021-08-23,361.84,39.16,19.8,317.99,13.79,38.48,36.9,143.44,1,1,QLD,Hold QLD,No action,,Hold QLD while the Donchian20 signal remains 1.,0.0,0.0,22251.42,22251.42,10951.85,0.0,0.0
2021-08-24,362.94,39.4,19.86,318.44,13.98,39.16,36.9,110.68,1,1,QLD,Hold QLD,No action,,Hold QLD while the Donchian20 signal remains 1.,0.0,0.0,22388.88,22388.88,10985.3,0.0,0.0
2021-08-25,363.36,39.45,19.6,318.88,13.95,39.4,36.9,101.77,1,1,QLD,Hold QLD,No action,,Hold QLD while the Donchian20 signal remains 1.,0.0,0.0,22414.13,22414.13,10997.92,0.0,0.0
2021-08-26,361.05,38.99,21.37,319.3,13.07,39.45,36.9,82.01,1,1,QLD,Hold QLD,No action,,Hold QLD while the Donchian20 signal remains 1.,0.0,0.0,22153.24,22153.24,10928.08,-1.16,-0.64
2021-08-27,364.56,39.75,18.54,319.75,14.01,39.45,36.9,111.99,1,1,QLD,Hold QLD,No action,,Hold QLD while the Donchian20 signal remains 1.,0.0,0.0,22588.05,22588.05,11034.31,0.0,0.0
2021-08-30,368.65,40.65,19.08,320.24,15.12,39.75,36.9,131.26,1,1,QLD,Hold QLD,No action,,Hold QLD while the Donchian20 signal remains 1.,0.0,0.0,23095.81,23095.81,11158.13,0.0,0.0
2021-08-31,368.35,40.56,19.48,320.72,14.85,40.65,36.9,97.76,1,1,QLD,Hold QLD,No action,,Hold QLD while the Donchian20 signal remains 1.,0.0,0.0,23048.12,23048.12,11149.04,-0.21,-0.08
2021-09-01,368.96,40.71,19.84,321.2,14.87,40.65,36.9,101.58,1,1,QLD,Hold QLD,No action,,Hold QLD while the Donchian20 signal remains 1.,0.0,0.0,23129.47,23129.47,11167.52,0.0,0.0
2021-09-02,368.79,40.66,20.03,321.67,14.65,40.71,36.9,98.7,1,1,QLD,Hold QLD,No action,,Hold QLD while the Donchian20 signal remains 1.,0.0,0.0,23101.42,23101.42,11162.24,-0.12,-0.05
2021-09-03,369.92,40.91,19.75,322.15,14.83,40.71,36.9,105.44,1,1,QLD,Hold QLD,No action,,Hold QLD while the Donchian20 signal remains 1.,0.0,0.0,23247.29,23247.29,11196.57,0.0,0.0
2021-09-07,370.45,41.01,20.96,322.63,14.82,40.91,36.9,102.46,1,1,QLD,Hold QLD,No action,,Hold QLD while the Donchian20 signal remains 1.,0.0,0.0,23303.4,23303.4,11212.42,0.0,0.0
2021-09-08,369.16,40.75,20.81,323.1,14.26,41.01,36.9,93.53,1,1,QLD,Hold QLD,No action,,Hold QLD while the Donchian20 signal remains 1.,0.0,0.0,23151.91,23151.91,11173.39,-0.65,-0.35
2021-09-09,367.89,40.43,21.45,323.54,13.71,41.01,36.9,85.73,1,1,QLD,Hold QLD,No action,,Hold QLD while the Donchian20 signal remains 1.,0.0,0.0,22969.57,22969.57,11134.95,-1.43,-0.69
2021-09-10,365.1,39.82,22.75,323.96,12.7,41.01,36.9,71.1,1,1,QLD,Hold QLD,No action,,Hold QLD while the Donchian20 signal remains 1.,0.0,0.0,22627.33,22627.33,11050.44,-2.9,-1.44
2021-09-13,364.84,39.77,21.6,324.36,12.48,41.01,36.9,69.78,1,1,QLD,Hold QLD,No action,,Hold QLD while the Donchian20 signal remains 1.,0.0,0.0,22596.48,22596.48,11042.81,-3.03,-1.51
2021-09-14,363.81,39.54,21.68,324.76,12.02,41.01,36.9,64.15,1,1,QLD,Hold QLD,No action,,Hold QLD while the Donchian20 signal remains 1.,0.0,0.0,22464.62,22464.62,11011.42,-3.6,-1.79
2021-09-15,366.51,40.12,20.12,325.17,12.71,41.01,36.9,78.3,1,1,QLD,Hold QLD,No action,,Hold QLD while the Donchian20 signal remains 1.,0.0,0.0,22795.64,22795.64,11093.29,-2.18,-1.06
2021-09-16,366.76,40.19,20.17,325.59,12.65,41.01,36.9,80.1,1,1,QLD,Hold QLD,No action,,Hold QLD while the Donchian20 signal remains 1.,0.0,0.0,22837.72,22837.72,11100.91,-2.0,-0.99
2021-09-17,362.42,39.24,22.27,325.95,11.19,41.01,37.26,52.76,1,1,QLD,Hold QLD,No action,,Hold QLD while the Donchian20 signal remains 1.,0.0,0.0,22296.31,22296.31,10969.46,-4.32,-2.17
2021-09-20,354.93,37.61,27.23,326.24,8.79,41.01,38.04,-14.43,1,0,QQQ,Hold QQQ,Reduce QLD to QQQ,QLD->QQQ_on_Donchian_exit,QLD closed below its prior 20-day low; the signal changed to 0 and the account reduced to QQQ.,0.0,21367.76,0.0,21367.76,10742.79,-8.31,-4.19
2021-09-21,355.37,37.68,26.42,326.53,8.83,41.01,37.61,2.17,0,0,QQQ,Hold QQQ,No action,,Hold QQQ after the Donchian exit while QQQ remains at or above EMA200.,0.0,21394.05,0.0,21394.05,10756.01,-8.19,-4.07
2021-09-22,358.69,38.4,22.97,326.85,9.74,41.01,37.61,23.33,0,0,QQQ,Hold QQQ,No action,,Hold QQQ after the Donchian exit while QQQ remains at or above EMA200.,0.0,21593.88,0.0,21593.88,10856.48,-7.34,-3.17
2021-09-23,362.0,39.1,21.22,327.2,10.64,41.01,37.61,43.91,0,0,QQQ,Hold QQQ,No action,,Hold QQQ after the Donchian exit while QQQ remains at or above EMA200.,0.0,21793.13,0.0,21793.13,10956.65,-6.48,-2.28
2021-09-24,362.34,39.17,20.93,327.55,10.62,41.01,37.61,45.8,0,0,QQQ,Hold QQQ,No action,,Hold QQQ after the Donchian exit while QQQ remains at or above EMA200.,0.0,21813.58,0.0,21813.58,10966.93,-6.39,-2.19
2021-09-27,359.44,38.56,21.83,327.87,9.63,41.01,37.61,27.97,0,0,QQQ,Hold QQQ,No action,,Hold QQQ after the Donchian exit while QQQ remains at or above EMA200.,0.0,21639.45,0.0,21639.45,10879.39,-7.14,-2.97
2021-09-28,349.27,36.36,27.35,328.08,6.46,41.01,37.61,-36.67,0,0,QQQ,Hold QQQ,No action,,Hold QQQ after the Donchian exit while QQQ remains at or above EMA200.,0.0,21027.12,0.0,21027.12,10571.53,-9.77,-5.72
2021-09-29,348.7,36.27,26.71,328.28,6.22,41.01,36.36,-1.91,0,0,QQQ,Hold QQQ,No action,,Hold QQQ after the Donchian exit while QQQ remains at or above EMA200.,0.0,20992.64,0.0,20992.64,10554.2,-9.92,-5.87
2021-09-30,347.42,35.93,26.65,328.48,5.77,41.01,36.27,-7.18,0,0,QQQ,Hold QQQ,No action,,Hold QQQ after the Donchian exit while QQQ remains at or above EMA200.,0.0,20915.51,0.0,20915.51,10515.42,-10.25,-6.22
2021-10-01,349.57,36.41,24.87,328.68,6.36,41.01,35.93,9.51,0,0,QQQ,Hold QQQ,No action,,Hold QQQ after the Donchian exit while QQQ remains at or above EMA200.,0.0,21045.22,0.0,21045.22,10580.63,-9.69,-5.63
2021-10-04,342.24,34.9,27.72,328.82,4.08,41.01,35.93,-20.19,0,0,QQQ,Hold QQQ,No action,,Hold QQQ after the Donchian exit while QQQ remains at or above EMA200.,0.0,20603.5,0.0,20603.5,10358.55,-11.59,-7.62
2021-10-05,346.86,35.83,25.45,329.0,5.43,41.01,34.9,15.27,0,0,QQQ,Hold QQQ,No action,,Hold QQQ after the Donchian exit while QQQ remains at or above EMA200.,0.0,20881.63,0.0,20881.63,10498.38,-10.39,-6.37
2021-10-06,349.08,36.28,24.87,329.2,6.04,40.75,34.9,23.65,0,0,QQQ,Hold QQQ,No action,,Hold QQQ after the Donchian exit while QQQ remains at or above EMA200.,0.0,21015.43,0.0,21015.43,10565.66,-9.82,-5.77
2021-10-07,352.28,36.95,23.22,329.43,6.94,40.43,34.9,37.09,0,0,QQQ,Hold QQQ,No action,,Hold QQQ after the Donchian exit while QQQ remains at or above EMA200.,0.0,21208.25,0.0,21208.25,10662.6,-8.99,-4.9
2021-10-08,350.53,36.58,23.16,329.64,6.34,40.19,34.9,31.62,0,0,QQQ,Hold QQQ,No action,,Hold QQQ after the Donchian exit while QQQ remains at or above EMA200.,0.0,21102.49,0.0,21102.49,10609.43,-9.44,-5.38
2021-10-11,347.84,36.02,23.49,329.82,5.46,40.19,34.9,21.08,0,0,QQQ,Hold QQQ,No action,,Hold QQQ after the Donchian exit while QQQ remains at or above EMA200.,0.0,20940.64,0.0,20940.64,10528.05,-10.14,-6.1
2021-10-12,346.62,35.78,23.41,329.99,5.04,40.19,34.9,16.51,0,0,QQQ,Hold QQQ,No action,,Hold QQQ after the Donchian exit while QQQ remains at or above EMA200.,0.0,20867.6,0.0,20867.6,10491.33,-10.45,-6.43
2021-10-13,349.4,36.34,21.23,330.18,5.82,40.19,34.9,27.15,0,0,QQQ,Hold QQQ,No action,,Hold QQQ after the Donchian exit while QQQ remains at or above EMA200.,0.0,21034.71,0.0,21034.71,10575.35,-9.74,-5.68
2021-10-14,355.83,37.67,19.09,330.44,7.69,40.19,34.9,52.33,0,0,QQQ,Hold QQQ,No action,,Hold QQQ after the Donchian exit while QQQ remains at or above EMA200.,0.0,21422.1,0.0,21422.1,10770.11,-8.07,-3.94
2021-10-15,358.08,38.15,18.51,330.71,8.27,39.24,34.9,74.74,0,0,QQQ,Hold QQQ,No action,,Hold QQQ after the Donchian exit while QQQ remains at or above EMA200.,0.0,21557.07,0.0,21557.07,10837.97,-7.49,-3.34
2021-10-18,361.68,38.92,18.83,331.02,9.26,39.17,34.9,94.1,0,0,QQQ,Hold QQQ,No action,,Hold QQQ after the Donchian exit while QQQ remains at or above EMA200.,0.0,21773.84,0.0,21773.84,10946.95,-6.56,-2.37
2021-10-19,364.41,39.48,18.31,331.35,9.98,39.17,34.9,107.41,0,1,QLD,Hold QLD,Buy QLD,toQLD,QLD closed above its prior 20-day high; the signal changed to 1 and the account moved fully into QLD.,0.0,0.0,21938.62,21938.62,11029.79,-5.86,-1.63
2021-10-20,363.94,39.39,18.73,331.68,9.73,39.48,34.9,97.95,1,1,QLD,Hold QLD,No action,,Hold QLD while the Donchian20 signal remains 1.,0.0,0.0,21886.49,21886.49,11015.4,-6.08,-1.76
2021-10-21,366.16,39.87,18.63,332.02,10.28,39.48,34.9,108.51,1,1,QLD,Hold QLD,No action,,Hold QLD while the Donchian20 signal remains 1.,0.0,0.0,22155.35,22155.35,11082.67,-4.93,-1.16
2021-10-22,363.08,39.19,19.12,332.33,9.26,39.87,34.9,86.3,1,1,QLD,Hold QLD,No action,,Hold QLD while the Donchian20 signal remains 1.,0.0,0.0,21776.76,21776.76,10989.55,-6.55,-1.99
2021-10-25,366.8,39.99,18.8,332.67,10.26,39.87,34.9,102.38,1,1,QLD,Hold QLD,No action,,Hold QLD while the Donchian20 signal remains 1.,0.0,0.0,22221.18,22221.18,11102.06,-4.64,-0.98
2021-10-26,367.96,40.21,19.38,333.02,10.49,39.99,34.9,104.36,1,1,QLD,Hold QLD,No action,,Hold QLD while the Donchian20 signal remains 1.,0.0,0.0,22344.64,22344.64,11137.02,-4.11,-0.67
2021-10-27,368.81,40.42,20.12,333.38,10.63,40.21,34.9,103.9,1,1,QLD,Hold QLD,No action,,Hold QLD while the Donchian20 signal remains 1.,0.0,0.0,22459.86,22459.86,11162.87,-3.62,-0.44
2021-10-28,372.91,41.33,19.75,333.77,11.73,40.42,34.9,116.55,1,1,QLD,Hold QLD,No action,,Hold QLD while the Donchian20 signal remains 1.,0.0,0.0,22967.37,22967.37,11286.83,-1.44,0.0
2021-10-29,374.74,41.74,19.64,334.18,12.14,41.33,34.9,106.29,1,1,QLD,Hold QLD,No action,,Hold QLD while the Donchian20 signal remains 1.,0.0,0.0,23192.33,23192.33,11342.36,-0.48,0.0
2021-11-01,376.02,42.02,19.73,334.59,12.38,41.74,34.9,104.12,1,1,QLD,Hold QLD,No action,,Hold QLD while the Donchian20 signal remains 1.,0.0,0.0,23348.71,23348.71,11381.13,0.0,0.0
2021-11-02,377.59,42.38,19.73,335.02,12.71,42.02,35.78,105.69,1,1,QLD,Hold QLD,No action,,Hold QLD while the Donchian20 signal remains 1.,0.0,0.0,23546.22,23546.22,11428.72,0.0,0.0
2021-11-03,381.6,43.27,19.43,335.49,13.75,42.38,35.78,113.54,1,1,QLD,Hold QLD,No action,,Hold QLD while the Donchian20 signal remains 1.,0.0,0.0,24042.77,24042.77,11550.04,0.0,0.0
2021-11-04,386.49,44.37,20.26,335.99,15.03,43.27,35.78,114.62,1,1,QLD,Hold QLD,No action,,Hold QLD while the Donchian20 signal remains 1.,0.0,0.0,24651.8,24651.8,11698.1,0.0,0.0
2021-11-05,386.86,44.45,21.57,336.5,14.97,44.37,35.78,101.03,1,1,QLD,Hold QLD,No action,,Hold QLD while the Donchian20 signal remains 1.,0.0,0.0,24701.18,24701.18,11709.26,0.0,0.0
2021-11-08,386.34,44.34,21.88,337.0,14.64,44.45,35.78,98.63,1,1,QLD,Hold QLD,No action,,Hold QLD while the Donchian20 signal remains 1.,0.0,0.0,24635.34,24635.34,11693.4,-0.27,-0.14
2021-11-09,383.68,43.71,22.69,337.46,13.7,44.45,35.78,91.41,1,1,QLD,Hold QLD,No action,,Hold QLD while the Donchian20 signal remains 1.,0.0,0.0,24286.93,24286.93,11612.91,-1.68,-0.82
2021-11-10,378.04,42.44,23.27,337.86,11.89,44.45,36.34,75.12,1,1,QLD,Hold QLD,No action,,Hold QLD while the Donchian20 signal remains 1.,0.0,0.0,23579.14,23579.14,11442.23,-4.54,-2.28
2021-11-11,379.09,42.67,22.37,338.27,12.07,44.45,37.67,73.73,1,1,QLD,Hold QLD,No action,,Hold QLD while the Donchian20 signal remains 1.,0.0,0.0,23710.83,23710.83,11473.96,-4.01,-2.01
2021-11-12,383.08,43.57,21.42,338.72,13.1,44.45,38.15,85.92,1,1,QLD,Hold QLD,No action,,Hold QLD while the Donchian20 signal remains 1.,0.0,0.0,24207.37,24207.37,11594.7,-2.0,-0.98
2021-11-15,382.99,43.55,21.71,339.16,12.92,44.45,38.92,83.69,1,1,QLD,Hold QLD,No action,,Hold QLD while the Donchian20 signal remains 1.,0.0,0.0,24199.14,24199.14,11592.05,-2.03,-1.0
2021-11-16,385.72,44.16,21.28,339.62,13.57,44.45,39.19,94.47,1,1,QLD,Hold QLD,No action,,Hold QLD while the Donchian20 signal remains 1.,0.0,0.0,24539.32,24539.32,11674.6,-0.66,-0.3
2021-11-17,385.92,44.2,21.56,340.08,13.48,44.45,39.19,95.22,1,1,QLD,Hold QLD,No action,,Hold QLD while the Donchian20 signal remains 1.,0.0,0.0,24561.27,24561.27,11680.77,-0.57,-0.24
2021-11-18,389.92,45.11,21.39,340.58,14.49,44.45,39.19,112.48,1,1,QLD,Hold QLD,No action,,Hold QLD while the Donchian20 signal remains 1.,0.0,0.0,25066.04,25066.04,11801.79,0.0,0.0
2021-11-19,392.09,45.61,21.75,341.09,14.95,45.11,39.19,108.42,1,1,QLD,Hold QLD,No action,,Hold QLD while the Donchian20 signal remains 1.,0.0,0.0,25343.12,25343.12,11867.59,0.0,0.0
2021-11-22,387.54,44.57,23.5,341.56,13.46,45.61,39.99,81.46,1,1,QLD,Hold QLD,No action,,Hold QLD while the Donchian20 signal remains 1.,0.0,0.0,24764.28,24764.28,11729.82,-2.28,-1.16
2021-11-23,385.78,44.15,24.43,342.0,12.8,45.61,40.21,72.92,1,1,QLD,Hold QLD,No action,,Hold QLD while the Donchian20 signal remains 1.,0.0,0.0,24531.09,24531.09,11676.36,-3.2,-1.61
2021-11-24,387.02,44.46,23.82,342.44,13.02,45.61,40.42,77.83,1,1,QLD,Hold QLD,No action,,Hold QLD while the Donchian20 signal remains 1.,0.0,0.0,24703.92,24703.92,11713.96,-2.52,-1.29
2021-11-26,379.68,42.68,28.45,342.81,10.75,45.61,41.33,31.52,1,1,QLD,Hold QLD,No action,,Hold QLD while the Donchian20 signal remains 1.,0.0,0.0,23716.31,23716.31,11491.88,-6.42,-3.17
2021-11-29,387.92,44.58,24.63,343.26,13.01,45.61,41.74,73.34,1,1,QLD,Hold QLD,No action,,Hold QLD while the Donchian20 signal remains 1.,0.0,0.0,24769.76,24769.76,11741.28,-2.26,-1.06
2021-11-30,382.22,43.26,27.39,343.65,11.22,45.61,42.02,34.39,1,1,QLD,Hold QLD,No action,,Hold QLD while the Donchian20 signal remains 1.,0.0,0.0,24034.54,24034.54,11568.84,-5.16,-2.52
2021-12-01,375.72,41.79,30.95,343.97,9.23,45.61,42.38,-18.17,1,0,QQQ,Hold QQQ,Reduce QLD to QQQ,QLD->QQQ_on_Donchian_exit,QLD closed below its prior 20-day low; the signal changed to 0 and the account reduced to QQQ.,0.0,23219.77,0.0,23219.77,11372.02,-8.38,-4.18
2021-12-02,378.43,42.41,29.78,344.31,9.91,45.61,41.79,16.15,0,0,QQQ,Hold QQQ,No action,,Hold QQQ after the Donchian exit while QQQ remains at or above EMA200.,0.0,23387.11,0.0,23387.11,11453.98,-7.72,-3.49
2021-12-03,371.85,40.93,33.41,344.59,7.91,45.61,41.79,-22.48,0,0,QQQ,Hold QQQ,No action,,Hold QQQ after the Donchian exit while QQQ remains at or above EMA200.,0.0,22980.44,0.0,22980.44,11254.81,-9.32,-5.16
2021-12-06,374.83,41.6,30.17,344.89,8.68,45.61,40.93,14.35,0,0,QQQ,Hold QQQ,No action,,Hold QQQ after the Donchian exit while QQQ remains at or above EMA200.,0.0,23164.58,0.0,23164.58,11345.0,-8.6,-4.4
2021-12-07,386.12,44.1,25.79,345.3,11.82,45.61,40.93,67.83,0,0,QQQ,Hold QQQ,No action,,Hold QQQ after the Donchian exit while QQQ remains at or above EMA200.,0.0,23862.16,0.0,23862.16,11686.64,-5.84,-1.52
2021-12-08,387.84,44.47,24.82,345.72,12.18,45.61,40.93,75.74,0,0,QQQ,Hold QQQ,No action,,Hold QQQ after the Donchian exit while QQQ remains at or above EMA200.,0.0,23968.92,0.0,23968.92,11738.93,-5.42,-1.08
2021-12-09,382.14,43.16,26.42,346.08,10.42,45.61,40.93,47.68,0,0,QQQ,Hold QQQ,No action,,Hold QQQ after the Donchian exit while QQQ remains at or above EMA200.,0.0,23616.24,0.0,23616.24,11566.2,-6.81,-2.54
2021-12-10,386.29,44.09,23.95,346.48,11.49,45.61,40.93,67.62,0,0,QQQ,Hold QQQ,No action,,Hold QQQ after the Donchian exit while QQQ remains at or above EMA200.,0.0,23872.96,0.0,23872.96,11691.93,-5.8,-1.48
2021-12-13,380.71,42.82,24.04,346.82,9.77,45.61,40.93,40.3,0,0,QQQ,Hold QQQ,No action,,Hold QQQ after the Donchian exit while QQQ remains at or above EMA200.,0.0,23528.07,0.0,23528.07,11523.02,-7.16,-2.9
2021-12-14,376.77,41.96,25.31,347.12,8.54,45.61,40.93,21.94,0,0,QQQ,Hold QQQ,No action,,Hold QQQ after the Donchian exit while QQQ remains at or above EMA200.,0.0,23284.55,0.0,23284.55,11403.75,-8.12,-3.91
2021-12-15,385.36,43.83,23.42,347.5,10.89,45.61,40.93,62.03,0,0,QQQ,Hold QQQ,No action,,Hold QQQ after the Donchian exit while QQQ remains at or above EMA200.,0.0,23815.38,0.0,23815.38,11663.73,-6.03,-1.72
2021-12-16,375.45,41.59,25.24,347.78,7.96,45.61,40.93,14.14,0,0,QQQ,Hold QQQ,No action,,Hold QQQ after the Donchian exit while QQQ remains at or above EMA200.,0.0,23202.98,0.0,23202.98,11363.8,-8.44,-4.25
2021-12-17,373.58,41.17,26.55,348.04,7.34,45.61,40.93,5.06,0,0,QQQ,Hold QQQ,No action,,Hold QQQ after the Donchian exit while QQQ remains at or above EMA200.,0.0,23087.21,0.0,23087.21,11307.1,-8.9,-4.72
2021-12-20,369.95,40.34,27.88,348.25,6.23,45.61,40.93,-12.66,0,0,QQQ,Hold QQQ,No action,,Hold QQQ after the Donchian exit while QQQ remains at or above EMA200.,0.0,22863.26,0.0,22863.26,11197.42,-9.79,-5.65
2021-12-21,378.23,42.14,24.96,348.55,8.51,44.58,40.34,42.61,0,0,QQQ,Hold QQQ,No action,,Hold QQQ after the Donchian exit while QQQ remains at or above EMA200.,0.0,23374.94,0.0,23374.94,11448.02,-7.77,-3.54
2021-12-22,382.84,43.18,22.15,348.89,9.73,44.58,40.34,67.05,0,0,QQQ,Hold QQQ,No action,,Hold QQQ after the Donchian exit while QQQ remains at or above EMA200.,0.0,23659.61,0.0,23659.61,11587.44,-6.64,-2.36
2021-12-23,385.72,43.84,21.32,349.26,10.44,44.58,40.34,82.65,0,0,QQQ,Hold QQQ,No action,,Hold QQQ after the Donchian exit while QQQ remains at or above EMA200.,0.0,23837.99,0.0,23837.99,11674.8,-5.94,-1.62
2021-12-27,392.1,45.25,21.72,349.69,12.13,44.58,40.34,115.83,0,1,QLD,Hold QLD,Buy QLD,toQLD,QLD closed above its prior 20-day high; the signal changed to 1 and the account moved fully into QLD.,0.0,0.0,24231.96,24231.96,11867.75,-4.38,0.0
2021-12-28,390.28,44.88,21.54,350.09,11.48,45.25,40.34,92.46,1,1,QLD,Hold QLD,No action,,Hold QLD while the Donchian20 signal remains 1.,0.0,0.0,24033.66,24033.66,11812.75,-5.17,-0.46
2021-12-29,390.22,44.84,21.28,350.49,11.34,45.25,40.34,91.66,1,1,QLD,Hold QLD,No action,,Hold QLD while the Donchian20 signal remains 1.,0.0,0.0,24012.5,24012.5,11810.99,-5.25,-0.48
2021-12-30,389.06,44.53,21.38,350.87,10.88,45.25,40.34,85.33,1,1,QLD,Hold QLD,No action,,Hold QLD while the Donchian20 signal remains 1.,0.0,0.0,23845.94,23845.94,11775.69,-5.91,-0.78
2021-12-31,386.63,43.95,21.2,351.23,10.08,45.25,40.34,73.57,1,1,QLD,Hold QLD,No action,,Hold QLD while the Donchian20 signal remains 1.,0.0,0.0,23536.59,23536.59,11702.16,-7.13,-1.4
2022-01-03,390.35,44.86,21.17,351.62,11.02,45.25,40.34,92.16,1,1,QLD,Hold QLD,No action,,Hold QLD while the Donchian20 signal remains 1.,0.0,0.0,24025.73,24025.73,11814.81,-5.2,-0.45
2022-01-04,385.29,43.69,22.32,351.95,9.47,45.25,40.34,68.24,1,1,QLD,Hold QLD,No action,,Hold QLD while the Donchian20 signal remains 1.,0.0,0.0,23396.46,23396.46,11661.56,-7.68,-1.74
2022-01-05,373.45,40.97,25.98,352.17,6.04,45.25,40.34,12.96,1,1,QLD,Hold QLD,No action,,Hold QLD while the Donchian20 signal remains 1.,0.0,0.0,21942.28,21942.28,11303.31,-13.42,-4.76
2022-01-06,373.19,40.94,25.81,352.38,5.91,45.25,40.34,12.36,1,1,QLD,Hold QLD,No action,,Hold QLD while the Donchian20 signal remains 1.,0.0,0.0,21926.42,21926.42,11295.37,-13.48,-4.82
2022-01-07,369.15,40.04,25.65,352.54,4.71,45.25,40.34,-6.03,1,0,QQQ,Hold QQQ,Reduce QLD to QQQ,QLD->QQQ_on_Donchian_exit,QLD closed below its prior 20-day low; the signal changed to 0 and the account reduced to QQQ.,0.0,21442.57,0.0,21442.57,11173.01,-15.39,-5.85
2022-01-10,369.39,40.13,25.83,352.71,4.73,45.25,40.04,1.8,0,0,QQQ,Hold QQQ,No action,,Hold QQQ after the Donchian exit while QQQ remains at or above EMA200.,0.0,21456.68,0.0,21456.68,11180.36,-15.34,-5.79
2022-01-11,374.94,41.31,24.28,352.93,6.23,45.25,40.04,24.46,0,0,QQQ,Hold QQQ,No action,,Hold QQQ after the Donchian exit while QQQ remains at or above EMA200.,0.0,21779.01,0.0,21779.01,11348.31,-14.06,-4.38
2022-01-12,376.42,41.64,23.44,353.17,6.59,45.25,40.04,30.71,0,0,QQQ,Hold QQQ,No action,,Hold QQQ after the Donchian exit while QQQ remains at or above EMA200.,0.0,21865.37,0.0,21865.37,11393.32,-13.72,-4.0
2022-01-13,367.01,39.53,27.05,353.3,3.88,45.25,40.04,-9.76,0,0,QQQ,Hold QQQ,No action,,Hold QQQ after the Donchian exit while QQQ remains at or above EMA200.,0.0,21318.39,0.0,21318.39,11108.3,-15.88,-6.4
2022-01-14,369.29,40.03,25.72,353.46,4.48,45.25,39.53,8.72,0,0,QQQ,Hold QQQ,No action,,Hold QQQ after the Donchian exit while QQQ remains at or above EMA200.,0.0,21451.04,0.0,21451.04,11177.42,-15.36,-5.82
2022-01-18,360.1,38.07,29.36,353.53,1.86,45.25,39.53,-25.65,0,0,QQQ,Hold QQQ,No action,,Hold QQQ after the Donchian exit while QQQ remains at or above EMA200.,0.0,20917.04,0.0,20917.04,10899.17,-17.46,-8.16
2022-01-19,356.14,37.19,29.02,353.56,0.73,45.25,38.07,-12.23,0,0,QQQ,Hold QQQ,No action,,Hold QQQ after the Donchian exit while QQQ remains at or above EMA200.,0.0,20687.29,0.0,20687.29,10779.45,-18.37,-9.17
2022-01-20,351.52,36.2,30.61,353.54,-0.57,45.25,37.19,-12.19,0,0,Cash,Hold Cash,Sell QQQ to Cash,QQQ->Cash_below_EMA200,QQQ closed below EMA200 while held; the account moved fully to Cash.,20418.59,0.0,0.0,20418.59,10639.45,-19.43,-10.35
2022-01-21,341.77,34.17,34.06,353.42,-3.3,45.25,36.2,-22.54,0,0,Cash,Hold Cash,No action,,Hold Cash until QLD creates a new Donchian20 breakout; QQQ moving above EMA200 alone is not a re-entry.,20418.59,0.0,0.0,20418.59,10344.43,-19.43,-12.84
2022-01-24,343.33,34.58,35.55,353.32,-2.83,45.25,34.17,3.74,0,0,Cash,Hold Cash,No action,,Hold Cash until QLD creates a new Donchian20 breakout; QQQ moving above EMA200 alone is not a re-entry.,20418.59,0.0,0.0,20418.59,10391.78,-19.43,-12.44
2022-01-25,335.38,32.85,38.2,353.14,-5.03,45.25,34.17,-11.85,0,0,Cash,Hold Cash,No action,,Hold Cash until QLD creates a new Donchian20 breakout; QQQ moving above EMA200 alone is not a re-entry.,20418.59,0.0,0.0,20418.59,10150.89,-19.43,-14.47
2022-01-26,334.85,32.91,38.1,352.96,-5.13,44.88,32.85,0.45,0,0,Cash,Hold Cash,No action,,Hold Cash until QLD creates a new Donchian20 breakout; QQQ moving above EMA200 alone is not a re-entry.,20418.59,0.0,0.0,20418.59,10135.01,-19.43,-14.6
2022-01-27,331.48,32.14,36.64,352.74,-6.03,44.86,32.85,-5.92,0,0,Cash,Hold Cash,No action,,Hold Cash until QLD creates a new Donchian20 breakout; QQQ moving above EMA200 alone is not a re-entry.,20418.59,0.0,0.0,20418.59,10032.94,-19.43,-15.46
2022-01-28,341.88,34.2,33.31,352.64,-3.05,44.86,32.14,16.18,0,0,Cash,Hold Cash,No action,,Hold Cash until QLD creates a new Donchian20 breakout; QQQ moving above EMA200 alone is not a re-entry.,20418.59,0.0,0.0,20418.59,10347.66,-19.43,-12.81
2022-01-31,352.81,36.39,30.16,352.64,0.05,44.86,32.14,33.41,0,0,Cash,Hold Cash,No action,,Hold Cash until QLD creates a new Donchian20 breakout; QQQ moving above EMA200 alone is not a re-entry.,20418.59,0.0,0.0,20418.59,10678.56,-19.43,-10.02
2022-02-01,355.21,36.83,28.0,352.66,0.72,44.86,32.14,36.83,0,0,Cash,Hold Cash,No action,,Hold Cash until QLD creates a new Donchian20 breakout; QQQ moving above EMA200 alone is not a re-entry.,20418.59,0.0,0.0,20418.59,10751.22,-19.43,-9.41
2022-02-02,358.1,37.44,29.58,352.72,1.53,43.69,32.14,45.92,0,0,Cash,Hold Cash,No action,,Hold Cash until QLD creates a new Donchian20 breakout; QQQ moving above EMA200 alone is not a re-entry.,20418.59,0.0,0.0,20418.59,10838.58,-19.43,-8.67
2022-02-03,343.58,34.37,31.24,352.63,-2.57,41.64,32.14,23.49,0,0,Cash,Hold Cash,No action,,Hold Cash until QLD creates a new Donchian20 breakout; QQQ moving above EMA200 alone is not a re-entry.,20418.59,0.0,0.0,20418.59,10399.14,-19.43,-12.37
2022-02-04,347.91,35.25,30.32,352.58,-1.32,41.64,32.14,32.74,0,0,Cash,Hold Cash,No action,,Hold Cash until QLD creates a new Donchian20 breakout; QQQ moving above EMA200 alone is not a re-entry.,20418.59,0.0,0.0,20418.59,10530.32,-19.43,-11.27
2022-02-07,345.11,34.7,30.02,352.5,-2.1,41.64,32.14,26.92,0,0,Cash,Hold Cash,No action,,Hold Cash until QLD creates a new Donchian20 breakout; QQQ moving above EMA200 alone is not a re-entry.,20418.59,0.0,0.0,20418.59,10445.61,-19.43,-11.98
2022-02-08,348.99,35.48,28.33,352.47,-0.99,41.64,32.14,35.14,0,0,Cash,Hold Cash,No action,,Hold Cash until QLD creates a new Donchian20 breakout; QQQ moving above EMA200 alone is not a re-entry.,20418.59,0.0,0.0,20418.59,10562.97,-19.43,-10.99
2022-02-09,356.39,36.98,26.87,352.51,1.1,41.64,32.14,50.99,0,0,Cash,Hold Cash,No action,,Hold Cash until QLD creates a new Donchian20 breakout; QQQ moving above EMA200 alone is not a re-entry.,20418.59,0.0,0.0,20418.59,10786.81,-19.43,-9.11
2022-02-10,348.32,35.3,30.07,352.47,-1.18,41.64,32.14,33.26,0,0,Cash,Hold Cash,No action,,Hold Cash until QLD creates a new Donchian20 breakout; QQQ moving above EMA200 alone is not a re-entry.,20418.59,0.0,0.0,20418.59,10542.67,-19.43,-11.17
2022-02-11,337.27,33.07,34.16,352.32,-4.27,40.03,32.14,11.83,0,0,Cash,Hold Cash,No action,,Hold Cash until QLD creates a new Donchian20 breakout; QQQ moving above EMA200 alone is not a re-entry.,20418.59,0.0,0.0,20418.59,10208.25,-19.43,-13.98
2022-02-14,337.69,33.16,34.07,352.17,-4.11,40.03,32.14,12.95,0,0,Cash,Hold Cash,No action,,Hold Cash until QLD creates a new Donchian20 breakout; QQQ moving above EMA200 alone is not a re-entry.,20418.59,0.0,0.0,20418.59,10220.89,-19.43,-13.88
2022-02-15,346.08,34.79,31.16,352.11,-1.71,38.07,32.14,44.67,0,0,Cash,Hold Cash,No action,,Hold Cash until QLD creates a new Donchian20 breakout; QQQ moving above EMA200 alone is not a re-entry.,20418.59,0.0,0.0,20418.59,10475.03,-19.43,-11.74
2022-02-16,346.0,34.75,29.45,352.05,-1.72,37.44,32.14,49.26,0,0,Cash,Hold Cash,No action,,Hold Cash until QLD creates a new Donchian20 breakout; QQQ moving above EMA200 alone is not a re-entry.,20418.59,0.0,0.0,20418.59,10472.38,-19.43,-11.76
2022-02-17,335.71,32.69,33.21,351.89,-4.6,37.44,32.14,10.34,0,0,Cash,Hold Cash,No action,,Hold Cash until QLD creates a new Donchian20 breakout; QQQ moving above EMA200 alone is not a re-entry.,20418.59,0.0,0.0,20418.59,10160.89,-19.43,-14.38
2022-02-18,331.88,31.93,33.05,351.69,-5.63,37.44,32.14,-3.91,0,0,Cash,Hold Cash,No action,,Hold Cash until QLD creates a new Donchian20 breakout; QQQ moving above EMA200 alone is not a re-entry.,20418.59,0.0,0.0,20418.59,10045.0,-19.43,-15.36
2022-02-22,328.54,31.29,33.13,351.46,-6.52,37.44,31.93,-11.74,0,0,Cash,Hold Cash,No action,,Hold Cash until QLD creates a new Donchian20 breakout; QQQ moving above EMA200 alone is not a re-entry.,20418.59,0.0,0.0,20418.59,9944.11,-19.43,-16.21
2022-02-23,320.13,29.7,35.27,351.15,-8.83,37.44,31.29,-25.82,0,0,Cash,Hold Cash,No action,,Hold Cash until QLD creates a new Donchian20 breakout; QQQ moving above EMA200 alone is not a re-entry.,20418.59,0.0,0.0,20418.59,9689.39,-19.43,-18.36
2022-02-24,330.89,31.69,34.02,350.94,-5.72,37.44,29.7,25.69,0,0,Cash,Hold Cash,No action,,Hold Cash until QLD creates a new Donchian20 breakout; QQQ moving above EMA200 alone is not a re-entry.,20418.59,0.0,0.0,20418.59,10015.0,-19.43,-15.61
2022-02-25,336.02,32.66,31.19,350.79,-4.21,37.44,29.7,38.3,0,0,Cash,Hold Cash,No action,,Hold Cash until QLD creates a new Donchian20 breakout; QQQ moving above EMA200 alone is not a re-entry.,20418.59,0.0,0.0,20418.59,10170.3,-19.43,-14.3
2022-02-28,337.02,32.92,32.72,350.66,-3.89,37.44,29.7,41.56,0,0,Cash,Hold Cash,No action,,Hold Cash until QLD creates a new Donchian20 breakout; QQQ moving above EMA200 alone is not a re-entry.,20418.59,0.0,0.0,20418.59,10200.6,-19.43,-14.05
2022-03-01,331.86,31.84,35.22,350.47,-5.31,37.44,29.7,27.6,0,0,Cash,Hold Cash,No action,,Hold Cash until QLD creates a new Donchian20 breakout; QQQ moving above EMA200 alone is not a re-entry.,20418.59,0.0,0.0,20418.59,10044.41,-19.43,-15.36
2022-03-02,337.43,32.88,33.05,350.34,-3.69,37.44,29.7,41.11,0,0,Cash,Hold Cash,No action,,Hold Cash until QLD creates a new Donchian20 breakout; QQQ moving above EMA200 alone is not a re-entry.,20418.59,0.0,0.0,20418.59,10212.95,-19.43,-13.94
2022-03-03,332.61,31.94,33.34,350.16,-5.01,37.44,29.7,29.0,0,0,Cash,Hold Cash,No action,,Hold Cash until QLD creates a new Donchian20 breakout; QQQ moving above EMA200 alone is not a re-entry.,20418.59,0.0,0.0,20418.59,10067.06,-19.43,-15.17
2022-03-04,327.79,31.05,34.89,349.94,-6.33,36.98,29.7,18.5,0,0,Cash,Hold Cash,No action,,Hold Cash until QLD creates a new Donchian20 breakout; QQQ moving above EMA200 alone is not a re-entry.,20418.59,0.0,0.0,20418.59,9921.17,-19.43,-16.4
2022-03-07,315.7,28.74,38.73,349.6,-9.7,36.98,29.7,-13.14,0,0,Cash,Hold Cash,No action,,Hold Cash until QLD creates a new Donchian20 breakout; QQQ moving above EMA200 alone is not a re-entry.,20418.59,0.0,0.0,20418.59,9555.26,-19.43,-19.49
2022-03-08,314.23,28.46,38.02,349.25,-10.03,36.98,28.74,-3.41,0,0,Cash,Hold Cash,No action,,Hold Cash until QLD creates a new Donchian20 breakout; QQQ moving above EMA200 alone is not a re-entry.,20418.59,0.0,0.0,20418.59,9510.85,-19.43,-19.86
2022-03-09,325.54,30.54,35.34,349.01,-6.73,36.98,28.46,24.44,0,0,Cash,Hold Cash,No action,,Hold Cash until QLD creates a new Donchian20 breakout; QQQ moving above EMA200 alone is not a re-entry.,20418.59,0.0,0.0,20418.59,9853.22,-19.43,-16.97
2022-03-10,321.93,29.86,34.23,348.74,-7.69,36.98,28.46,16.39,0,0,Cash,Hold Cash,No action,,Hold Cash until QLD creates a new Donchian20 breakout; QQQ moving above EMA200 alone is not a re-entry.,20418.59,0.0,0.0,20418.59,9743.81,-19.43,-17.9
2022-03-11,315.25,28.59,34.85,348.41,-9.52,35.3,28.46,1.95,0,0,Cash,Hold Cash,No action,,Hold Cash until QLD creates a new Donchian20 breakout; QQQ moving above EMA200 alone is not a re-entry.,20418.59,0.0,0.0,20418.59,9541.74,-19.43,-19.6
2022-03-14,309.2,27.51,36.55,348.02,-11.16,34.79,28.46,-14.98,0,0,Cash,Hold Cash,No action,,Hold Cash until QLD creates a new Donchian20 breakout; QQQ moving above EMA200 alone is not a re-entry.,20418.59,0.0,0.0,20418.59,9358.49,-19.43,-21.14
2022-03-15,318.89,29.21,34.65,347.73,-8.29,34.79,27.51,23.34,0,0,Cash,Hold Cash,No action,,Hold Cash until QLD creates a new Donchian20 breakout; QQQ moving above EMA200 alone is not a re-entry.,20418.59,0.0,0.0,20418.59,9652.04,-19.43,-18.67
2022-03-16,330.72,31.4,30.81,347.56,-4.85,34.79,27.51,53.39,0,0,Cash,Hold Cash,No action,,Hold Cash until QLD creates a new Donchian20 breakout; QQQ moving above EMA200 alone is not a re-entry.,20418.59,0.0,0.0,20418.59,10010.0,-19.43,-15.65
2022-03-17,334.72,32.13,29.51,347.43,-3.66,34.75,27.51,63.74,0,0,Cash,Hold Cash,No action,,Hold Cash until QLD creates a new Donchian20 breakout; QQQ moving above EMA200 alone is not a re-entry.,20418.59,0.0,0.0,20418.59,10131.18,-19.43,-14.63
2022-03-18,341.58,33.46,27.76,347.38,-1.67,32.92,27.51,110.14,0,1,QLD,Hold QLD,Buy QLD,toQLD,QLD closed above its prior 20-day high; the signal changed to 1 and the account moved fully into QLD.,0.0,0.0,20418.59,20418.59,10338.55,-19.43,-12.89
2022-03-21,340.63,33.28,28.66,347.31,-1.92,33.46,27.51,96.85,1,1,QLD,Hold QLD,No action,,Hold QLD while the Donchian20 signal remains 1.,0.0,0.0,20304.12,20304.12,10309.8,-19.88,-13.13
2022-03-22,347.32,34.57,27.71,347.31,0.0,33.46,27.51,118.57,1,1,QLD,Hold QLD,No action,,Hold QLD while the Donchian20 signal remains 1.,0.0,0.0,21093.39,21093.39,10512.42,-16.77,-11.42
2022-03-23,342.33,33.58,28.84,347.26,-1.42,34.57,27.51,85.94,1,1,QLD,Hold QLD,No action,,Hold QLD while the Donchian20 signal remains 1.,0.0,0.0,20487.88,20487.88,10361.34,-19.16,-12.69
2022-03-24,349.94,35.07,27.89,347.29,0.76,34.57,27.51,107.13,1,1,QLD,Hold QLD,No action,,Hold QLD while the Donchian20 signal remains 1.,0.0,0.0,21400.66,21400.66,10591.64,-15.56,-10.75
2022-03-25,349.65,35.02,27.34,347.31,0.67,35.07,27.51,99.35,1,1,QLD,Hold QLD,No action,,Hold QLD while the Donchian20 signal remains 1.,0.0,0.0,21370.54,21370.54,10582.8,-15.68,-10.83
2022-03-28,355.06,36.11,26.53,347.39,2.21,35.07,27.51,113.64,1,1,QLD,Hold QLD,No action,,Hold QLD while the Donchian20 signal remains 1.,0.0,0.0,22030.27,22030.27,10746.54,-13.07,-9.45
2022-03-29,361.17,37.32,25.87,347.52,3.93,36.11,27.51,114.13,1,1,QLD,Hold QLD,No action,,Hold QLD while the Donchian20 signal remains 1.,0.0,0.0,22771.34,22771.34,10931.49,-10.15,-7.89
2022-03-30,357.18,36.53,26.4,347.62,2.75,37.32,27.51,91.9,1,1,QLD,Hold QLD,No action,,Hold QLD while the Donchian20 signal remains 1.,0.0,0.0,22286.34,22286.34,10810.75,-12.06,-8.91
2022-03-31,352.75,35.51,26.99,347.67,1.46,37.32,27.51,81.53,1,1,QLD,Hold QLD,No action,,Hold QLD while the Donchian20 signal remains 1.,0.0,0.0,21665.76,21665.76,10676.75,-14.51,-10.04
2022-04-01,352.08,35.48,25.91,347.71,1.26,37.32,27.51,81.28,1,1,QLD,Hold QLD,No action,,Hold QLD while the Donchian20 signal remains 1.,0.0,0.0,21650.69,21650.69,10656.43,-14.57,-10.21
2022-04-04,359.33,36.91,24.93,347.83,3.31,37.32,27.51,95.82,1,1,QLD,Hold QLD,No action,,Hold QLD while the Donchian20 signal remains 1.,0.0,0.0,22521.31,22521.31,10875.83,-11.13,-8.36
2022-04-05,351.35,35.3,27.4,347.86,1.0,37.32,27.51,79.37,1,1,QLD,Hold QLD,No action,,Hold QLD while the Donchian20 signal remains 1.,0.0,0.0,21536.22,21536.22,10634.34,-15.02,-10.39
2022-04-06,343.72,33.72,28.91,347.82,-1.18,37.32,27.51,63.31,1,1,QLD,Hold QLD,No action,,Hold QLD while the Donchian20 signal remains 1.,0.0,0.0,20575.24,20575.24,10403.45,-18.81,-12.34
2022-04-07,344.54,33.9,28.48,347.79,-0.94,37.32,27.51,65.17,1,1,QLD,Hold QLD,No action,,Hold QLD while the Donchian20 signal remains 1.,0.0,0.0,20686.7,20686.7,10428.19,-18.37,-12.13
2022-04-08,339.72,32.94,28.06,347.71,-2.3,37.32,27.51,55.36,1,1,QLD,Hold QLD,No action,,Hold QLD while the Donchian20 signal remains 1.,0.0,0.0,20099.27,20099.27,10282.41,-20.69,-13.36
2022-04-11,331.68,31.39,30.75,347.55,-4.57,37.32,27.51,39.56,1,1,QLD,Hold QLD,No action,,Hold QLD while the Donchian20 signal remains 1.,0.0,0.0,19153.35,19153.35,10039.16,-24.42,-15.41
2022-04-12,330.28,31.14,30.38,347.38,-4.92,37.32,29.21,23.86,1,1,QLD,Hold QLD,No action,,Hold QLD while the Donchian20 signal remains 1.,0.0,0.0,19002.73,19002.73,9996.75,-25.02,-15.77
2022-04-13,337.0,32.38,26.85,347.28,-2.96,37.32,31.14,19.98,1,1,QLD,Hold QLD,No action,,Hold QLD while the Donchian20 signal remains 1.,0.0,0.0,19755.85,19755.85,10199.96,-22.05,-14.05
2022-04-14,329.29,30.89,28.86,347.1,-5.13,37.32,31.14,-4.08,1,0,Cash,Hold Cash,Reduce QLD to QQQ; Sell QQQ to Cash,QLD->QQQ_on_Donchian_exit; QQQ->Cash_below_EMA200,"QLD exited its channel and QQQ was below EMA200, so the account passed through QQQ and finished in Cash.",18849.09,0.0,0.0,18849.09,9966.71,-25.62,-16.02
2022-04-18,329.54,30.99,29.53,346.92,-5.01,37.32,30.89,1.54,0,0,Cash,Hold Cash,No action,,Hold Cash until QLD creates a new Donchian20 breakout; QQQ moving above EMA200 alone is not a re-entry.,18849.09,0.0,0.0,18849.09,9974.37,-25.62,-15.95
2022-04-19,336.91,32.3,29.1,346.82,-2.86,37.32,30.89,21.97,0,0,Cash,Hold Cash,No action,,Hold Cash until QLD creates a new Donchian20 breakout; QQQ moving above EMA200 alone is not a re-entry.,18849.09,0.0,0.0,18849.09,10197.31,-25.62,-14.08
2022-04-20,332.0,31.36,28.47,346.67,-4.23,37.32,30.89,7.3,0,0,Cash,Hold Cash,No action,,Hold Cash until QLD creates a new Donchian20 breakout; QQQ moving above EMA200 alone is not a re-entry.,18849.09,0.0,0.0,18849.09,10048.58,-25.62,-15.33
2022-04-21,325.13,30.11,31.37,346.46,-6.16,37.32,30.89,-12.21,0,0,Cash,Hold Cash,No action,,Hold Cash until QLD creates a new Donchian20 breakout; QQQ moving above EMA200 alone is not a re-entry.,18849.09,0.0,0.0,18849.09,9840.67,-25.62,-17.08
2022-04-22,316.61,28.5,35.39,346.16,-8.54,37.32,30.11,-22.31,0,0,Cash,Hold Cash,No action,,Hold Cash until QLD creates a new Donchian20 breakout; QQQ moving above EMA200 alone is not a re-entry.,18849.09,0.0,0.0,18849.09,9582.98,-25.62,-19.25
2022-04-25,320.68,29.25,33.83,345.91,-7.29,37.32,28.5,8.51,0,0,Cash,Hold Cash,No action,,Hold Cash until QLD creates a new Donchian20 breakout; QQQ moving above EMA200 alone is not a re-entry.,18849.09,0.0,0.0,18849.09,9706.08,-25.62,-18.21
2022-04-26,308.58,26.99,38.93,345.54,-10.7,37.32,28.5,-17.07,0,0,Cash,Hold Cash,No action,,Hold Cash until QLD creates a new Donchian20 breakout; QQQ moving above EMA200 alone is not a re-entry.,18849.09,0.0,0.0,18849.09,9339.73,-25.62,-21.3
2022-04-27,308.21,26.96,36.91,345.17,-10.71,37.32,26.99,-0.29,0,0,Cash,Hold Cash,No action,,Hold Cash until QLD creates a new Donchian20 breakout; QQQ moving above EMA200 alone is not a re-entry.,18849.09,0.0,0.0,18849.09,9328.54,-25.62,-21.4
2022-04-28,319.15,28.86,35.49,344.91,-7.47,36.91,26.96,19.06,0,0,Cash,Hold Cash,No action,,Hold Cash until QLD creates a new Donchian20 breakout; QQQ moving above EMA200 alone is not a re-entry.,18849.09,0.0,0.0,18849.09,9659.84,-25.62,-18.6
2022-04-29,304.79,26.27,38.25,344.51,-11.53,36.91,26.96,-7.0,0,0,Cash,Hold Cash,No action,,Hold Cash until QLD creates a new Donchian20 breakout; QQQ moving above EMA200 alone is not a re-entry.,18849.09,0.0,0.0,18849.09,9225.17,-25.62,-22.27
2022-05-02,309.88,27.15,37.81,344.16,-9.96,36.91,26.27,8.3,0,0,Cash,Hold Cash,No action,,Hold Cash until QLD creates a new Donchian20 breakout; QQQ moving above EMA200 alone is not a re-entry.,18849.09,0.0,0.0,18849.09,9379.19,-25.62,-20.97
2022-05-03,310.21,27.23,36.0,343.83,-9.78,36.91,26.27,9.09,0,0,Cash,Hold Cash,No action,,Hold Cash until QLD creates a new Donchian20 breakout; QQQ moving above EMA200 alone is not a re-entry.,18849.09,0.0,0.0,18849.09,9389.2,-25.62,-20.88
2022-05-04,320.7,29.06,31.98,343.6,-6.66,35.3,26.27,30.95,0,0,Cash,Hold Cash,No action,,Hold Cash until QLD creates a new Donchian20 breakout; QQQ moving above EMA200 alone is not a re-entry.,18849.09,0.0,0.0,18849.09,9706.67,-25.62,-18.21
2022-05-05,304.55,26.17,37.19,343.21,-11.26,33.9,26.27,-1.23,0,0,Cash,Hold Cash,No action,,Hold Cash until QLD creates a new Donchian20 breakout; QQQ moving above EMA200 alone is not a re-entry.,18849.09,0.0,0.0,18849.09,9217.8,-25.62,-22.33
2022-05-06,300.9,25.52,37.4,342.79,-12.22,33.9,26.17,-8.49,0,0,Cash,Hold Cash,No action,,Hold Cash until QLD creates a new Donchian20 breakout; QQQ moving above EMA200 alone is not a re-entry.,18849.09,0.0,0.0,18849.09,9107.37,-25.62,-23.26
2022-05-09,289.13,23.49,41.43,342.25,-15.52,32.94,25.52,-27.26,0,0,Cash,Hold Cash,No action,,Hold Cash until QLD creates a new Donchian20 breakout; QQQ moving above EMA200 alone is not a re-entry.,18849.09,0.0,0.0,18849.09,8751.02,-25.62,-26.26
2022-05-10,292.64,24.07,40.08,341.76,-14.37,32.38,23.49,6.5,0,0,Cash,Hold Cash,No action,,Hold Cash until QLD creates a new Donchian20 breakout; QQQ moving above EMA200 alone is not a re-entry.,18849.09,0.0,0.0,18849.09,8857.34,-25.62,-25.37
2022-05-11,283.96,22.62,40.67,341.18,-16.77,32.38,23.49,-9.78,0,0,Cash,Hold Cash,No action,,Hold Cash until QLD creates a new Donchian20 breakout; QQQ moving above EMA200 alone is not a re-entry.,18849.09,0.0,0.0,18849.09,8594.64,-25.62,-27.58
2022-05-12,283.29,22.52,41.36,340.61,-16.83,32.38,22.62,-1.01,0,0,Cash,Hold Cash,No action,,Hold Cash until QLD creates a new Donchian20 breakout; QQQ moving above EMA200 alone is not a re-entry.,18849.09,0.0,0.0,18849.09,8574.32,-25.62,-27.75
2022-05-13,293.79,24.17,37.61,340.14,-13.63,32.3,22.52,16.81,0,0,Cash,Hold Cash,No action,,Hold Cash until QLD creates a new Donchian20 breakout; QQQ moving above EMA200 alone is not a re-entry.,18849.09,0.0,0.0,18849.09,8892.09,-25.62,-25.07
2022-05-16,290.38,23.62,37.44,339.65,-14.51,32.3,22.52,11.26,0,0,Cash,Hold Cash,No action,,Hold Cash until QLD creates a new Donchian20 breakout; QQQ moving above EMA200 alone is not a re-entry.,18849.09,0.0,0.0,18849.09,8789.01,-25.62,-25.94
2022-05-17,297.9,24.84,33.88,339.23,-12.18,32.3,22.52,23.73,0,0,Cash,Hold Cash,No action,,Hold Cash until QLD creates a new Donchian20 breakout; QQQ moving above EMA200 alone is not a re-entry.,18849.09,0.0,0.0,18849.09,9016.66,-25.62,-24.02
2022-05-18,283.28,22.38,38.81,338.67,-16.36,31.36,22.52,-1.68,0,0,Cash,Hold Cash,No action,,Hold Cash until QLD creates a new Donchian20 breakout; QQQ moving above EMA200 alone is not a re-entry.,18849.09,0.0,0.0,18849.09,8574.03,-25.62,-27.75
2022-05-19,281.76,22.15,36.15,338.11,-16.67,30.11,22.38,-2.87,0,0,Cash,Hold Cash,No action,,Hold Cash until QLD creates a new Donchian20 breakout; QQQ moving above EMA200 alone is not a re-entry.,18849.09,0.0,0.0,18849.09,8528.09,-25.62,-28.14
2022-05-20,280.88,22.0,36.18,337.54,-16.78,29.25,22.15,-2.16,0,0,Cash,Hold Cash,No action,,Hold Cash until QLD creates a new Donchian20 breakout; QQQ moving above EMA200 alone is not a re-entry.,18849.09,0.0,0.0,18849.09,8501.58,-25.62,-28.36
2022-05-23,285.55,22.74,35.18,337.02,-15.27,29.25,22.0,10.15,0,0,Cash,Hold Cash,No action,,Hold Cash until QLD creates a new Donchian20 breakout; QQQ moving above EMA200 alone is not a re-entry.,18849.09,0.0,0.0,18849.09,8642.94,-25.62,-27.17
2022-05-24,279.48,21.76,36.17,336.45,-16.93,29.06,22.0,-3.36,0,0,Cash,Hold Cash,No action,,Hold Cash until QLD creates a new Donchian20 breakout; QQQ moving above EMA200 alone is not a re-entry.,18849.09,0.0,0.0,18849.09,8459.17,-25.62,-28.72
2022-05-25,283.39,22.39,35.38,335.92,-15.64,29.06,21.76,8.52,0,0,Cash,Hold Cash,No action,,Hold Cash until QLD creates a new Donchian20 breakout; QQQ moving above EMA200 alone is not a re-entry.,18849.09,0.0,0.0,18849.09,8577.56,-25.62,-27.72
2022-05-26,291.25,23.61,33.63,335.48,-13.18,29.06,21.76,25.37,0,0,Cash,Hold Cash,No action,,Hold Cash until QLD creates a new Donchian20 breakout; QQQ moving above EMA200 alone is not a re-entry.,18849.09,0.0,0.0,18849.09,8815.22,-25.62,-25.72
2022-05-27,300.75,25.18,32.0,335.13,-10.26,29.06,21.76,46.82,0,0,Cash,Hold Cash,No action,,Hold Cash until QLD creates a new Donchian20 breakout; QQQ moving above EMA200 alone is not a re-entry.,18849.09,0.0,0.0,18849.09,9102.95,-25.62,-23.3
2022-05-31,299.95,25.02,33.01,334.78,-10.4,29.06,21.76,44.59,0,0,Cash,Hold Cash,No action,,Hold Cash until QLD creates a new Donchian20 breakout; QQQ moving above EMA200 alone is not a re-entry.,18849.09,0.0,0.0,18849.09,9078.8,-25.62,-23.5
2022-06-01,297.74,24.65,32.6,334.41,-10.97,29.06,21.76,39.58,0,0,Cash,Hold Cash,No action,,Hold Cash until QLD creates a new Donchian20 breakout; QQQ moving above EMA200 alone is not a re-entry.,18849.09,0.0,0.0,18849.09,9011.65,-25.62,-24.07
2022-06-02,305.89,26.01,31.44,334.13,-8.45,29.06,21.76,58.19,0,0,Cash,Hold Cash,No action,,Hold Cash until QLD creates a new Donchian20 breakout; QQQ moving above EMA200 alone is not a re-entry.,18849.09,0.0,0.0,18849.09,9258.44,-25.62,-21.99
2022-06-03,297.93,24.62,31.75,333.77,-10.74,26.17,21.76,64.73,0,0,Cash,Hold Cash,No action,,Hold Cash until QLD creates a new Donchian20 breakout; QQQ moving above EMA200 alone is not a re-entry.,18849.09,0.0,0.0,18849.09,9017.54,-25.62,-24.02
2022-06-06,298.92,24.8,32.16,333.42,-10.35,26.01,21.76,71.63,0,0,Cash,Hold Cash,No action,,Hold Cash until QLD creates a new Donchian20 breakout; QQQ moving above EMA200 alone is not a re-entry.,18849.09,0.0,0.0,18849.09,9047.58,-25.62,-23.76
2022-06-07,301.5,25.24,31.03,333.1,-9.49,26.01,21.76,81.98,0,0,Cash,Hold Cash,No action,,Hold Cash until QLD creates a new Donchian20 breakout; QQQ moving above EMA200 alone is not a re-entry.,18849.09,0.0,0.0,18849.09,9125.62,-25.62,-23.11
2022-06-08,299.33,24.86,30.69,332.77,-10.05,26.01,21.76,73.02,0,0,Cash,Hold Cash,No action,,Hold Cash until QLD creates a new Donchian20 breakout; QQQ moving above EMA200 alone is not a re-entry.,18849.09,0.0,0.0,18849.09,9059.95,-25.62,-23.66
2022-06-09,291.31,23.51,32.73,332.36,-12.35,26.01,21.76,41.05,0,0,Cash,Hold Cash,No action,,Hold Cash until QLD creates a new Donchian20 breakout; QQQ moving above EMA200 alone is not a re-entry.,18849.09,0.0,0.0,18849.09,8817.29,-25.62,-25.7
2022-06-10,281.04,21.83,33.97,331.85,-15.31,26.01,21.76,1.63,0,0,Cash,Hold Cash,No action,,Hold Cash until QLD creates a new Donchian20 breakout; QQQ moving above EMA200 alone is not a re-entry.,18849.09,0.0,0.0,18849.09,8506.3,-25.62,-28.32
2022-06-13,267.97,19.82,40.36,331.21,-19.09,26.01,21.76,-45.7,0,0,Cash,Hold Cash,No action,,Hold Cash until QLD creates a new Donchian20 breakout; QQQ moving above EMA200 alone is not a re-entry.,18849.09,0.0,0.0,18849.09,8110.78,-25.62,-31.66
2022-06-14,268.46,19.92,38.51,330.59,-18.79,26.01,19.82,1.52,0,0,Cash,Hold Cash,No action,,Hold Cash until QLD creates a new Donchian20 breakout; QQQ moving above EMA200 alone is not a re-entry.,18849.09,0.0,0.0,18849.09,8125.51,-25.62,-31.53
2022-06-15,275.16,20.89,35.35,330.03,-16.63,26.01,19.82,17.24,0,0,Cash,Hold Cash,No action,,Hold Cash until QLD creates a new Donchian20 breakout; QQQ moving above EMA200 alone is not a re-entry.,18849.09,0.0,0.0,18849.09,8328.42,-25.62,-29.82
2022-06-16,264.06,19.22,38.67,329.38,-19.83,26.01,19.82,-9.82,0,0,Cash,Hold Cash,No action,,Hold Cash until QLD creates a new Donchian20 breakout; QQQ moving above EMA200 alone is not a re-entry.,18849.09,0.0,0.0,18849.09,7992.4,-25.62,-32.65
2022-06-17,267.27,19.66,36.66,328.76,-18.7,26.01,19.22,6.54,0,0,Cash,Hold Cash,No action,,Hold Cash until QLD creates a new Donchian20 breakout; QQQ moving above EMA200 alone is not a re-entry.,18849.09,0.0,0.0,18849.09,8089.58,-25.62,-31.84
2022-06-21,274.02,20.65,36.06,328.21,-16.51,26.01,19.22,21.15,0,0,Cash,Hold Cash,No action,,Hold Cash until QLD creates a new Donchian20 breakout; QQQ moving above EMA200 alone is not a re-entry.,18849.09,0.0,0.0,18849.09,8293.68,-25.62,-30.12
2022-06-22,273.62,20.58,35.94,327.67,-16.5,26.01,19.22,20.13,0,0,Cash,Hold Cash,No action,,Hold Cash until QLD creates a new Donchian20 breakout; QQQ moving above EMA200 alone is not a re-entry.,18849.09,0.0,0.0,18849.09,8281.58,-25.62,-30.22
2022-06-23,277.69,21.2,35.3,327.17,-15.12,26.01,19.22,29.14,0,0,Cash,Hold Cash,No action,,Hold Cash until QLD creates a new Donchian20 breakout; QQQ moving above EMA200 alone is not a re-entry.,18849.09,0.0,0.0,18849.09,8404.91,-25.62,-29.18
2022-06-24,287.21,22.69,33.77,326.78,-12.11,26.01,19.22,51.09,0,0,Cash,Hold Cash,No action,,Hold Cash until QLD creates a new Donchian20 breakout; QQQ moving above EMA200 alone is not a re-entry.,18849.09,0.0,0.0,18849.09,8692.9,-25.62,-26.75
2022-06-27,285.1,22.3,33.56,326.36,-12.64,26.01,19.22,45.42,0,0,Cash,Hold Cash,No action,,Hold Cash until QLD creates a new Donchian20 breakout; QQQ moving above EMA200 alone is not a re-entry.,18849.09,0.0,0.0,18849.09,8629.17,-25.62,-27.29
2022-06-28,276.41,20.93,35.43,325.86,-15.18,26.01,19.22,25.29,0,0,Cash,Hold Cash,No action,,Hold Cash until QLD creates a new Donchian20 breakout; QQQ moving above EMA200 alone is not a re-entry.,18849.09,0.0,0.0,18849.09,8366.26,-25.62,-29.5
2022-06-29,276.67,20.99,35.33,325.38,-14.97,26.01,19.22,26.16,0,0,Cash,Hold Cash,No action,,Hold Cash until QLD creates a new Donchian20 breakout; QQQ moving above EMA200 alone is not a re-entry.,18849.09,0.0,0.0,18849.09,8373.93,-25.62,-29.44
2022-06-30,273.24,20.45,36.21,324.86,-15.89,26.01,19.22,18.1,0,0,Cash,Hold Cash,No action,,Hold Cash until QLD creates a new Donchian20 breakout; QQQ moving above EMA200 alone is not a re-entry.,18849.09,0.0,0.0,18849.09,8270.07,-25.62,-30.31
2022-07-01,275.04,20.71,34.27,324.36,-15.21,26.01,19.22,22.02,0,0,Cash,Hold Cash,No action,,Hold Cash until QLD creates a new Donchian20 breakout; QQQ moving above EMA200 alone is not a re-entry.,18849.09,0.0,0.0,18849.09,8324.66,-25.62,-29.85
2022-07-05,279.75,21.42,34.86,323.92,-13.64,25.24,19.22,36.61,0,0,Cash,Hold Cash,No action,,Hold Cash until QLD creates a new Donchian20 breakout; QQQ moving above EMA200 alone is not a re-entry.,18849.09,0.0,0.0,18849.09,8467.17,-25.62,-28.65
2022-07-06,281.54,21.68,33.75,323.5,-12.97,25.24,19.22,40.95,0,0,Cash,Hold Cash,No action,,Hold Cash until QLD creates a new Donchian20 breakout; QQQ moving above EMA200 alone is not a re-entry.,18849.09,0.0,0.0,18849.09,8521.46,-25.62,-28.2
2022-07-07,287.57,22.61,32.81,323.14,-11.01,25.24,19.22,56.27,0,0,Cash,Hold Cash,No action,,Hold Cash until QLD creates a new Donchian20 breakout; QQQ moving above EMA200 alone is not a re-entry.,18849.09,0.0,0.0,18849.09,8703.82,-25.62,-26.66
2022-07-08,287.93,22.68,31.18,322.79,-10.8,24.86,19.22,61.36,0,0,Cash,Hold Cash,No action,,Hold Cash until QLD creates a new Donchian20 breakout; QQQ moving above EMA200 alone is not a re-entry.,18849.09,0.0,0.0,18849.09,8714.73,-25.62,-26.57
2022-07-11,281.78,21.68,32.93,322.38,-12.6,23.51,19.22,57.54,0,0,Cash,Hold Cash,No action,,Hold Cash until QLD creates a new Donchian20 breakout; QQQ moving above EMA200 alone is not a re-entry.,18849.09,0.0,0.0,18849.09,8528.55,-25.62,-28.14
2022-07-12,279.05,21.27,33.97,321.95,-13.33,22.69,19.22,59.32,0,0,Cash,Hold Cash,No action,,Hold Cash until QLD creates a new Donchian20 breakout; QQQ moving above EMA200 alone is not a re-entry.,18849.09,0.0,0.0,18849.09,8445.93,-25.62,-28.83
2022-07-13,278.47,21.2,33.67,321.52,-13.39,22.69,19.22,57.04,0,0,Cash,Hold Cash,No action,,Hold Cash until QLD creates a new Donchian20 breakout; QQQ moving above EMA200 alone is not a re-entry.,18849.09,0.0,0.0,18849.09,8428.52,-25.62,-28.98
2022-07-14,279.46,21.34,32.64,321.1,-12.97,22.69,19.22,61.17,0,0,Cash,Hold Cash,No action,,Hold Cash until QLD creates a new Donchian20 breakout; QQQ moving above EMA200 alone is not a re-entry.,18849.09,0.0,0.0,18849.09,8458.62,-25.62,-28.73
2022-07-15,284.53,22.1,30.39,320.73,-11.29,22.69,19.22,83.07,0,0,Cash,Hold Cash,No action,,Hold Cash until QLD creates a new Donchian20 breakout; QQQ moving above EMA200 alone is not a re-entry.,18849.09,0.0,0.0,18849.09,8612.05,-25.62,-27.43
2022-07-18,282.13,21.73,31.58,320.35,-11.93,22.69,19.22,72.4,0,0,Cash,Hold Cash,No action,,Hold Cash until QLD creates a new Donchian20 breakout; QQQ moving above EMA200 alone is not a re-entry.,18849.09,0.0,0.0,18849.09,8539.17,-25.62,-28.05
2022-07-19,290.8,23.05,30.66,320.06,-9.14,22.69,19.66,112.07,0,1,QLD,Hold QLD,Buy QLD,toQLD,QLD closed above its prior 20-day high; the signal changed to 1 and the account moved fully into QLD.,0.0,0.0,18849.09,18849.09,8801.78,-25.62,-25.83
2022-07-20,295.41,23.78,30.58,319.81,-7.63,23.05,20.45,128.03,1,1,QLD,Hold QLD,No action,,Hold QLD while the Donchian20 signal remains 1.,0.0,0.0,19446.57,19446.57,8941.34,-23.27,-24.66
2022-07-21,299.65,24.46,29.31,319.61,-6.24,23.78,20.45,120.41,1,1,QLD,Hold QLD,No action,,Hold QLD while the Donchian20 signal remains 1.,0.0,0.0,20003.69,20003.69,9069.69,-21.07,-23.58
2022-07-22,294.4,23.6,29.19,319.36,-7.82,24.46,20.45,78.62,1,1,QLD,Hold QLD,No action,,Hold QLD while the Donchian20 signal remains 1.,0.0,0.0,19301.24,19301.24,8910.66,-23.84,-24.92
2022-07-25,292.72,23.35,29.42,319.09,-8.26,24.46,20.45,72.36,1,1,QLD,Hold QLD,No action,,Hold QLD while the Donchian20 signal remains 1.,0.0,0.0,19095.35,19095.35,8859.9,-24.65,-25.34
2022-07-26,286.97,22.41,30.91,318.77,-9.98,24.46,20.45,48.89,1,1,QLD,Hold QLD,No action,,Hold QLD while the Donchian20 signal remains 1.,0.0,0.0,18324.27,18324.27,8685.82,-27.7,-26.81
2022-07-27,299.1,24.31,29.59,318.58,-6.11,24.46,20.45,96.07,1,1,QLD,Hold QLD,No action,,Hold QLD while the Donchian20 signal remains 1.,0.0,0.0,19874.51,19874.51,9052.88,-21.58,-23.72
2022-07-28,302.02,24.77,28.48,318.41,-5.15,24.46,20.45,107.49,1,1,QLD,Hold QLD,No action,,Hold QLD while the Donchian20 signal remains 1.,0.0,0.0,20249.95,20249.95,9141.39,-20.1,-22.97
2022-07-29,307.53,25.68,27.25,318.31,-3.38,24.77,20.45,121.26,1,1,QLD,Hold QLD,No action,,Hold QLD while the Donchian20 signal remains 1.,0.0,0.0,21000.85,21000.85,9308.11,-17.13,-21.57
2022-08-01,307.35,25.65,28.75,318.2,-3.41,25.68,20.71,99.4,1,1,QLD,Hold QLD,No action,,Hold QLD while the Donchian20 signal remains 1.,0.0,0.0,20976.62,20976.62,9302.5,-17.23,-21.62
2022-08-02,306.43,25.48,30.0,318.08,-3.66,25.68,21.2,95.49,1,1,QLD,Hold QLD,No action,,Hold QLD while the Donchian20 signal remains 1.,0.0,0.0,20835.33,20835.33,9274.76,-17.79,-21.85
2022-08-03,314.77,26.87,27.98,318.05,-1.03,25.68,21.2,126.4,1,1,QLD,Hold QLD,No action,,Hold QLD while the Donchian20 signal remains 1.,0.0,0.0,21969.74,21969.74,9527.34,-13.31,-19.72
2022-08-04,316.25,27.1,27.81,318.03,-0.56,26.87,21.2,104.09,1,1,QLD,Hold QLD,No action,,Hold QLD while the Donchian20 signal remains 1.,0.0,0.0,22159.49,22159.49,9571.9,-12.56,-19.35
2022-08-05,313.66,26.67,27.13,317.98,-1.36,27.1,21.2,92.73,1,1,QLD,Hold QLD,No action,,Hold QLD while the Donchian20 signal remains 1.,0.0,0.0,21808.26,21808.26,9493.7,-13.95,-20.0
2022-08-08,312.65,26.5,27.65,317.93,-1.66,27.1,21.2,89.8,1,1,QLD,Hold QLD,No action,,Hold QLD while the Donchian20 signal remains 1.,0.0,0.0,21666.97,21666.97,9463.02,-14.51,-20.26
2022-08-09,309.11,25.89,28.41,317.84,-2.75,27.1,21.2,79.52,1,1,QLD,Hold QLD,No action,,Hold QLD while the Donchian20 signal remains 1.,0.0,0.0,21170.41,21170.41,9355.91,-16.46,-21.17
2022-08-10,317.74,27.33,25.72,317.84,-0.03,27.1,21.2,103.93,1,1,QLD,Hold QLD,No action,,Hold QLD while the Donchian20 signal remains 1.,0.0,0.0,22349.23,22349.23,9617.04,-11.81,-18.96
2022-08-11,315.93,27.02,26.13,317.82,-0.59,27.33,21.34,94.81,1,1,QLD,Hold QLD,No action,,Hold QLD while the Donchian20 signal remains 1.,0.0,0.0,22094.89,22094.89,9562.45,-12.82,-19.42
2022-08-12,322.09,28.09,25.18,317.87,1.33,27.33,21.73,113.48,1,1,QLD,Hold QLD,No action,,Hold QLD while the Donchian20 signal remains 1.,0.0,0.0,22966.9,22966.9,9748.64,-9.38,-17.86
2022-08-15,324.69,28.51,25.4,317.93,2.12,28.09,21.73,106.68,1,1,QLD,Hold QLD,No action,,Hold QLD while the Donchian20 signal remains 1.,0.0,0.0,23314.09,23314.09,9827.42,-8.01,-17.19
2022-08-16,323.93,28.38,25.55,317.99,1.87,28.51,22.41,97.82,1,1,QLD,Hold QLD,No action,,Hold QLD while the Donchian20 signal remains 1.,0.0,0.0,23205.09,23205.09,9804.41,-8.44,-17.39
2022-08-17,320.23,27.72,26.33,318.02,0.7,28.51,22.41,87.06,1,1,QLD,Hold QLD,No action,,Hold QLD while the Donchian20 signal remains 1.,0.0,0.0,22668.16,22668.16,9692.58,-10.55,-18.33
2022-08-18,321.0,27.87,25.52,318.05,0.93,28.51,22.41,89.4,1,1,QLD,Hold QLD,No action,,Hold QLD while the Donchian20 signal remains 1.,0.0,0.0,22785.23,22785.23,9715.89,-10.09,-18.13
2022-08-19,314.74,26.77,26.74,318.01,-1.03,28.51,22.41,71.44,1,1,QLD,Hold QLD,No action,,Hold QLD while the Donchian20 signal remains 1.,0.0,0.0,21889.0,21889.0,9526.45,-13.63,-19.73
2022-08-22,306.46,25.35,29.65,317.9,-3.6,28.51,22.41,48.22,1,1,QLD,Hold QLD,No action,,Hold QLD while the Donchian20 signal remains 1.,0.0,0.0,20730.37,20730.37,9275.65,-18.2,-21.84
2022-08-23,306.21,25.31,29.69,317.78,-3.64,28.51,22.41,47.49,1,1,QLD,Hold QLD,No action,,Hold QLD while the Donchian20 signal remains 1.,0.0,0.0,20694.03,20694.03,9267.98,-18.34,-21.91
2022-08-24,307.09,25.45,28.96,317.68,-3.33,28.51,24.31,27.23,1,1,QLD,Hold QLD,No action,,Hold QLD while the Donchian20 signal remains 1.,0.0,0.0,20811.11,20811.11,9294.83,-17.88,-21.68
2022-08-25,312.52,26.34,28.08,317.62,-1.61,28.51,24.77,41.9,1,1,QLD,Hold QLD,No action,,Hold QLD while the Donchian20 signal remains 1.,0.0,0.0,21533.74,21533.74,9459.18,-15.03,-20.3
2022-08-26,299.71,24.17,31.72,317.45,-5.59,28.51,25.31,-35.44,1,0,Cash,Hold Cash,Reduce QLD to QQQ; Sell QQQ to Cash,QLD->QQQ_on_Donchian_exit; QQQ->Cash_below_EMA200,"QLD exited its channel and QQQ was below EMA200, so the account passed through QQQ and finished in Cash.",19765.5,0.0,0.0,19765.5,9071.47,-22.01,-23.56
2022-08-29,296.76,23.7,32.3,317.24,-6.46,28.51,24.17,-10.92,0,0,Cash,Hold Cash,No action,,Hold Cash until QLD creates a new Donchian20 breakout; QQQ moving above EMA200 alone is not a re-entry.,19765.5,0.0,0.0,19765.5,8982.06,-22.01,-24.32
2022-08-30,293.45,23.17,32.12,317.0,-7.43,28.51,23.7,-11.08,0,0,Cash,Hold Cash,No action,,Hold Cash until QLD creates a new Donchian20 breakout; QQQ moving above EMA200 alone is not a re-entry.,19765.5,0.0,0.0,19765.5,8882.03,-22.01,-25.16
2022-08-31,291.75,22.89,32.19,316.75,-7.89,28.51,23.17,-5.08,0,0,Cash,Hold Cash,No action,,Hold Cash until QLD creates a new Donchian20 breakout; QQQ moving above EMA200 alone is not a re-entry.,19765.5,0.0,0.0,19765.5,8830.4,-22.01,-25.59
2022-09-01,291.87,22.91,32.26,316.5,-7.78,28.51,22.89,0.26,0,0,Cash,Hold Cash,No action,,Hold Cash until QLD creates a new Donchian20 breakout; QQQ moving above EMA200 alone is not a re-entry.,19765.5,0.0,0.0,19765.5,8834.24,-22.01,-25.56
2022-09-02,287.75,22.25,32.32,316.22,-9.0,28.51,22.89,-11.42,0,0,Cash,Hold Cash,No action,,Hold Cash until QLD creates a new Donchian20 breakout; QQQ moving above EMA200 alone is not a re-entry.,19765.5,0.0,0.0,19765.5,8709.42,-22.01,-26.61
2022-09-06,285.68,21.93,33.59,315.91,-9.57,28.51,22.25,-5.13,0,0,Cash,Hold Cash,No action,,Hold Cash until QLD creates a new Donchian20 breakout; QQQ moving above EMA200 alone is not a re-entry.,19765.5,0.0,0.0,19765.5,8646.87,-22.01,-27.14
2022-09-07,291.46,22.81,31.56,315.67,-7.67,28.51,21.93,13.35,0,0,Cash,Hold Cash,No action,,Hold Cash until QLD creates a new Donchian20 breakout; QQQ moving above EMA200 alone is not a re-entry.,19765.5,0.0,0.0,19765.5,8821.55,-22.01,-25.67
2022-09-08,292.97,23.04,30.48,315.45,-7.13,28.51,21.93,16.88,0,0,Cash,Hold Cash,No action,,Hold Cash until QLD creates a new Donchian20 breakout; QQQ moving above EMA200 alone is not a re-entry.,19765.5,0.0,0.0,19765.5,8867.28,-22.01,-25.28
2022-09-09,299.37,24.04,29.23,315.29,-5.05,28.51,21.93,32.03,0,0,Cash,Hold Cash,No action,,Hold Cash until QLD creates a new Donchian20 breakout; QQQ moving above EMA200 alone is not a re-entry.,19765.5,0.0,0.0,19765.5,9061.14,-22.01,-23.65
2022-09-12,302.93,24.61,29.81,315.16,-3.88,28.51,21.93,40.66,0,0,Cash,Hold Cash,No action,,Hold Cash until QLD creates a new Donchian20 breakout; QQQ moving above EMA200 alone is not a re-entry.,19765.5,0.0,0.0,19765.5,9168.84,-22.01,-22.74
2022-09-13,286.32,21.9,33.18,314.88,-9.07,28.51,21.93,-0.53,0,0,Cash,Hold Cash,No action,,Hold Cash until QLD creates a new Donchian20 breakout; QQQ moving above EMA200 alone is not a re-entry.,19765.5,0.0,0.0,19765.5,8666.05,-22.01,-26.98
2022-09-14,288.59,22.26,32.57,314.61,-8.27,28.38,21.9,5.56,0,0,Cash,Hold Cash,No action,,Hold Cash until QLD creates a new Donchian20 breakout; QQQ moving above EMA200 alone is not a re-entry.,19765.5,0.0,0.0,19765.5,8734.8,-22.01,-26.4
2022-09-15,283.78,21.49,32.65,314.31,-9.71,27.87,21.9,-6.87,0,0,Cash,Hold Cash,No action,,Hold Cash until QLD creates a new Donchian20 breakout; QQQ moving above EMA200 alone is not a re-entry.,19765.5,0.0,0.0,19765.5,8589.33,-22.01,-27.62
2022-09-16,282.05,21.23,32.83,313.99,-10.17,27.87,21.49,-4.1,0,0,Cash,Hold Cash,No action,,Hold Cash until QLD creates a new Donchian20 breakout; QQQ moving above EMA200 alone is not a re-entry.,19765.5,0.0,0.0,19765.5,8536.81,-22.01,-28.07
2022-09-19,284.24,21.57,32.36,313.69,-9.39,26.77,21.23,6.14,0,0,Cash,Hold Cash,No action,,Hold Cash until QLD creates a new Donchian20 breakout; QQQ moving above EMA200 alone is not a re-entry.,19765.5,0.0,0.0,19765.5,8603.29,-22.01,-27.51
2022-09-20,281.98,21.21,33.3,313.37,-10.02,26.34,21.23,-0.39,0,0,Cash,Hold Cash,No action,,Hold Cash until QLD creates a new Donchian20 breakout; QQQ moving above EMA200 alone is not a re-entry.,19765.5,0.0,0.0,19765.5,8534.71,-22.01,-28.08
2022-09-21,276.93,20.44,33.87,313.01,-11.53,26.34,21.21,-14.92,0,0,Cash,Hold Cash,No action,,Hold Cash until QLD creates a new Donchian20 breakout; QQQ moving above EMA200 alone is not a re-entry.,19765.5,0.0,0.0,19765.5,8381.89,-22.01,-29.37
2022-09-22,273.52,19.95,32.92,312.62,-12.51,26.34,20.44,-8.38,0,0,Cash,Hold Cash,No action,,Hold Cash until QLD creates a new Donchian20 breakout; QQQ moving above EMA200 alone is not a re-entry.,19765.5,0.0,0.0,19765.5,8278.73,-22.01,-30.24
2022-09-23,269.07,19.29,34.88,312.19,-13.81,26.34,19.95,-10.2,0,0,Cash,Hold Cash,No action,,Hold Cash until QLD creates a new Donchian20 breakout; QQQ moving above EMA200 alone is not a re-entry.,19765.5,0.0,0.0,19765.5,8143.93,-22.01,-31.38
2022-09-26,267.95,19.1,36.93,311.75,-14.05,24.61,19.29,-3.62,0,0,Cash,Hold Cash,No action,,Hold Cash until QLD creates a new Donchian20 breakout; QQQ moving above EMA200 alone is not a re-entry.,19765.5,0.0,0.0,19765.5,8110.24,-22.01,-31.66
2022-09-27,268.06,19.15,37.15,311.31,-13.89,24.61,19.1,0.9,0,0,Cash,Hold Cash,No action,,Hold Cash until QLD creates a new Donchian20 breakout; QQQ moving above EMA200 alone is not a re-entry.,19765.5,0.0,0.0,19765.5,8113.49,-22.01,-31.63
2022-09-28,273.39,19.9,35.51,310.93,-12.07,24.61,19.1,14.44,0,0,Cash,Hold Cash,No action,,Hold Cash until QLD creates a new Donchian20 breakout; QQQ moving above EMA200 alone is not a re-entry.,19765.5,0.0,0.0,19765.5,8274.88,-22.01,-30.27
2022-09-29,265.51,18.78,36.91,310.48,-14.48,24.61,19.1,-5.92,0,0,Cash,Hold Cash,No action,,Hold Cash until QLD creates a new Donchian20 breakout; QQQ moving above EMA200 alone is not a re-entry.,19765.5,0.0,0.0,19765.5,8036.34,-22.01,-32.28
2022-09-30,261.01,18.1,36.61,309.99,-15.8,24.61,18.78,-11.6,0,0,Cash,Hold Cash,No action,,Hold Cash until QLD creates a new Donchian20 breakout; QQQ moving above EMA200 alone is not a re-entry.,19765.5,0.0,0.0,19765.5,7900.07,-22.01,-33.43
2022-10-03,267.13,18.95,35.56,309.56,-13.71,24.61,18.1,13.13,0,0,Cash,Hold Cash,No action,,Hold Cash until QLD creates a new Donchian20 breakout; QQQ moving above EMA200 alone is not a re-entry.,19765.5,0.0,0.0,19765.5,8085.41,-22.01,-31.87
2022-10-04,275.53,20.14,34.42,309.22,-10.9,24.61,18.1,31.41,0,0,Cash,Hold Cash,No action,,Hold Cash until QLD creates a new Donchian20 breakout; QQQ moving above EMA200 alone is not a re-entry.,19765.5,0.0,0.0,19765.5,8339.62,-22.01,-29.73
2022-10-05,275.39,20.11,34.33,308.89,-10.85,24.61,18.1,30.88,0,0,Cash,Hold Cash,No action,,Hold Cash until QLD creates a new Donchian20 breakout; QQQ moving above EMA200 alone is not a re-entry.,19765.5,0.0,0.0,19765.5,8335.18,-22.01,-29.77
2022-10-06,273.22,19.79,35.84,308.53,-11.45,24.61,18.1,25.95,0,0,Cash,Hold Cash,No action,,Hold Cash until QLD creates a new Donchian20 breakout; QQQ moving above EMA200 alone is not a re-entry.,19765.5,0.0,0.0,19765.5,8269.56,-22.01,-30.32
2022-10-07,262.81,18.27,36.86,308.08,-14.69,24.61,18.1,2.66,0,0,Cash,Hold Cash,No action,,Hold Cash until QLD creates a new Donchian20 breakout; QQQ moving above EMA200 alone is not a re-entry.,19765.5,0.0,0.0,19765.5,7954.46,-22.01,-32.97
2022-10-10,260.18,17.88,38.57,307.6,-15.42,24.61,18.1,-3.34,0,0,Cash,Hold Cash,No action,,Hold Cash until QLD creates a new Donchian20 breakout; QQQ moving above EMA200 alone is not a re-entry.,19765.5,0.0,0.0,19765.5,7874.94,-22.01,-33.64
2022-10-11,256.61,17.44,39.38,307.09,-16.44,22.26,17.88,-10.16,0,0,Cash,Hold Cash,No action,,Hold Cash until QLD creates a new Donchian20 breakout; QQQ moving above EMA200 alone is not a re-entry.,19765.5,0.0,0.0,19765.5,7766.75,-22.01,-34.56
2022-10-12,256.52,17.41,39.51,306.59,-16.33,22.26,17.44,-0.61,0,0,Cash,Hold Cash,No action,,Hold Cash until QLD creates a new Donchian20 breakout; QQQ moving above EMA200 alone is not a re-entry.,19765.5,0.0,0.0,19765.5,7764.09,-22.01,-34.58
2022-10-13,262.53,18.2,38.27,306.15,-14.25,21.57,17.41,19.0,0,0,Cash,Hold Cash,No action,,Hold Cash until QLD creates a new Donchian20 breakout; QQQ moving above EMA200 alone is not a re-entry.,19765.5,0.0,0.0,19765.5,7946.18,-22.01,-33.04
2022-10-14,254.64,17.09,37.75,305.64,-16.69,21.57,17.41,-7.6,0,0,Cash,Hold Cash,No action,,Hold Cash until QLD creates a new Donchian20 breakout; QQQ moving above EMA200 alone is not a re-entry.,19765.5,0.0,0.0,19765.5,7707.34,-22.01,-35.06
2022-10-17,263.05,18.25,37.07,305.22,-13.81,21.57,17.09,25.94,0,0,Cash,Hold Cash,No action,,Hold Cash until QLD creates a new Donchian20 breakout; QQQ moving above EMA200 alone is not a re-entry.,19765.5,0.0,0.0,19765.5,7961.85,-22.01,-32.91
2022-10-18,265.13,18.54,36.11,304.82,-13.02,21.21,17.09,35.17,0,0,Cash,Hold Cash,No action,,Hold Cash until QLD creates a new Donchian20 breakout; QQQ moving above EMA200 alone is not a re-entry.,19765.5,0.0,0.0,19765.5,8024.81,-22.01,-32.38
2022-10-19,264.17,18.38,36.37,304.41,-13.22,20.44,17.09,38.5,0,0,Cash,Hold Cash,No action,,Hold Cash until QLD creates a new Donchian20 breakout; QQQ moving above EMA200 alone is not a re-entry.,19765.5,0.0,0.0,19765.5,7995.55,-22.01,-32.63
2022-10-20,262.82,18.17,35.77,304.0,-13.55,20.14,17.09,35.44,0,0,Cash,Hold Cash,No action,,Hold Cash until QLD creates a new Donchian20 breakout; QQQ moving above EMA200 alone is not a re-entry.,19765.5,0.0,0.0,19765.5,7954.75,-22.01,-32.97
2022-10-21,268.98,19.04,35.25,303.65,-11.42,20.14,17.09,63.92,0,0,Cash,Hold Cash,No action,,Hold Cash until QLD creates a new Donchian20 breakout; QQQ moving above EMA200 alone is not a re-entry.,19765.5,0.0,0.0,19765.5,8141.27,-22.01,-31.4
2022-10-24,271.94,19.46,35.5,303.33,-10.35,20.14,17.09,77.51,0,0,Cash,Hold Cash,No action,,Hold Cash until QLD creates a new Donchian20 breakout; QQQ moving above EMA200 alone is not a re-entry.,19765.5,0.0,0.0,19765.5,8230.84,-22.01,-30.65
2022-10-25,277.56,20.25,34.14,303.08,-8.42,20.14,17.09,103.56,0,1,QLD,Hold QLD,Buy QLD,toQLD,QLD closed above its prior 20-day high; the signal changed to 1 and the account moved fully into QLD.,0.0,0.0,19765.5,19765.5,8401.1,-22.01,-29.21
2022-10-26,271.43,19.34,33.28,302.76,-10.35,20.25,17.09,71.25,1,1,QLD,Hold QLD,No action,,Hold QLD while the Donchian20 signal remains 1.,0.0,0.0,18878.9,18878.9,8215.47,-25.51,-30.77
2022-10-27,266.49,18.63,33.82,302.4,-11.88,20.25,17.09,48.59,1,1,QLD,Hold QLD,No action,,Hold QLD while the Donchian20 signal remains 1.,0.0,0.0,18180.22,18180.22,8065.9,-28.26,-32.04
2022-10-28,274.64,19.78,31.86,302.13,-9.1,20.25,17.09,85.0,1,1,QLD,Hold QLD,No action,,Hold QLD while the Donchian20 signal remains 1.,0.0,0.0,19302.93,19302.93,8312.72,-23.83,-29.96
2022-10-31,271.45,19.29,31.16,301.82,-10.06,20.25,17.09,69.69,1,1,QLD,Hold QLD,No action,,Hold QLD while the Donchian20 signal remains 1.,0.0,0.0,18830.71,18830.71,8216.06,-25.7,-30.77
2022-11-01,268.68,18.9,31.99,301.49,-10.88,20.25,17.09,57.34,1,1,QLD,Hold QLD,No action,,Hold QLD while the Donchian20 signal remains 1.,0.0,0.0,18450.05,18450.05,8132.11,-27.2,-31.48
2022-11-02,259.47,17.61,32.1,301.07,-13.82,20.25,17.09,16.41,1,1,QLD,Hold QLD,No action,,Hold QLD while the Donchian20 signal remains 1.,0.0,0.0,17187.61,17187.61,7853.36,-32.18,-33.83
2022-11-03,254.4,16.92,31.79,300.61,-15.37,20.25,17.09,-5.31,1,0,Cash,Hold Cash,Reduce QLD to QQQ; Sell QQQ to Cash,QLD->QQQ_on_Donchian_exit; QQQ->Cash_below_EMA200,"QLD exited its channel and QQQ was below EMA200, so the account passed through QQQ and finished in Cash.",16517.83,0.0,0.0,16517.83,7699.95,-34.82,-35.12
2022-11-04,258.49,17.46,30.86,300.19,-13.89,20.25,16.92,16.17,0,0,Cash,Hold Cash,No action,,Hold Cash until QLD creates a new Donchian20 breakout; QQQ moving above EMA200 alone is not a re-entry.,16517.83,0.0,0.0,16517.83,7823.8,-34.82,-34.08
2022-11-07,261.33,17.84,30.84,299.8,-12.83,20.25,16.92,27.6,0,0,Cash,Hold Cash,No action,,Hold Cash until QLD creates a new Donchian20 breakout; QQQ moving above EMA200 alone is not a re-entry.,16517.83,0.0,0.0,16517.83,7909.82,-34.82,-33.35
2022-11-08,263.24,18.09,31.53,299.44,-12.09,20.25,16.92,35.01,0,0,Cash,Hold Cash,No action,,Hold Cash until QLD creates a new Donchian20 breakout; QQQ moving above EMA200 alone is not a re-entry.,16517.83,0.0,0.0,16517.83,7967.46,-34.82,-32.86
2022-11-09,257.16,17.24,32.49,299.02,-14.0,20.25,16.92,9.5,0,0,Cash,Hold Cash,No action,,Hold Cash until QLD creates a new Donchian20 breakout; QQQ moving above EMA200 alone is not a re-entry.,16517.83,0.0,0.0,16517.83,7783.6,-34.82,-34.41
2022-11-10,276.14,19.79,30.35,298.79,-7.58,20.25,16.92,86.05,0,0,Cash,Hold Cash,No action,,Hold Cash until QLD creates a new Donchian20 breakout; QQQ moving above EMA200 alone is not a re-entry.,16517.83,0.0,0.0,16517.83,8357.95,-34.82,-29.57
2022-11-11,281.23,20.52,28.97,298.62,-5.82,20.25,16.92,108.01,0,1,QLD,Hold QLD,Buy QLD,toQLD,QLD closed above its prior 20-day high; the signal changed to 1 and the account moved fully into QLD.,0.0,0.0,16517.83,16517.83,8511.95,-34.82,-28.28
2022-11-14,278.77,20.15,30.02,298.42,-6.59,20.52,16.92,89.7,1,1,QLD,Hold QLD,No action,,Hold QLD while the Donchian20 signal remains 1.,0.0,0.0,16219.75,16219.75,8437.46,-36.0,-28.9
2022-11-15,282.62,20.72,30.3,298.26,-5.24,20.52,16.92,105.49,1,1,QLD,Hold QLD,No action,,Hold QLD while the Donchian20 signal remains 1.,0.0,0.0,16676.81,16676.81,8554.22,-34.2,-27.92
2022-11-16,278.77,20.14,30.05,298.07,-6.48,20.72,16.92,84.77,1,1,QLD,Hold QLD,No action,,Hold QLD while the Donchian20 signal remains 1.,0.0,0.0,16211.8,16211.8,8437.46,-36.03,-28.9
2022-11-17,278.15,20.04,30.02,297.87,-6.62,20.72,16.92,82.03,1,1,QLD,Hold QLD,No action,,Hold QLD while the Donchian20 signal remains 1.,0.0,0.0,16128.34,16128.34,8418.83,-36.36,-29.06
2022-11-18,278.16,20.04,29.25,297.67,-6.56,20.72,16.92,82.16,1,1,QLD,Hold QLD,No action,,Hold QLD while the Donchian20 signal remains 1.,0.0,0.0,16132.31,16132.31,8419.13,-36.34,-29.06
2022-11-21,275.3,19.62,29.0,297.45,-7.45,20.72,16.92,71.09,1,1,QLD,Hold QLD,No action,,Hold QLD while the Donchian20 signal remains 1.,0.0,0.0,15794.48,15794.48,8332.52,-37.68,-29.79
2022-11-22,279.26,20.18,27.79,297.27,-6.06,20.72,16.92,85.94,1,1,QLD,Hold QLD,No action,,Hold QLD while the Donchian20 signal remains 1.,0.0,0.0,16247.57,16247.57,8452.53,-35.89,-28.78
2022-11-23,282.07,20.58,26.66,297.12,-5.07,20.72,16.92,96.48,1,1,QLD,Hold QLD,No action,,Hold QLD while the Donchian20 signal remains 1.,0.0,0.0,16569.5,16569.5,8537.37,-34.62,-28.06
2022-11-25,280.21,20.3,26.79,296.95,-5.64,20.72,16.92,89.06,1,1,QLD,Hold QLD,No action,,Hold QLD while the Donchian20 signal remains 1.,0.0,0.0,16342.96,16342.96,8481.21,-35.51,-28.54
2022-11-28,276.1,19.7,28.31,296.74,-6.96,20.72,16.92,73.18,1,1,QLD,Hold QLD,No action,,Hold QLD while the Donchian20 signal remains 1.,0.0,0.0,15858.07,15858.07,8356.76,-37.43,-29.58
2022-11-29,274.01,19.41,28.36,296.52,-7.59,20.72,16.92,65.49,1,1,QLD,Hold QLD,No action,,Hold QLD while the Donchian20 signal remains 1.,0.0,0.0,15623.58,15623.58,8293.5,-38.35,-30.12
2022-11-30,286.5,21.18,26.46,296.42,-3.35,20.72,16.92,112.24,1,1,QLD,Hold QLD,No action,,Hold QLD while the Donchian20 signal remains 1.,0.0,0.0,17050.41,17050.41,8671.57,-32.72,-26.93
2022-12-01,286.85,21.22,26.09,296.32,-3.2,21.18,16.92,100.93,1,1,QLD,Hold QLD,No action,,Hold QLD while the Donchian20 signal remains 1.,0.0,0.0,17082.2,17082.2,8682.21,-32.6,-26.84
2022-12-02,285.71,21.05,24.78,296.22,-3.55,21.22,16.92,96.09,1,1,QLD,Hold QLD,No action,,Hold QLD while the Donchian20 signal remains 1.,0.0,0.0,16947.07,16947.07,8647.63,-33.13,-27.13
2022-12-05,280.91,20.32,26.16,296.06,-5.12,21.22,17.24,77.42,1,1,QLD,Hold QLD,No action,,Hold QLD while the Donchian20 signal remains 1.,0.0,0.0,16358.85,16358.85,8502.49,-35.45,-28.36
2022-12-06,275.09,19.48,27.53,295.85,-7.02,21.22,17.24,56.33,1,1,QLD,Hold QLD,No action,,Hold QLD while the Donchian20 signal remains 1.,0.0,0.0,15683.2,15683.2,8326.32,-38.12,-29.84
2022-12-07,273.97,19.31,28.11,295.64,-7.33,21.22,17.24,52.11,1,1,QLD,Hold QLD,No action,,Hold QLD while the Donchian20 signal remains 1.,0.0,0.0,15548.06,15548.06,8292.32,-38.65,-30.13
2022-12-08,277.21,19.78,27.59,295.45,-6.17,21.22,17.24,63.9,1,1,QLD,Hold QLD,No action,,Hold QLD while the Donchian20 signal remains 1.,0.0,0.0,15925.64,15925.64,8390.46,-37.16,-29.3
2022-12-09,275.45,19.53,27.94,295.25,-6.71,21.22,19.31,11.14,1,1,QLD,Hold QLD,No action,,Hold QLD while the Donchian20 signal remains 1.,0.0,0.0,15718.96,15718.96,8336.96,-37.98,-29.75
2022-12-12,278.9,20.0,30.06,295.09,-5.49,21.22,19.31,36.01,1,1,QLD,Hold QLD,No action,,Hold QLD while the Donchian20 signal remains 1.,0.0,0.0,16100.51,16100.51,8441.6,-36.47,-28.87
2022-12-13,281.9,20.44,26.91,294.96,-4.43,21.22,19.31,58.81,1,1,QLD,Hold QLD,No action,,Hold QLD while the Donchian20 signal remains 1.,0.0,0.0,16450.27,16450.27,8532.34,-35.09,-28.1
2022-12-14,279.81,20.12,25.75,294.81,-5.09,21.22,19.31,42.23,1,1,QLD,Hold QLD,No action,,Hold QLD while the Donchian20 signal remains 1.,0.0,0.0,16195.9,16195.9,8469.09,-36.09,-28.64
2022-12-15,270.42,18.77,27.34,294.57,-8.2,21.22,19.31,-28.76,1,0,Cash,Hold Cash,Reduce QLD to QQQ; Sell QQQ to Cash,QLD->QQQ_on_Donchian_exit; QQQ->Cash_below_EMA200,"QLD exited its channel and QQQ was below EMA200, so the account passed through QQQ and finished in Cash.",15106.9,0.0,0.0,15106.9,8184.73,-40.39,-31.03
2022-12-16,267.84,18.4,27.33,294.3,-8.99,21.22,18.77,-15.09,0,0,Cash,Hold Cash,No action,,Hold Cash until QLD creates a new Donchian20 breakout; QQQ moving above EMA200 alone is not a re-entry.,15106.9,0.0,0.0,15106.9,8106.69,-40.39,-31.69
2022-12-19,264.07,17.9,27.41,294.0,-10.18,21.22,18.4,-17.66,0,0,Cash,Hold Cash,No action,,Hold Cash until QLD creates a new Donchian20 breakout; QQQ moving above EMA200 alone is not a re-entry.,15106.9,0.0,0.0,15106.9,7992.76,-40.39,-32.65
2022-12-20,263.87,17.85,26.65,293.7,-10.16,21.22,17.9,-1.49,0,0,Cash,Hold Cash,No action,,Hold Cash until QLD creates a new Donchian20 breakout; QQQ moving above EMA200 alone is not a re-entry.,15106.9,0.0,0.0,15106.9,7986.54,-40.39,-32.7
2022-12-21,267.7,18.37,25.15,293.44,-8.77,21.22,17.85,15.52,0,0,Cash,Hold Cash,No action,,Hold Cash until QLD creates a new Donchian20 breakout; QQQ moving above EMA200 alone is not a re-entry.,15106.9,0.0,0.0,15106.9,8102.39,-40.39,-31.73
2022-12-22,261.15,17.46,27.35,293.12,-10.91,21.22,17.85,-11.51,0,0,Cash,Hold Cash,No action,,Hold Cash until QLD creates a new Donchian20 breakout; QQQ moving above EMA200 alone is not a re-entry.,15106.9,0.0,0.0,15106.9,7904.16,-40.39,-33.4
2022-12-23,261.73,17.54,26.33,292.81,-10.61,21.22,17.46,2.24,0,0,Cash,Hold Cash,No action,,Hold Cash until QLD creates a new Donchian20 breakout; QQQ moving above EMA200 alone is not a re-entry.,15106.9,0.0,0.0,15106.9,7921.95,-40.39,-33.25
2022-12-27,258.03,17.01,27.78,292.46,-11.77,21.22,17.46,-11.85,0,0,Cash,Hold Cash,No action,,Hold Cash until QLD creates a new Donchian20 breakout; QQQ moving above EMA200 alone is not a re-entry.,15106.9,0.0,0.0,15106.9,7809.94,-40.39,-34.19
2022-12-28,254.63,16.56,28.38,292.09,-12.82,21.22,17.01,-10.71,0,0,Cash,Hold Cash,No action,,Hold Cash until QLD creates a new Donchian20 breakout; QQQ moving above EMA200 alone is not a re-entry.,15106.9,0.0,0.0,15106.9,7706.83,-40.39,-35.06
2022-12-29,260.83,17.37,27.36,291.77,-10.6,21.22,16.56,17.23,0,0,Cash,Hold Cash,No action,,Hold Cash until QLD creates a new Donchian20 breakout; QQQ moving above EMA200 alone is not a re-entry.,15106.9,0.0,0.0,15106.9,7894.69,-40.39,-33.48
2022-12-30,260.68,17.35,27.6,291.47,-10.56,21.22,16.56,16.91,0,0,Cash,Hold Cash,No action,,Hold Cash until QLD creates a new Donchian20 breakout; QQQ moving above EMA200 alone is not a re-entry.,15106.9,0.0,0.0,15106.9,7889.94,-40.39,-33.52
2023-01-03,258.91,17.11,29.11,291.14,-11.07,21.05,16.56,12.13,0,0,Cash,Hold Cash,No action,,Hold Cash until QLD creates a new Donchian20 breakout; QQQ moving above EMA200 alone is not a re-entry.,15106.9,0.0,0.0,15106.9,7836.61,-40.39,-33.97
2023-01-04,260.15,17.27,28.36,290.83,-10.55,20.44,16.56,18.29,0,0,Cash,Hold Cash,No action,,Hold Cash until QLD creates a new Donchian20 breakout; QQQ moving above EMA200 alone is not a re-entry.,15106.9,0.0,0.0,15106.9,7873.94,-40.39,-33.65
2023-01-05,256.08,16.71,28.81,290.49,-11.85,20.44,16.56,3.71,0,0,Cash,Hold Cash,No action,,Hold Cash until QLD creates a new Donchian20 breakout; QQQ moving above EMA200 alone is not a re-entry.,15106.9,0.0,0.0,15106.9,7750.68,-40.39,-34.69
2023-01-06,263.14,17.63,26.96,290.22,-9.33,20.44,16.56,27.5,0,0,Cash,Hold Cash,No action,,Hold Cash until QLD creates a new Donchian20 breakout; QQQ moving above EMA200 alone is not a re-entry.,15106.9,0.0,0.0,15106.9,7964.61,-40.39,-32.89
2023-01-09,264.85,17.86,27.86,289.96,-8.66,20.44,16.56,33.51,0,0,Cash,Hold Cash,No action,,Hold Cash until QLD creates a new Donchian20 breakout; QQQ moving above EMA200 alone is not a re-entry.,15106.9,0.0,0.0,15106.9,8016.17,-40.39,-32.45
2023-01-10,267.09,18.16,26.94,289.74,-7.82,20.44,16.56,41.31,0,0,Cash,Hold Cash,No action,,Hold Cash until QLD creates a new Donchian20 breakout; QQQ moving above EMA200 alone is not a re-entry.,15106.9,0.0,0.0,15106.9,8084.02,-40.39,-31.88
2023-01-11,271.71,18.78,27.34,289.56,-6.16,20.44,16.56,57.17,0,0,Cash,Hold Cash,No action,,Hold Cash until QLD creates a new Donchian20 breakout; QQQ moving above EMA200 alone is not a re-entry.,15106.9,0.0,0.0,15106.9,8223.88,-40.39,-30.7
2023-01-12,273.18,18.96,24.76,289.39,-5.6,20.44,16.56,61.77,0,0,Cash,Hold Cash,No action,,Hold Cash until QLD creates a new Donchian20 breakout; QQQ moving above EMA200 alone is not a re-entry.,15106.9,0.0,0.0,15106.9,8268.32,-40.39,-30.33
2023-01-13,275.06,19.22,23.82,289.25,-4.91,20.12,16.56,74.65,0,0,Cash,Hold Cash,No action,,Hold Cash until QLD creates a new Donchian20 breakout; QQQ moving above EMA200 alone is not a re-entry.,15106.9,0.0,0.0,15106.9,8325.21,-40.39,-29.85
2023-01-17,275.62,19.28,24.75,289.11,-4.67,19.22,16.56,102.43,0,1,QLD,Hold QLD,Buy QLD,toQLD,QLD closed above its prior 20-day high; the signal changed to 1 and the account moved fully into QLD.,0.0,0.0,15106.9,15106.9,8342.1,-40.39,-29.71
2023-01-18,272.03,18.79,25.51,288.94,-5.85,19.28,16.56,81.79,1,1,QLD,Hold QLD,No action,,Hold QLD while the Donchian20 signal remains 1.,0.0,0.0,14718.95,14718.95,8233.66,-41.92,-30.62
2023-01-19,269.36,18.41,25.28,288.75,-6.72,19.28,16.56,67.94,1,1,QLD,Hold QLD,No action,,Hold QLD while the Donchian20 signal remains 1.,0.0,0.0,14424.1,14424.1,8152.77,-43.08,-31.3
2023-01-20,276.73,19.44,24.54,288.63,-4.12,19.28,16.56,105.83,1,1,QLD,Hold QLD,No action,,Hold QLD while the Donchian20 signal remains 1.,0.0,0.0,15231.05,15231.05,8375.88,-39.9,-29.42
2023-01-23,282.88,20.29,24.61,288.57,-1.97,19.44,16.56,129.6,1,1,QLD,Hold QLD,No action,,Hold QLD while the Donchian20 signal remains 1.,0.0,0.0,15898.33,15898.33,8561.96,-37.27,-27.86
2023-01-24,282.3,20.2,24.55,288.51,-2.15,20.29,16.56,97.48,1,1,QLD,Hold QLD,No action,,Hold QLD while the Donchian20 signal remains 1.,0.0,0.0,15824.62,15824.62,8544.48,-37.56,-28.0
2023-01-25,281.67,20.09,24.54,288.44,-2.35,20.29,16.56,94.56,1,1,QLD,Hold QLD,No action,,Hold QLD while the Donchian20 signal remains 1.,0.0,0.0,15739.27,15739.27,8525.51,-37.9,-28.16
2023-01-26,287.17,20.87,25.01,288.43,-0.44,20.29,16.56,115.41,1,1,QLD,Hold QLD,No action,,Hold QLD while the Donchian20 signal remains 1.,0.0,0.0,16348.36,16348.36,8691.74,-35.49,-26.76
2023-01-27,290.03,21.28,24.57,288.45,0.55,20.87,16.56,109.55,1,1,QLD,Hold QLD,No action,,Hold QLD while the Donchian20 signal remains 1.,0.0,0.0,16670.36,16670.36,8778.26,-34.22,-26.03
2023-01-30,284.16,20.4,26.25,288.4,-1.47,21.28,16.71,80.82,1,1,QLD,Hold QLD,No action,,Hold QLD while the Donchian20 signal remains 1.,0.0,0.0,15983.68,15983.68,8600.77,-36.93,-27.53
2023-01-31,288.42,21.03,25.79,288.4,0.01,21.28,16.71,94.58,1,1,QLD,Hold QLD,No action,,Hold QLD while the Donchian20 signal remains 1.,0.0,0.0,16476.38,16476.38,8729.66,-34.99,-26.44
2023-02-01,294.59,21.94,24.04,288.46,2.12,21.28,16.71,114.52,1,1,QLD,Hold QLD,No action,,Hold QLD while the Donchian20 signal remains 1.,0.0,0.0,17190.21,17190.21,8916.34,-32.17,-24.87
2023-02-02,305.16,23.49,25.06,288.63,5.73,21.94,16.71,129.52,1,1,QLD,Hold QLD,No action,,Hold QLD while the Donchian20 signal remains 1.,0.0,0.0,18400.62,18400.62,9236.34,-27.39,-22.17
2023-02-03,299.74,22.64,25.4,288.74,3.81,23.49,16.71,87.51,1,1,QLD,Hold QLD,No action,,Hold QLD while the Donchian20 signal remains 1.,0.0,0.0,17737.23,17737.23,9072.19,-30.01,-23.56
2023-02-06,297.2,22.26,25.89,288.83,2.9,23.49,17.63,79.12,1,1,QLD,Hold QLD,No action,,Hold QLD while the Donchian20 signal remains 1.,0.0,0.0,17442.38,17442.38,8995.45,-31.18,-24.2
2023-02-07,303.36,23.19,25.46,288.97,4.98,23.49,17.86,94.72,1,1,QLD,Hold QLD,No action,,Hold QLD while the Donchian20 signal remains 1.,0.0,0.0,18167.86,18167.86,9181.82,-28.31,-22.63
2023-02-08,297.96,22.34,26.45,289.06,3.08,23.49,18.16,78.51,1,1,QLD,Hold QLD,No action,,Hold QLD while the Donchian20 signal remains 1.,0.0,0.0,17504.46,17504.46,9018.56,-30.93,-24.01
2023-02-09,295.33,21.93,27.64,289.12,2.15,23.49,18.41,69.37,1,1,QLD,Hold QLD,No action,,Hold QLD while the Donchian20 signal remains 1.,0.0,0.0,17182.45,17182.45,8938.86,-32.2,-24.68
2023-02-10,293.39,21.65,27.09,289.16,1.46,23.49,18.41,63.9,1,1,QLD,Hold QLD,No action,,Hold QLD while the Donchian20 signal remains 1.,0.0,0.0,16965.2,16965.2,8880.19,-33.06,-25.17
2023-02-13,298.09,22.35,27.26,289.25,3.06,23.49,18.41,77.66,1,1,QLD,Hold QLD,No action,,Hold QLD while the Donchian20 signal remains 1.,0.0,0.0,17512.22,17512.22,9022.41,-30.9,-23.98
2023-02-14,300.29,22.65,25.06,289.36,3.78,23.49,18.41,83.61,1,1,QLD,Hold QLD,No action,,Hold QLD while the Donchian20 signal remains 1.,0.0,0.0,17748.87,17748.87,9089.08,-29.97,-23.41
2023-02-15,302.6,23.02,24.09,289.49,4.53,23.49,18.41,90.83,1,1,QLD,Hold QLD,No action,,Hold QLD while the Donchian20 signal remains 1.,0.0,0.0,18035.95,18035.95,9158.71,-28.83,-22.83
2023-02-16,296.92,22.12,26.06,289.57,2.54,23.49,18.41,73.07,1,1,QLD,Hold QLD,No action,,Hold QLD while the Donchian20 signal remains 1.,0.0,0.0,17329.87,17329.87,8986.85,-31.62,-24.28
2023-02-17,294.82,21.8,25.82,289.62,1.8,23.49,19.44,58.38,1,1,QLD,Hold QLD,No action,,Hold QLD while the Donchian20 signal remains 1.,0.0,0.0,17081.58,17081.58,8923.45,-32.6,-24.81
2023-02-21,287.84,20.77,28.57,289.6,-0.61,23.49,20.09,19.97,1,1,QLD,Hold QLD,No action,,Hold QLD while the Donchian20 signal remains 1.,0.0,0.0,16270.76,16270.76,8712.18,-35.8,-26.59
2023-02-22,288.06,20.8,28.02,289.59,-0.53,23.49,20.09,20.85,1,1,QLD,Hold QLD,No action,,Hold QLD while the Donchian20 signal remains 1.,0.0,0.0,16294.04,16294.04,8718.7,-35.71,-26.53
2023-02-23,290.57,21.16,26.83,289.6,0.34,23.49,20.09,31.49,1,1,QLD,Hold QLD,No action,,Hold QLD while the Donchian20 signal remains 1.,0.0,0.0,16577.24,16577.24,8794.85,-34.59,-25.89
2023-02-24,285.71,20.43,27.18,289.56,-1.33,23.49,20.4,0.96,1,1,QLD,Hold QLD,No action,,Hold QLD while the Donchian20 signal remains 1.,0.0,0.0,16006.95,16006.95,8647.59,-36.84,-27.13
2023-02-27,287.75,20.73,26.65,289.54,-0.62,23.49,20.4,10.75,1,1,QLD,Hold QLD,No action,,Hold QLD while the Donchian20 signal remains 1.,0.0,0.0,16243.6,16243.6,8709.52,-35.91,-26.61
2023-02-28,287.38,20.66,26.4,289.52,-0.74,23.49,20.4,8.51,1,1,QLD,Hold QLD,No action,,Hold QLD while the Donchian20 signal remains 1.,0.0,0.0,16189.29,16189.29,8698.26,-36.12,-26.71
2023-03-01,285.07,20.33,26.48,289.48,-1.52,23.49,20.43,-3.24,1,0,Cash,Hold Cash,Reduce QLD to QQQ; Sell QQQ to Cash,QLD->QQQ_on_Donchian_exit; QQQ->Cash_below_EMA200,"QLD exited its channel and QQQ was below EMA200, so the account passed through QQQ and finished in Cash.",15929.36,0.0,0.0,15929.36,8628.33,-37.15,-27.3
2023-03-02,287.43,20.68,25.7,289.45,-0.7,23.49,20.33,10.99,0,0,Cash,Hold Cash,No action,,Hold Cash until QLD creates a new Donchian20 breakout; QQQ moving above EMA200 alone is not a re-entry.,15929.36,0.0,0.0,15929.36,8699.74,-37.15,-26.69
2023-03-03,293.37,21.52,24.36,289.49,1.34,23.49,20.33,37.68,0,0,Cash,Hold Cash,No action,,Hold Cash until QLD creates a new Donchian20 breakout; QQQ moving above EMA200 alone is not a re-entry.,15929.36,0.0,0.0,15929.36,8879.59,-37.15,-25.18
2023-03-06,293.71,21.55,24.25,289.54,1.44,23.19,20.33,42.63,0,0,Cash,Hold Cash,No action,,Hold Cash until QLD creates a new Donchian20 breakout; QQQ moving above EMA200 alone is not a re-entry.,15929.36,0.0,0.0,15929.36,8889.67,-37.15,-25.09
2023-03-07,290.1,21.02,24.65,289.54,0.19,23.19,20.33,24.09,0,0,Cash,Hold Cash,No action,,Hold Cash until QLD creates a new Donchian20 breakout; QQQ moving above EMA200 alone is not a re-entry.,15929.36,0.0,0.0,15929.36,8780.63,-37.15,-26.01
2023-03-08,291.55,21.24,24.08,289.56,0.69,23.19,20.33,31.72,0,0,Cash,Hold Cash,No action,,Hold Cash until QLD creates a new Donchian20 breakout; QQQ moving above EMA200 alone is not a re-entry.,15929.36,0.0,0.0,15929.36,8824.48,-37.15,-25.64
2023-03-09,286.5,20.46,26.55,289.53,-1.05,23.02,20.33,4.79,0,0,Cash,Hold Cash,No action,,Hold Cash until QLD creates a new Donchian20 breakout; QQQ moving above EMA200 alone is not a re-entry.,15929.36,0.0,0.0,15929.36,8671.59,-37.15,-26.93
2023-03-10,282.48,19.89,27.94,289.46,-2.41,23.02,20.33,-16.39,0,0,Cash,Hold Cash,No action,,Hold Cash until QLD creates a new Donchian20 breakout; QQQ moving above EMA200 alone is not a re-entry.,15929.36,0.0,0.0,15929.36,8549.81,-37.15,-27.96
2023-03-13,284.57,20.19,29.39,289.41,-1.67,23.02,19.89,9.65,0,0,Cash,Hold Cash,No action,,Hold Cash until QLD creates a new Donchian20 breakout; QQQ moving above EMA200 alone is not a re-entry.,15929.36,0.0,0.0,15929.36,8613.22,-37.15,-27.42
2023-03-14,291.11,21.12,26.72,289.43,0.58,23.02,19.89,39.4,0,0,Cash,Hold Cash,No action,,Hold Cash until QLD creates a new Donchian20 breakout; QQQ moving above EMA200 alone is not a re-entry.,15929.36,0.0,0.0,15929.36,8811.15,-37.15,-25.76
2023-03-15,292.64,21.33,28.69,289.46,1.1,23.02,19.89,46.04,0,0,Cash,Hold Cash,No action,,Hold Cash until QLD creates a new Donchian20 breakout; QQQ moving above EMA200 alone is not a re-entry.,15929.36,0.0,0.0,15929.36,8857.37,-37.15,-25.37
2023-03-16,300.35,22.45,26.62,289.57,3.72,23.02,19.89,81.65,0,0,Cash,Hold Cash,No action,,Hold Cash until QLD creates a new Donchian20 breakout; QQQ moving above EMA200 alone is not a re-entry.,15929.36,0.0,0.0,15929.36,9090.86,-37.15,-23.4
2023-03-17,298.93,22.22,28.35,289.66,3.2,22.45,19.89,91.28,0,0,Cash,Hold Cash,No action,,Hold Cash until QLD creates a new Donchian20 breakout; QQQ moving above EMA200 alone is not a re-entry.,15929.36,0.0,0.0,15929.36,9047.89,-37.15,-23.76
2023-03-20,299.99,22.39,27.55,289.77,3.53,22.45,19.89,97.67,0,0,Cash,Hold Cash,No action,,Hold Cash until QLD creates a new Donchian20 breakout; QQQ moving above EMA200 alone is not a re-entry.,15929.36,0.0,0.0,15929.36,9080.0,-37.15,-23.49
2023-03-21,304.28,23.01,25.68,289.91,4.96,22.45,19.89,122.09,0,1,QLD,Hold QLD,Buy QLD,toQLD,QLD closed above its prior 20-day high; the signal changed to 1 and the account moved fully into QLD.,0.0,0.0,15929.36,15929.36,9209.69,-37.15,-22.4
2023-03-22,300.14,22.38,26.6,290.01,3.49,23.01,19.89,79.84,1,1,QLD,Hold QLD,No action,,Hold QLD while the Donchian20 signal remains 1.,0.0,0.0,15494.02,15494.02,9084.45,-38.86,-23.45
2023-03-23,303.7,22.93,26.56,290.15,4.67,23.01,19.89,97.3,1,1,QLD,Hold QLD,No action,,Hold QLD while the Donchian20 signal remains 1.,0.0,0.0,15871.09,15871.09,9192.18,-37.38,-22.54
2023-03-24,304.82,23.08,25.78,290.29,5.0,23.01,19.89,102.22,1,1,QLD,Hold QLD,No action,,Hold QLD while the Donchian20 signal remains 1.,0.0,0.0,15977.35,15977.35,9226.01,-36.96,-22.26
2023-03-27,302.73,22.75,25.07,290.42,4.24,23.08,19.89,89.6,1,1,QLD,Hold QLD,No action,,Hold QLD while the Donchian20 signal remains 1.,0.0,0.0,15747.69,15747.69,9162.8,-37.86,-22.79
2023-03-28,301.12,22.52,24.5,290.52,3.65,23.08,19.89,82.45,1,1,QLD,Hold QLD,No action,,Hold QLD while the Donchian20 signal remains 1.,0.0,0.0,15590.0,15590.0,9114.13,-38.48,-23.2
2023-03-29,306.61,23.35,23.99,290.68,5.48,23.08,19.89,108.39,1,1,QLD,Hold QLD,No action,,Hold QLD while the Donchian20 signal remains 1.,0.0,0.0,16162.46,16162.46,9280.32,-36.23,-21.8
2023-03-30,309.52,23.76,23.99,290.87,6.41,23.35,19.89,111.89,1,1,QLD,Hold QLD,No action,,Hold QLD while the Donchian20 signal remains 1.,0.0,0.0,16446.98,16446.98,9368.16,-35.1,-21.06
2023-03-31,314.66,24.55,23.6,291.11,8.09,23.76,19.89,120.36,1,1,QLD,Hold QLD,No action,,Hold QLD while the Donchian20 signal remains 1.,0.0,0.0,16992.0,16992.0,9523.96,-32.95,-19.75
2023-04-03,313.9,24.42,23.67,291.34,7.74,24.55,19.89,97.34,1,1,QLD,Hold QLD,No action,,Hold QLD while the Donchian20 signal remains 1.,0.0,0.0,16906.31,16906.31,9500.81,-33.29,-19.94
2023-04-04,312.84,24.26,24.28,291.55,7.3,24.55,19.89,93.83,1,1,QLD,Hold QLD,No action,,Hold QLD while the Donchian20 signal remains 1.,0.0,0.0,16793.19,16793.19,9468.76,-33.74,-20.21
2023-04-05,309.75,23.75,24.62,291.73,6.18,24.55,19.89,82.98,1,1,QLD,Hold QLD,No action,,Hold QLD while the Donchian20 signal remains 1.,0.0,0.0,16443.55,16443.55,9375.28,-35.12,-21.0
2023-04-06,311.84,24.1,23.86,291.93,6.82,24.55,19.89,90.32,1,1,QLD,Hold QLD,No action,,Hold QLD while the Donchian20 signal remains 1.,0.0,0.0,16680.07,16680.07,9438.49,-34.18,-20.47
2023-04-10,311.66,24.04,24.56,292.13,6.69,24.55,19.89,89.15,1,1,QLD,Hold QLD,No action,,Hold QLD while the Donchian20 signal remains 1.,0.0,0.0,16642.36,16642.36,9433.15,-34.33,-20.51
2023-04-11,309.66,23.73,24.71,292.3,5.94,24.55,20.19,81.34,1,1,QLD,Hold QLD,No action,,Hold QLD while the Donchian20 signal remains 1.,0.0,0.0,16429.84,16429.84,9372.61,-35.17,-21.02
2023-04-12,306.93,23.3,24.49,292.45,4.95,24.55,21.12,63.68,1,1,QLD,Hold QLD,No action,,Hold QLD while the Donchian20 signal remains 1.,0.0,0.0,16131.61,16131.61,9289.81,-36.35,-21.72
2023-04-13,312.94,24.21,23.28,292.65,6.93,24.55,21.33,89.68,1,1,QLD,Hold QLD,No action,,Hold QLD while the Donchian20 signal remains 1.,0.0,0.0,16762.34,16762.34,9471.73,-33.86,-20.19
2023-04-14,312.35,24.11,22.22,292.85,6.66,24.55,22.22,81.24,1,1,QLD,Hold QLD,No action,,Hold QLD while the Donchian20 signal remains 1.,0.0,0.0,16690.35,16690.35,9453.92,-34.14,-20.34
2023-04-17,312.61,24.13,21.91,293.04,6.68,24.55,22.22,82.3,1,1,QLD,Hold QLD,No action,,Hold QLD while the Donchian20 signal remains 1.,0.0,0.0,16707.49,16707.49,9461.94,-34.07,-20.27
2023-04-18,312.63,24.15,21.41,293.24,6.61,24.55,22.38,81.69,1,1,QLD,Hold QLD,No action,,Hold QLD while the Donchian20 signal remains 1.,0.0,0.0,16717.77,16717.77,9462.53,-34.03,-20.27
2023-04-19,312.49,24.12,21.24,293.43,6.49,24.55,22.38,80.32,1,1,QLD,Hold QLD,No action,,Hold QLD while the Donchian20 signal remains 1.,0.0,0.0,16697.21,16697.21,9458.08,-34.12,-20.3
2023-04-20,310.1,23.75,21.77,293.6,5.62,24.55,22.38,63.16,1,1,QLD,Hold QLD,No action,,Hold QLD while the Donchian20 signal remains 1.,0.0,0.0,16440.12,16440.12,9385.97,-35.13,-20.91
2023-04-21,310.43,23.78,21.29,293.76,5.67,24.55,22.52,62.1,1,1,QLD,Hold QLD,No action,,Hold QLD while the Donchian20 signal remains 1.,0.0,0.0,16460.69,16460.69,9395.76,-35.05,-20.83
2023-04-24,309.78,23.67,21.52,293.92,5.4,24.55,22.52,56.97,1,1,QLD,Hold QLD,No action,,Hold QLD while the Donchian20 signal remains 1.,0.0,0.0,16388.7,16388.7,9376.17,-35.33,-20.99
2023-04-25,303.94,22.79,22.97,294.02,3.37,24.55,22.52,13.2,1,1,QLD,Hold QLD,No action,,Hold QLD while the Donchian20 signal remains 1.,0.0,0.0,15775.11,15775.11,9199.3,-37.75,-22.48
2023-04-26,305.78,23.05,22.77,294.14,3.96,24.55,22.52,25.92,1,1,QLD,Hold QLD,No action,,Hold QLD while the Donchian20 signal remains 1.,0.0,0.0,15953.36,15953.36,9255.09,-37.05,-22.01
2023-04-27,314.09,24.3,21.05,294.34,6.71,24.55,22.79,85.92,1,1,QLD,Hold QLD,No action,,Hold QLD while the Donchian20 signal remains 1.,0.0,0.0,16820.61,16820.61,9506.74,-33.63,-19.89
2023-04-28,316.26,24.63,20.12,294.56,7.37,24.55,22.79,104.79,1,1,QLD,Hold QLD,No action,,Hold QLD while the Donchian20 signal remains 1.,0.0,0.0,17050.28,17050.28,9572.33,-32.72,-19.34
2023-05-01,315.9,24.57,20.19,294.77,7.17,24.63,22.79,96.51,1,1,QLD,Hold QLD,No action,,Hold QLD while the Donchian20 signal remains 1.,0.0,0.0,17005.72,17005.72,9561.35,-32.9,-19.43
2023-05-02,313.14,24.12,21.63,294.95,6.17,24.63,22.79,72.58,1,1,QLD,Hold QLD,No action,,Hold QLD while the Donchian20 signal remains 1.,0.0,0.0,16700.64,16700.64,9477.96,-34.1,-20.14
2023-05-03,311.09,23.83,22.03,295.11,5.42,24.63,22.79,56.45,1,1,QLD,Hold QLD,No action,,Hold QLD while the Donchian20 signal remains 1.,0.0,0.0,16494.96,16494.96,9415.94,-34.91,-20.66
2023-05-04,310.0,23.64,23.14,295.26,4.99,24.63,22.79,46.51,1,1,QLD,Hold QLD,No action,,Hold QLD while the Donchian20 signal remains 1.,0.0,0.0,16368.13,16368.13,9382.7,-35.41,-20.94
2023-05-05,316.58,24.63,20.36,295.47,7.15,24.63,22.79,100.27,1,1,QLD,Hold QLD,No action,,Hold QLD while the Donchian20 signal remains 1.,0.0,0.0,17053.71,17053.71,9582.12,-32.71,-19.26
2023-05-08,317.37,24.75,20.31,295.69,7.33,24.63,22.79,106.17,1,1,QLD,Hold QLD,No action,,Hold QLD while the Donchian20 signal remains 1.,0.0,0.0,17132.55,17132.55,9605.86,-32.4,-19.06
2023-05-09,315.36,24.44,20.85,295.89,6.58,24.75,22.79,84.09,1,1,QLD,Hold QLD,No action,,Hold QLD while the Donchian20 signal remains 1.,0.0,0.0,16916.6,16916.6,9545.03,-33.25,-19.57
2023-05-10,318.79,24.97,19.76,296.11,7.66,24.75,22.79,111.11,1,1,QLD,Hold QLD,No action,,Hold QLD while the Donchian20 signal remains 1.,0.0,0.0,17283.38,17283.38,9648.9,-31.8,-18.7
2023-05-11,319.83,25.12,19.4,296.35,7.92,24.97,22.79,106.82,1,1,QLD,Hold QLD,No action,,Hold QLD while the Donchian20 signal remains 1.,0.0,0.0,17386.22,17386.22,9680.35,-31.4,-18.43
2023-05-12,318.68,24.93,19.53,296.57,7.46,25.12,22.79,92.13,1,1,QLD,Hold QLD,No action,,Hold QLD while the Donchian20 signal remains 1.,0.0,0.0,17259.38,17259.38,9645.63,-31.9,-18.72
2023-05-15,320.41,25.2,19.55,296.81,7.95,25.12,22.79,103.62,1,1,QLD,Hold QLD,No action,,Hold QLD while the Donchian20 signal remains 1.,0.0,0.0,17444.49,17444.49,9697.86,-31.17,-18.28
2023-05-16,320.77,25.24,19.84,297.05,7.99,25.2,22.79,101.85,1,1,QLD,Hold QLD,No action,,Hold QLD while the Donchian20 signal remains 1.,0.0,0.0,17475.34,17475.34,9708.84,-31.05,-18.19
2023-05-17,324.65,25.86,19.16,297.32,9.19,25.24,22.79,125.2,1,1,QLD,Hold QLD,No action,,Hold QLD while the Donchian20 signal remains 1.,0.0,0.0,17903.82,17903.82,9826.36,-29.35,-17.2
2023-05-18,330.68,26.79,19.32,297.65,11.1,25.86,22.79,130.27,1,1,QLD,Hold QLD,No action,,Hold QLD while the Donchian20 signal remains 1.,0.0,0.0,18548.27,18548.27,10008.87,-26.81,-15.66
2023-05-19,329.94,26.68,19.68,297.97,10.73,26.79,22.79,97.03,1,1,QLD,Hold QLD,No action,,Hold QLD while the Donchian20 signal remains 1.,0.0,0.0,18466.0,18466.0,9986.31,-27.14,-15.85
2023-05-22,331.05,26.83,19.97,298.3,10.98,26.79,22.79,100.99,1,1,QLD,Hold QLD,No action,,Hold QLD while the Donchian20 signal remains 1.,0.0,0.0,18575.69,18575.69,10019.85,-26.7,-15.57
2023-05-23,326.85,26.16,20.99,298.59,9.47,26.83,22.79,83.35,1,1,QLD,Hold QLD,No action,,Hold QLD while the Donchian20 signal remains 1.,0.0,0.0,18109.5,18109.5,9892.83,-28.54,-16.64
2023-05-24,325.17,25.88,22.4,298.85,8.81,26.83,23.05,74.9,1,1,QLD,Hold QLD,No action,,Hold QLD while the Donchian20 signal remains 1.,0.0,0.0,17917.53,17917.53,9842.09,-29.3,-17.07
2023-05-25,333.09,27.13,21.69,299.19,11.33,26.83,23.64,109.16,1,1,QLD,Hold QLD,No action,,Hold QLD while the Donchian20 signal remains 1.,0.0,0.0,18777.93,18777.93,10081.57,-25.91,-15.05
2023-05-26,341.6,28.52,22.21,299.62,14.01,27.13,23.64,139.97,1,1,QLD,Hold QLD,No action,,Hold QLD while the Donchian20 signal remains 1.,0.0,0.0,19741.17,19741.17,10339.16,-22.1,-12.88
2023-05-30,343.15,28.76,22.42,300.05,14.36,28.52,23.64,104.98,1,1,QLD,Hold QLD,No action,,Hold QLD while the Donchian20 signal remains 1.,0.0,0.0,19909.13,19909.13,10386.05,-21.44,-12.49
2023-05-31,341.19,28.38,22.12,300.46,13.56,28.76,23.64,92.64,1,1,QLD,Hold QLD,No action,,Hold QLD while the Donchian20 signal remains 1.,0.0,0.0,19648.61,19648.61,10326.99,-22.47,-12.98
2023-06-01,345.14,29.09,20.46,300.9,14.7,28.76,23.64,106.39,1,1,QLD,Hold QLD,No action,,Hold QLD while the Donchian20 signal remains 1.,0.0,0.0,20135.38,20135.38,10446.29,-20.55,-11.98
2023-06-02,347.72,29.51,19.29,301.37,15.38,29.09,23.64,107.83,1,1,QLD,Hold QLD,No action,,Hold QLD while the Donchian20 signal remains 1.,0.0,0.0,20430.17,20430.17,10524.64,-19.39,-11.32
2023-06-05,347.97,29.55,19.42,301.83,15.29,29.51,24.44,100.68,1,1,QLD,Hold QLD,No action,,Hold QLD while the Donchian20 signal remains 1.,0.0,0.0,20454.17,20454.17,10532.06,-19.29,-11.25
2023-06-06,347.91,29.54,18.54,302.29,15.09,29.55,24.44,99.81,1,1,QLD,Hold QLD,No action,,Hold QLD while the Donchian20 signal remains 1.,0.0,0.0,20447.31,20447.31,10530.28,-19.32,-11.27
2023-06-07,342.01,28.52,19.21,302.69,12.99,29.55,24.44,79.94,1,1,QLD,Hold QLD,No action,,Hold QLD while the Donchian20 signal remains 1.,0.0,0.0,19744.59,19744.59,10351.62,-22.09,-12.78
2023-06-08,346.25,29.21,18.66,303.12,14.23,29.55,24.93,92.7,1,1,QLD,Hold QLD,No action,,Hold QLD while the Donchian20 signal remains 1.,0.0,0.0,20221.07,20221.07,10480.12,-20.21,-11.69
2023-06-09,347.58,29.42,18.89,303.56,14.5,29.55,24.93,97.32,1,1,QLD,Hold QLD,No action,,Hold QLD while the Donchian20 signal remains 1.,0.0,0.0,20368.47,20368.47,10520.19,-19.63,-11.35
2023-06-12,353.45,30.43,20.46,304.06,16.24,29.55,24.93,119.1,1,1,QLD,Hold QLD,No action,,Hold QLD while the Donchian20 signal remains 1.,0.0,0.0,21064.33,21064.33,10697.95,-16.88,-9.86
2023-06-13,356.17,30.87,20.06,304.58,16.94,30.43,25.2,108.52,1,1,QLD,Hold QLD,No action,,Hold QLD while the Donchian20 signal remains 1.,0.0,0.0,21372.84,21372.84,10780.15,-15.67,-9.16
2023-06-14,358.75,31.32,19.72,305.12,17.58,30.87,25.24,108.0,1,1,QLD,Hold QLD,No action,,Hold QLD while the Donchian20 signal remains 1.,0.0,0.0,21684.78,21684.78,10858.49,-14.44,-8.5
2023-06-15,363.03,32.05,20.28,305.69,18.76,31.32,25.86,113.24,1,1,QLD,Hold QLD,No action,,Hold QLD while the Donchian20 signal remains 1.,0.0,0.0,22185.25,22185.25,10987.88,-12.46,-7.41
2023-06-16,360.74,31.63,19.55,306.24,17.8,32.05,25.88,93.25,1,1,QLD,Hold QLD,No action,,Hold QLD while the Donchian20 signal remains 1.,0.0,0.0,21897.31,21897.31,10918.74,-13.6,-8.0
2023-06-20,360.23,31.56,19.95,306.78,17.42,32.05,25.88,92.05,1,1,QLD,Hold QLD,No action,,Hold QLD while the Donchian20 signal remains 1.,0.0,0.0,21845.89,21845.89,10903.11,-13.8,-8.13
2023-06-21,355.32,30.7,19.29,307.26,15.64,32.05,25.88,78.07,1,1,QLD,Hold QLD,No action,,Hold QLD while the Donchian20 signal remains 1.,0.0,0.0,21249.44,21249.44,10754.52,-16.15,-9.38
2023-06-22,359.51,31.4,18.82,307.78,16.81,32.05,25.88,89.56,1,1,QLD,Hold QLD,No action,,Hold QLD while the Donchian20 signal remains 1.,0.0,0.0,21739.62,21739.62,10881.41,-14.22,-8.31
2023-06-23,355.95,30.77,19.29,308.26,15.47,32.05,25.88,79.28,1,1,QLD,Hold QLD,No action,,Hold QLD while the Donchian20 signal remains 1.,0.0,0.0,21300.85,21300.85,10773.54,-15.95,-9.22
2023-06-26,351.18,29.94,20.37,308.69,13.76,32.05,27.13,57.24,1,1,QLD,Hold QLD,No action,,Hold QLD while the Donchian20 signal remains 1.,0.0,0.0,20728.4,20728.4,10629.12,-18.21,-10.44
2023-06-27,357.21,30.96,20.08,309.17,15.54,32.05,28.38,70.41,1,1,QLD,Hold QLD,No action,,Hold QLD while the Donchian20 signal remains 1.,0.0,0.0,21434.54,21434.54,10811.88,-15.42,-8.9
2023-06-28,357.91,31.07,20.02,309.65,15.58,32.05,28.38,73.24,1,1,QLD,Hold QLD,No action,,Hold QLD while the Donchian20 signal remains 1.,0.0,0.0,21506.53,21506.53,10832.97,-15.14,-8.72
2023-06-29,357.19,30.93,19.98,310.13,15.18,32.05,28.38,69.46,1,1,QLD,Hold QLD,No action,,Hold QLD while the Donchian20 signal remains 1.,0.0,0.0,21410.55,21410.55,10811.28,-15.52,-8.9
2023-06-30,362.7,31.88,19.55,310.65,16.76,32.05,28.52,95.22,1,1,QLD,Hold QLD,No action,,Hold QLD while the Donchian20 signal remains 1.,0.0,0.0,22068.7,22068.7,10977.99,-12.92,-7.5
2023-07-03,363.56,32.03,19.87,311.18,16.83,32.05,28.52,99.58,1,1,QLD,Hold QLD,No action,,Hold QLD while the Donchian20 signal remains 1.,0.0,0.0,22174.97,22174.97,11003.84,-12.5,-7.28
2023-07-05,363.55,32.01,19.91,311.7,16.63,32.05,28.52,98.88,1,1,QLD,Hold QLD,No action,,Hold QLD while the Donchian20 signal remains 1.,0.0,0.0,22157.82,22157.82,11003.55,-12.57,-7.28
2023-07-06,360.78,31.51,21.11,312.19,15.57,32.05,28.52,84.83,1,1,QLD,Hold QLD,No action,,Hold QLD while the Donchian20 signal remains 1.,0.0,0.0,21815.03,21815.03,10919.75,-13.92,-7.99
2023-07-07,359.58,31.29,20.6,312.66,15.01,32.05,28.52,78.37,1,1,QLD,Hold QLD,No action,,Hold QLD while the Donchian20 signal remains 1.,0.0,0.0,21657.35,21657.35,10883.49,-14.54,-8.29
2023-07-10,359.7,31.32,21.08,313.13,14.87,32.05,29.21,74.52,1,1,QLD,Hold QLD,No action,,Hold QLD while the Donchian20 signal remains 1.,0.0,0.0,21684.78,21684.78,10887.06,-14.44,-8.26
2023-07-11,361.48,31.61,20.9,313.61,15.26,32.05,29.42,83.4,1,1,QLD,Hold QLD,No action,,Hold QLD while the Donchian20 signal remains 1.,0.0,0.0,21883.59,21883.59,10940.85,-13.65,-7.81
2023-07-12,366.04,32.41,19.48,314.13,16.53,32.05,29.94,117.41,1,1,QLD,Hold QLD,No action,,Hold QLD while the Donchian20 signal remains 1.,0.0,0.0,22438.91,22438.91,11079.03,-11.46,-6.65
2023-07-13,372.26,33.48,19.78,314.71,18.29,32.41,29.94,143.09,1,1,QLD,Hold QLD,No action,,Hold QLD while the Donchian20 signal remains 1.,0.0,0.0,23175.91,23175.91,11267.13,-8.55,-5.06
2023-07-14,372.18,33.46,19.65,315.28,18.05,33.48,29.94,99.58,1,1,QLD,Hold QLD,No action,,Hold QLD while the Donchian20 signal remains 1.,0.0,0.0,23165.62,23165.62,11264.76,-8.59,-5.08
2023-07-17,375.65,34.07,19.43,315.88,18.92,33.48,29.94,116.81,1,1,QLD,Hold QLD,No action,,Hold QLD while the Donchian20 signal remains 1.,0.0,0.0,23587.25,23587.25,11369.96,-6.93,-4.19
2023-07-18,378.73,34.64,19.29,316.5,19.66,34.07,29.94,113.79,1,1,QLD,Hold QLD,No action,,Hold QLD while the Donchian20 signal remains 1.,0.0,0.0,23981.45,23981.45,11462.97,-5.37,-3.41
2023-07-19,378.64,34.55,19.68,317.12,19.4,34.64,29.94,98.1,1,1,QLD,Hold QLD,No action,,Hold QLD while the Donchian20 signal remains 1.,0.0,0.0,23919.76,23919.76,11460.3,-5.62,-3.43
2023-07-20,369.91,32.99,20.2,317.65,16.45,34.64,29.94,64.81,1,1,QLD,Hold QLD,No action,,Hold QLD while the Donchian20 signal remains 1.,0.0,0.0,22836.54,22836.54,11196.11,-9.89,-5.66
2023-07-21,368.8,32.79,19.61,318.16,15.92,34.64,29.94,60.48,1,1,QLD,Hold QLD,No action,,Hold QLD while the Donchian20 signal remains 1.,0.0,0.0,22695.99,22695.99,11162.53,-10.45,-5.94
2023-07-24,369.39,32.89,19.83,318.67,15.92,34.64,29.94,62.7,1,1,QLD,Hold QLD,No action,,Hold QLD while the Donchian20 signal remains 1.,0.0,0.0,22767.98,22767.98,11180.36,-10.16,-5.79
2023-07-25,371.89,33.35,19.71,319.2,16.51,34.64,29.94,72.39,1,1,QLD,Hold QLD,No action,,Hold QLD while the Donchian20 signal remains 1.,0.0,0.0,23083.35,23083.35,11256.14,-8.92,-5.15
2023-07-26,370.66,33.11,18.99,319.71,15.94,34.64,30.93,58.8,1,1,QLD,Hold QLD,No action,,Hold QLD while the Donchian20 signal remains 1.,0.0,0.0,22922.25,22922.25,11218.7,-9.55,-5.47
2023-07-27,369.77,32.93,19.83,320.21,15.48,34.64,30.93,53.87,1,1,QLD,Hold QLD,No action,,Hold QLD while the Donchian20 signal remains 1.,0.0,0.0,22795.4,22795.4,11191.95,-10.05,-5.69
2023-07-28,376.51,34.12,18.92,320.77,17.38,34.64,30.93,86.0,1,1,QLD,Hold QLD,No action,,Hold QLD while the Donchian20 signal remains 1.,0.0,0.0,23621.53,23621.53,11395.81,-6.79,-3.98
2023-07-31,376.7,34.18,19.32,321.32,17.23,34.64,31.29,86.28,1,1,QLD,Hold QLD,No action,,Hold QLD while the Donchian20 signal remains 1.,0.0,0.0,23662.66,23662.66,11401.76,-6.63,-3.93
2023-08-01,375.83,33.99,19.67,321.87,16.77,34.64,31.29,80.53,1,1,QLD,Hold QLD,No action,,Hold QLD while the Donchian20 signal remains 1.,0.0,0.0,23528.98,23528.98,11375.31,-7.16,-4.15
2023-08-02,367.58,32.48,22.13,322.32,14.04,34.64,31.29,35.69,1,1,QLD,Hold QLD,No action,,Hold QLD while the Donchian20 signal remains 1.,0.0,0.0,22486.9,22486.9,11125.68,-11.27,-6.25
2023-08-03,366.99,32.36,22.08,322.77,13.7,34.64,31.29,32.15,1,1,QLD,Hold QLD,No action,,Hold QLD while the Donchian20 signal remains 1.,0.0,0.0,22404.63,22404.63,11107.86,-11.59,-6.4
2023-08-04,365.27,32.05,22.02,323.19,13.02,34.64,31.29,22.86,1,1,QLD,Hold QLD,No action,,Hold QLD while the Donchian20 signal remains 1.,0.0,0.0,22188.67,22188.67,11055.85,-12.45,-6.84
2023-08-07,368.37,32.6,20.82,323.64,13.82,34.64,31.32,38.36,1,1,QLD,Hold QLD,No action,,Hold QLD while the Donchian20 signal remains 1.,0.0,0.0,22565.74,22565.74,11149.46,-10.96,-6.05
2023-08-08,365.24,32.03,21.07,324.05,12.71,34.64,31.61,13.73,1,1,QLD,Hold QLD,No action,,Hold QLD while the Donchian20 signal remains 1.,0.0,0.0,22171.54,22171.54,11054.66,-12.51,-6.85
2023-08-09,361.22,31.31,21.5,324.42,11.34,34.64,32.03,-27.27,1,0,QQQ,Hold QQQ,Reduce QLD to QQQ,QLD->QQQ_on_Donchian_exit,QLD closed below its prior 20-day low; the signal changed to 0 and the account reduced to QQQ.,0.0,21677.92,0.0,21677.92,10933.12,-14.46,-7.88
2023-08-10,361.89,31.42,21.03,324.79,11.42,34.64,31.31,3.12,0,0,QQQ,Hold QQQ,No action,,Hold QQQ after the Donchian exit while QQQ remains at or above EMA200.,0.0,21717.98,0.0,21717.98,10953.33,-14.3,-7.71
2023-08-11,359.58,31.01,20.45,325.14,10.59,34.64,31.31,-9.23,0,0,QQQ,Hold QQQ,No action,,Hold QQQ after the Donchian exit while QQQ remains at or above EMA200.,0.0,21579.52,0.0,21579.52,10883.49,-14.85,-8.29
2023-08-14,363.62,31.71,20.2,325.52,11.7,34.64,31.01,19.35,0,0,QQQ,Hold QQQ,No action,,Hold QQQ after the Donchian exit while QQQ remains at or above EMA200.,0.0,21821.69,0.0,21821.69,11005.63,-13.9,-7.26
2023-08-15,359.76,31.02,21.37,325.86,10.4,34.64,31.01,0.41,0,0,QQQ,Hold QQQ,No action,,Hold QQQ after the Donchian exit while QQQ remains at or above EMA200.,0.0,21590.13,0.0,21590.13,10888.84,-14.81,-8.25
2023-08-16,355.95,30.35,22.08,326.16,9.13,34.55,31.01,-18.58,0,0,QQQ,Hold QQQ,No action,,Hold QQQ after the Donchian exit while QQQ remains at or above EMA200.,0.0,21361.51,0.0,21361.51,10773.54,-15.71,-9.22
2023-08-17,352.06,29.67,22.71,326.42,7.85,34.18,30.35,-17.7,0,0,QQQ,Hold QQQ,No action,,Hold QQQ after the Donchian exit while QQQ remains at or above EMA200.,0.0,21128.18,0.0,21128.18,10655.86,-16.63,-10.21
2023-08-18,351.62,29.59,22.01,326.67,7.64,34.18,29.67,-1.76,0,0,QQQ,Hold QQQ,No action,,Hold QQQ after the Donchian exit while QQQ remains at or above EMA200.,0.0,21101.67,0.0,21101.67,10642.49,-16.74,-10.32
2023-08-21,357.28,30.55,21.89,326.98,9.27,34.18,29.59,20.93,0,0,QQQ,Hold QQQ,No action,,Hold QQQ after the Donchian exit while QQQ remains at or above EMA200.,0.0,21441.64,0.0,21441.64,10813.96,-15.39,-8.88
2023-08-22,356.77,30.46,21.82,327.27,9.01,34.18,29.59,18.88,0,0,QQQ,Hold QQQ,No action,,Hold QQQ after the Donchian exit while QQQ remains at or above EMA200.,0.0,21411.0,0.0,21411.0,10798.5,-15.52,-9.01
2023-08-23,362.4,31.41,21.36,327.62,10.61,34.18,29.59,39.59,0,0,QQQ,Hold QQQ,No action,,Hold QQQ after the Donchian exit while QQQ remains at or above EMA200.,0.0,21748.63,0.0,21748.63,10968.78,-14.18,-7.57
2023-08-24,354.65,30.03,22.58,327.89,8.16,34.18,29.59,9.49,0,0,QQQ,Hold QQQ,No action,,Hold QQQ after the Donchian exit while QQQ remains at or above EMA200.,0.0,21283.74,0.0,21283.74,10734.32,-16.02,-9.55
2023-08-25,357.4,30.52,20.88,328.18,8.9,34.18,29.59,20.17,0,0,QQQ,Hold QQQ,No action,,Hold QQQ after the Donchian exit while QQQ remains at or above EMA200.,0.0,21448.71,0.0,21448.71,10817.52,-15.37,-8.85
2023-08-28,360.09,30.98,20.39,328.5,9.62,34.18,29.59,30.2,0,0,QQQ,Hold QQQ,No action,,Hold QQQ after the Donchian exit while QQQ remains at or above EMA200.,0.0,21610.16,0.0,21610.16,10898.95,-14.73,-8.16
2023-08-29,367.96,32.31,19.33,328.89,11.88,33.99,29.59,61.71,0,0,QQQ,Hold QQQ,No action,,Hold QQQ after the Donchian exit while QQQ remains at or above EMA200.,0.0,22082.12,0.0,22082.12,11136.98,-12.87,-6.16
2023-08-30,370.01,32.66,19.07,329.3,12.36,32.6,29.59,102.14,0,1,QLD,Hold QLD,Buy QLD,toQLD,QLD closed above its prior 20-day high; the signal changed to 1 and the account moved fully into QLD.,0.0,0.0,22205.27,22205.27,11199.09,-12.38,-5.63
2023-08-31,371.12,32.82,18.74,329.72,12.56,32.66,29.59,105.16,1,1,QLD,Hold QLD,No action,,Hold QLD while the Donchian20 signal remains 1.,0.0,0.0,22313.0,22313.0,11232.66,-11.96,-5.35
2023-09-01,370.72,32.78,18.41,330.13,12.3,32.82,29.59,98.62,1,1,QLD,Hold QLD,No action,,Hold QLD while the Donchian20 signal remains 1.,0.0,0.0,22282.7,22282.7,11220.78,-12.08,-5.45
2023-09-05,371.2,32.84,19.4,330.54,12.3,32.82,29.59,100.46,1,1,QLD,Hold QLD,No action,,Hold QLD while the Donchian20 signal remains 1.,0.0,0.0,22323.1,22323.1,11235.04,-11.92,-5.33
2023-09-06,367.93,32.26,19.79,330.91,11.19,32.84,29.59,82.14,1,1,QLD,Hold QLD,No action,,Hold QLD while the Donchian20 signal remains 1.,0.0,0.0,21929.22,21929.22,11136.08,-13.47,-6.17
2023-09-07,365.29,31.77,19.95,331.25,10.28,32.84,29.59,67.18,1,1,QLD,Hold QLD,No action,,Hold QLD while the Donchian20 signal remains 1.,0.0,0.0,21599.31,21599.31,11056.44,-14.77,-6.84
2023-09-08,365.8,31.84,19.15,331.59,10.32,32.84,29.59,69.47,1,1,QLD,Hold QLD,No action,,Hold QLD while the Donchian20 signal remains 1.,0.0,0.0,21649.8,21649.8,11071.9,-14.57,-6.71
2023-09-11,370.12,32.6,18.84,331.98,11.49,32.84,29.59,92.67,1,1,QLD,Hold QLD,No action,,Hold QLD while the Donchian20 signal remains 1.,0.0,0.0,22161.5,22161.5,11202.36,-12.55,-5.61
2023-09-12,366.01,31.87,19.21,332.32,10.14,32.84,29.59,70.38,1,1,QLD,Hold QLD,No action,,Hold QLD while the Donchian20 signal remains 1.,0.0,0.0,21670.0,21670.0,11078.14,-14.49,-6.65
2023-09-13,367.41,32.11,18.07,332.67,10.44,32.84,29.59,77.56,1,1,QLD,Hold QLD,No action,,Hold QLD while the Donchian20 signal remains 1.,0.0,0.0,21828.22,21828.22,11120.34,-13.87,-6.3
2023-09-14,370.41,32.62,17.25,333.04,11.22,32.84,29.59,93.28,1,1,QLD,Hold QLD,No action,,Hold QLD while the Donchian20 signal remains 1.,0.0,0.0,22174.97,22174.97,11211.27,-12.5,-5.53
2023-09-15,364.07,31.47,18.69,333.35,9.21,32.84,29.59,58.02,1,1,QLD,Hold QLD,No action,,Hold QLD while the Donchian20 signal remains 1.,0.0,0.0,21397.31,21397.31,11019.3,-15.57,-7.15
2023-09-18,364.45,31.55,18.96,333.66,9.23,32.84,29.59,60.46,1,1,QLD,Hold QLD,No action,,Hold QLD while the Donchian20 signal remains 1.,0.0,0.0,21451.18,21451.18,11030.78,-15.36,-7.05
2023-09-19,363.67,31.41,19.21,333.96,8.9,32.84,30.03,49.38,1,1,QLD,Hold QLD,No action,,Hold QLD while the Donchian20 signal remains 1.,0.0,0.0,21356.92,21356.92,11007.28,-15.73,-7.25
2023-09-20,358.43,30.59,20.46,334.2,7.25,32.84,30.03,19.95,1,1,QLD,Hold QLD,No action,,Hold QLD while the Donchian20 signal remains 1.,0.0,0.0,20795.18,20795.18,10848.65,-17.95,-8.59
2023-09-21,351.86,29.43,22.48,334.38,5.23,32.84,30.03,-21.25,1,0,QQQ,Hold QQQ,Reduce QLD to QQQ,QLD->QQQ_on_Donchian_exit,QLD closed below its prior 20-day low; the signal changed to 0 and the account reduced to QQQ.,0.0,20008.61,0.0,20008.61,10649.86,-21.05,-10.26
2023-09-22,351.91,29.46,22.01,334.55,5.19,32.84,29.43,0.73,0,0,QQQ,Hold QQQ,No action,,Hold QQQ after the Donchian exit while QQQ remains at or above EMA200.,0.0,20011.41,0.0,20011.41,10651.35,-21.04,-10.25
2023-09-25,353.58,29.72,21.65,334.74,5.63,32.84,29.43,8.46,0,0,QQQ,Hold QQQ,No action,,Hold QQQ after the Donchian exit while QQQ remains at or above EMA200.,0.0,20106.46,0.0,20106.46,10701.94,-20.66,-9.82
2023-09-26,348.27,28.81,22.87,334.88,4.0,32.84,29.43,-18.09,0,0,QQQ,Hold QQQ,No action,,Hold QQQ after the Donchian exit while QQQ remains at or above EMA200.,0.0,19804.53,0.0,19804.53,10541.24,-21.85,-11.18
2023-09-27,349.09,28.97,22.34,335.02,4.2,32.84,28.81,3.83,0,0,QQQ,Hold QQQ,No action,,Hold QQQ after the Donchian exit while QQQ remains at or above EMA200.,0.0,19850.94,0.0,19850.94,10565.94,-21.67,-10.97
2023-09-28,352.01,29.43,21.53,335.19,5.02,32.84,28.81,15.19,0,0,QQQ,Hold QQQ,No action,,Hold QQQ after the Donchian exit while QQQ remains at or above EMA200.,0.0,20017.0,0.0,20017.0,10654.32,-21.02,-10.22
2023-09-29,352.26,29.47,21.28,335.36,5.04,32.84,28.81,16.3,0,0,QQQ,Hold QQQ,No action,,Hold QQQ after the Donchian exit while QQQ remains at or above EMA200.,0.0,20031.53,0.0,20031.53,10662.06,-20.96,-10.16
2023-10-02,355.2,29.94,21.51,335.55,5.86,32.84,28.81,28.04,0,0,QQQ,Hold QQQ,No action,,Hold QQQ after the Donchian exit while QQQ remains at or above EMA200.,0.0,20198.71,0.0,20198.71,10751.04,-20.3,-9.41
2023-10-03,348.97,28.88,23.77,335.69,3.96,32.84,28.81,1.73,0,0,QQQ,Hold QQQ,No action,,Hold QQQ after the Donchian exit while QQQ remains at or above EMA200.,0.0,19844.23,0.0,19844.23,10562.37,-21.7,-11.0
2023-10-04,353.72,29.66,22.68,335.87,5.32,32.62,28.81,22.33,0,0,QQQ,Hold QQQ,No action,,Hold QQQ after the Donchian exit while QQQ remains at or above EMA200.,0.0,20114.28,0.0,20114.28,10706.11,-20.63,-9.79
2023-10-05,352.68,29.47,22.76,336.03,4.95,32.62,28.81,17.24,0,0,QQQ,Hold QQQ,No action,,Hold QQQ after the Donchian exit while QQQ remains at or above EMA200.,0.0,20055.02,0.0,20055.02,10674.56,-20.87,-10.05
2023-10-06,358.59,30.44,21.41,336.26,6.64,32.62,28.81,42.84,0,0,QQQ,Hold QQQ,No action,,Hold QQQ after the Donchian exit while QQQ remains at or above EMA200.,0.0,20391.05,0.0,20391.05,10853.42,-19.54,-8.55
2023-10-09,360.42,30.76,21.82,336.5,7.11,32.62,28.81,51.19,0,0,QQQ,Hold QQQ,No action,,Hold QQQ after the Donchian exit while QQQ remains at or above EMA200.,0.0,20495.04,0.0,20495.04,10908.77,-19.13,-8.08
2023-10-10,362.41,31.08,21.13,336.76,7.62,32.62,28.81,59.55,0,0,QQQ,Hold QQQ,No action,,Hold QQQ after the Donchian exit while QQQ remains at or above EMA200.,0.0,20608.54,0.0,20608.54,10969.18,-18.68,-7.57
2023-10-11,365.0,31.53,20.16,337.04,8.3,32.62,28.81,71.44,0,0,QQQ,Hold QQQ,No action,,Hold QQQ after the Donchian exit while QQQ remains at or above EMA200.,0.0,20755.59,0.0,20755.59,11047.45,-18.1,-6.91
2023-10-12,363.73,31.28,20.63,337.3,7.83,32.62,28.81,64.78,0,0,QQQ,Hold QQQ,No action,,Hold QQQ after the Donchian exit while QQQ remains at or above EMA200.,0.0,20683.46,0.0,20683.46,11009.06,-18.39,-7.24
2023-10-13,359.16,30.5,22.75,337.52,6.41,31.55,28.81,61.67,0,0,QQQ,Hold QQQ,No action,,Hold QQQ after the Donchian exit while QQQ remains at or above EMA200.,0.0,20423.48,0.0,20423.48,10870.68,-19.41,-8.4
2023-10-16,363.22,31.2,21.39,337.78,7.53,31.55,28.81,87.24,0,0,QQQ,Hold QQQ,No action,,Hold QQQ after the Donchian exit while QQQ remains at or above EMA200.,0.0,20654.39,0.0,20654.39,10993.58,-18.5,-7.37
2023-10-17,362.03,30.99,21.96,338.02,7.1,31.53,28.81,80.07,0,0,QQQ,Hold QQQ,No action,,Hold QQQ after the Donchian exit while QQQ remains at or above EMA200.,0.0,20586.74,0.0,20586.74,10957.58,-18.77,-7.67
2023-10-18,357.28,30.12,23.44,338.21,5.64,31.53,28.81,47.9,0,0,QQQ,Hold QQQ,No action,,Hold QQQ after the Donchian exit while QQQ remains at or above EMA200.,0.0,20316.69,0.0,20316.69,10813.84,-19.83,-8.88
2023-10-19,353.94,29.57,24.74,338.37,4.6,31.53,28.81,27.97,0,0,QQQ,Hold QQQ,No action,,Hold QQQ after the Donchian exit while QQQ remains at or above EMA200.,0.0,20126.59,0.0,20126.59,10712.65,-20.58,-9.73
2023-10-20,348.66,28.7,25.31,338.47,3.01,31.53,28.81,-4.39,0,0,QQQ,Hold QQQ,No action,,Hold QQQ after the Donchian exit while QQQ remains at or above EMA200.,0.0,19826.34,0.0,19826.34,10552.84,-21.77,-11.08
2023-10-23,349.71,28.85,23.97,338.58,3.29,31.53,28.7,5.43,0,0,QQQ,Hold QQQ,No action,,Hold QQQ after the Donchian exit while QQQ remains at or above EMA200.,0.0,19886.16,0.0,19886.16,10584.69,-21.53,-10.81
2023-10-24,353.11,29.43,22.34,338.72,4.25,31.53,28.7,25.74,0,0,QQQ,Hold QQQ,No action,,Hold QQQ after the Donchian exit while QQQ remains at or above EMA200.,0.0,20079.62,0.0,20079.62,10687.65,-20.77,-9.94
2023-10-25,344.47,27.97,24.34,338.78,1.68,31.53,28.7,-25.74,0,0,QQQ,Hold QQQ,No action,,Hold QQQ after the Donchian exit while QQQ remains at or above EMA200.,0.0,19588.15,0.0,19588.15,10426.06,-22.71,-12.15
2023-10-26,337.9,26.89,24.85,338.77,-0.26,31.53,27.97,-30.22,0,0,Cash,Hold Cash,Sell QQQ to Cash,QQQ->Cash_below_EMA200,QQQ closed below EMA200 while held; the account moved fully to Cash.,19214.66,0.0,0.0,19214.66,10227.27,-24.18,-13.82
2023-10-27,339.52,27.15,24.44,338.78,0.22,31.53,26.89,5.56,0,0,Cash,Hold Cash,No action,,Hold Cash until QLD creates a new Donchian20 breakout; QQQ moving above EMA200 alone is not a re-entry.,19214.66,0.0,0.0,19214.66,10276.37,-24.18,-13.41
2023-10-30,343.35,27.73,23.61,338.83,1.33,31.53,26.89,18.18,0,0,Cash,Hold Cash,No action,,Hold Cash until QLD creates a new Donchian20 breakout; QQQ moving above EMA200 alone is not a re-entry.,19214.66,0.0,0.0,19214.66,10392.14,-24.18,-12.43
2023-10-31,344.99,28.02,22.46,338.89,1.8,31.53,26.89,24.28,0,0,Cash,Hold Cash,No action,,Hold Cash until QLD creates a new Donchian20 breakout; QQQ moving above EMA200 alone is not a re-entry.,19214.66,0.0,0.0,19214.66,10441.84,-24.18,-12.02
2023-11-01,350.98,28.99,20.68,339.01,3.53,31.53,26.89,45.24,0,0,Cash,Hold Cash,No action,,Hold Cash until QLD creates a new Donchian20 breakout; QQQ moving above EMA200 alone is not a re-entry.,19214.66,0.0,0.0,19214.66,10623.08,-24.18,-10.49
2023-11-02,357.35,30.02,19.54,339.19,5.35,31.53,26.89,67.38,0,0,Cash,Hold Cash,No action,,Hold Cash until QLD creates a new Donchian20 breakout; QQQ moving above EMA200 alone is not a re-entry.,19214.66,0.0,0.0,19214.66,10815.92,-24.18,-8.86
2023-11-03,361.55,30.71,18.62,339.41,6.52,31.53,26.89,82.35,0,0,Cash,Hold Cash,No action,,Hold Cash until QLD creates a new Donchian20 breakout; QQQ moving above EMA200 alone is not a re-entry.,19214.66,0.0,0.0,19214.66,10942.99,-24.18,-7.79
2023-11-06,363.02,30.95,18.65,339.65,6.88,31.53,26.89,87.49,0,0,Cash,Hold Cash,No action,,Hold Cash until QLD creates a new Donchian20 breakout; QQQ moving above EMA200 alone is not a re-entry.,19214.66,0.0,0.0,19214.66,10987.63,-24.18,-7.42
2023-11-07,366.45,31.53,18.45,339.91,7.81,31.53,26.89,99.89,0,0,Cash,Hold Cash,No action,,Hold Cash until QLD creates a new Donchian20 breakout; QQQ moving above EMA200 alone is not a re-entry.,19214.66,0.0,0.0,19214.66,11091.5,-24.18,-6.54
2023-11-08,366.69,31.58,18.16,340.18,7.79,31.53,26.89,100.96,0,1,QLD,Hold QLD,Buy QLD,toQLD,QLD closed above its prior 20-day high; the signal changed to 1 and the account moved fully into QLD.,0.0,0.0,19214.66,19214.66,11098.64,-24.18,-6.48
2023-11-09,363.87,31.07,19.01,340.42,6.89,31.58,26.89,89.3,1,1,QLD,Hold QLD,No action,,Hold QLD while the Donchian20 signal remains 1.,0.0,0.0,18909.48,18909.48,11013.23,-25.39,-7.2
2023-11-10,372.05,32.43,17.95,340.73,9.19,31.58,26.89,118.33,1,1,QLD,Hold QLD,No action,,Hold QLD while the Donchian20 signal remains 1.,0.0,0.0,19737.41,19737.41,11260.83,-22.12,-5.11
2023-11-13,370.89,32.24,18.82,341.03,8.75,32.43,26.89,96.51,1,1,QLD,Hold QLD,No action,,Hold QLD while the Donchian20 signal remains 1.,0.0,0.0,19619.56,19619.56,11225.71,-22.58,-5.41
2023-11-14,378.87,33.62,17.89,341.41,10.97,32.43,26.89,121.31,1,1,QLD,Hold QLD,No action,,Hold QLD while the Donchian20 signal remains 1.,0.0,0.0,20456.56,20456.56,11467.36,-19.28,-3.37
2023-11-15,379.16,33.66,18.09,341.78,10.93,33.62,26.89,100.66,1,1,QLD,Hold QLD,No action,,Hold QLD while the Donchian20 signal remains 1.,0.0,0.0,20483.75,20483.75,11475.99,-19.17,-3.3
2023-11-16,379.48,33.72,17.83,342.16,10.91,33.66,26.89,100.88,1,1,QLD,Hold QLD,No action,,Hold QLD while the Donchian20 signal remains 1.,0.0,0.0,20520.01,20520.01,11485.81,-19.03,-3.22
2023-11-17,379.57,33.72,17.41,342.53,10.81,33.72,26.89,99.93,1,1,QLD,Hold QLD,No action,,Hold QLD while the Donchian20 signal remains 1.,0.0,0.0,20516.99,20516.99,11488.49,-19.04,-3.2
2023-11-20,384.19,34.54,17.14,342.94,12.03,33.72,26.89,111.99,1,1,QLD,Hold QLD,No action,,Hold QLD while the Donchian20 signal remains 1.,0.0,0.0,21018.59,21018.59,11628.36,-17.06,-2.02
2023-11-21,381.96,34.1,17.55,343.33,11.25,34.54,26.89,94.22,1,1,QLD,Hold QLD,No action,,Hold QLD while the Donchian20 signal remains 1.,0.0,0.0,20749.66,20749.66,11560.81,-18.13,-2.59
2023-11-22,383.52,34.39,16.66,343.73,11.58,34.54,26.89,98.05,1,1,QLD,Hold QLD,No action,,Hold QLD while the Donchian20 signal remains 1.,0.0,0.0,20927.94,20927.94,11608.13,-17.42,-2.19
2023-11-24,382.98,34.27,16.12,344.12,11.29,34.54,26.89,96.5,1,1,QLD,Hold QLD,No action,,Hold QLD while the Donchian20 signal remains 1.,0.0,0.0,20855.42,20855.42,11591.76,-17.71,-2.33
2023-11-27,382.65,34.21,16.44,344.51,11.07,34.54,27.15,95.57,1,1,QLD,Hold QLD,No action,,Hold QLD while the Donchian20 signal remains 1.,0.0,0.0,20819.16,20819.16,11581.64,-17.85,-2.41
2023-11-28,383.65,34.38,16.15,344.9,11.24,34.54,27.73,97.67,1,1,QLD,Hold QLD,No action,,Hold QLD while the Donchian20 signal remains 1.,0.0,0.0,20921.89,20921.89,11612.0,-17.45,-2.16
2023-11-29,383.28,34.3,16.52,345.28,11.0,34.54,28.02,96.35,1,1,QLD,Hold QLD,No action,,Hold QLD while the Donchian20 signal remains 1.,0.0,0.0,20873.55,20873.55,11600.69,-17.64,-2.25
2023-11-30,382.31,34.12,16.72,345.65,10.61,34.54,28.99,92.4,1,1,QLD,Hold QLD,No action,,Hold QLD while the Donchian20 signal remains 1.,0.0,0.0,20761.74,20761.74,11571.52,-18.08,-2.5
2023-12-01,383.4,34.32,16.21,346.02,10.8,34.54,30.02,95.06,1,1,QLD,Hold QLD,No action,,Hold QLD while the Donchian20 signal remains 1.,0.0,0.0,20882.61,20882.61,11604.56,-17.6,-2.22
2023-12-04,379.84,33.66,17.21,346.36,9.67,34.54,30.71,76.91,1,1,QLD,Hold QLD,No action,,Hold QLD while the Donchian20 signal remains 1.,0.0,0.0,20480.73,20480.73,11496.83,-19.19,-3.13
2023-12-05,380.8,33.82,16.99,346.7,9.83,34.54,30.95,79.94,1,1,QLD,Hold QLD,No action,,Hold QLD while the Donchian20 signal remains 1.,0.0,0.0,20580.45,20580.45,11525.69,-18.79,-2.88
2023-12-06,378.6,33.43,17.03,347.02,9.1,34.54,31.07,67.91,1,1,QLD,Hold QLD,No action,,Hold QLD while the Donchian20 signal remains 1.,0.0,0.0,20341.73,20341.73,11459.03,-19.73,-3.44
2023-12-07,383.89,34.37,17.08,347.39,10.51,34.54,31.07,94.99,1,1,QLD,Hold QLD,No action,,Hold QLD while the Donchian20 signal remains 1.,0.0,0.0,20912.82,20912.82,11619.14,-17.48,-2.09
2023-12-08,385.6,34.63,15.94,347.77,10.88,34.54,31.07,102.72,1,1,QLD,Hold QLD,No action,,Hold QLD while the Donchian20 signal remains 1.,0.0,0.0,21076.0,21076.0,11670.92,-16.84,-1.66
2023-12-11,388.89,35.23,16.27,348.17,11.69,34.63,32.24,124.9,1,1,QLD,Hold QLD,No action,,Hold QLD while the Donchian20 signal remains 1.,0.0,0.0,21438.59,21438.59,11770.61,-15.41,-0.82
2023-12-12,391.99,35.79,15.38,348.61,12.44,35.23,32.24,118.77,1,1,QLD,Hold QLD,No action,,Hold QLD while the Donchian20 signal remains 1.,0.0,0.0,21780.04,21780.04,11864.36,-14.06,-0.03
2023-12-13,396.97,36.69,15.35,349.09,13.72,35.79,33.43,137.81,1,1,QLD,Hold QLD,No action,,Hold QLD while the Donchian20 signal remains 1.,0.0,0.0,22323.94,22323.94,12015.24,-11.91,0.0
2023-12-14,396.63,36.61,15.42,349.57,13.46,36.69,33.43,97.56,1,1,QLD,Hold QLD,No action,,Hold QLD while the Donchian20 signal remains 1.,0.0,0.0,22275.59,22275.59,12004.83,-12.1,-0.09
2023-12-15,398.55,36.87,15.47,350.05,13.85,36.69,33.43,105.79,1,1,QLD,Hold QLD,No action,,Hold QLD while the Donchian20 signal remains 1.,0.0,0.0,22438.76,22438.76,12062.86,-11.46,0.0
2023-12-18,401.06,37.41,15.87,350.56,14.4,36.87,33.43,115.56,1,1,QLD,Hold QLD,No action,,Hold QLD while the Donchian20 signal remains 1.,0.0,0.0,22765.1,22765.1,12138.84,-10.17,0.0
2023-12-19,403.1,37.78,15.8,351.08,14.82,37.41,33.43,109.23,1,1,QLD,Hold QLD,No action,,Hold QLD while the Donchian20 signal remains 1.,0.0,0.0,22988.7,22988.7,12200.86,-9.29,0.0
2023-12-20,397.11,36.64,16.98,351.54,12.96,37.78,33.43,73.81,1,1,QLD,Hold QLD,No action,,Hold QLD while the Donchian20 signal remains 1.,0.0,0.0,22295.43,22295.43,12019.56,-12.03,-1.49
2023-12-21,401.74,37.49,17.18,352.04,14.12,37.78,33.43,93.35,1,1,QLD,Hold QLD,No action,,Hold QLD while the Donchian20 signal remains 1.,0.0,0.0,22812.66,22812.66,12159.41,-9.98,-0.34
2023-12-22,402.34,37.59,16.62,352.54,14.12,37.78,33.43,95.75,1,1,QLD,Hold QLD,No action,,Hold QLD while the Donchian20 signal remains 1.,0.0,0.0,22876.18,22876.18,12177.6,-9.73,-0.19
2023-12-26,404.8,38.03,17.0,353.06,14.65,37.78,33.43,105.81,1,1,QLD,Hold QLD,No action,,Hold QLD while the Donchian20 signal remains 1.,0.0,0.0,23142.36,23142.36,12252.15,-8.68,0.0
2023-12-27,405.62,38.17,16.22,353.58,14.72,38.03,33.43,103.13,1,1,QLD,Hold QLD,No action,,Hold QLD while the Donchian20 signal remains 1.,0.0,0.0,23230.08,23230.08,12277.09,-8.34,0.0
2023-12-28,405.43,38.1,16.36,354.1,14.5,38.17,33.43,98.53,1,1,QLD,Hold QLD,No action,,Hold QLD while the Donchian20 signal remains 1.,0.0,0.0,23187.73,23187.73,12271.12,-8.5,-0.05
2023-12-29,403.67,37.78,16.2,354.59,13.84,38.17,33.43,91.62,1,1,QLD,Hold QLD,No action,,Hold QLD while the Donchian20 signal remains 1.,0.0,0.0,22988.1,22988.1,12218.02,-9.29,-0.48
2024-01-02,396.84,36.5,17.59,355.01,11.78,38.17,33.43,64.81,1,1,QLD,Hold QLD,No action,,Hold QLD while the Donchian20 signal remains 1.,0.0,0.0,22213.76,22213.76,12011.26,-12.35,-2.17
2024-01-03,392.64,35.72,18.02,355.39,10.48,38.17,33.43,48.37,1,1,QLD,Hold QLD,No action,,Hold QLD while the Donchian20 signal remains 1.,0.0,0.0,21738.88,21738.88,11884.16,-14.22,-3.2
2024-01-04,390.62,35.33,17.89,355.74,9.81,38.17,33.43,40.1,1,1,QLD,Hold QLD,No action,,Hold QLD while the Donchian20 signal remains 1.,0.0,0.0,21499.92,21499.92,11823.0,-15.16,-3.7
2024-01-05,391.08,35.42,17.13,356.09,9.83,38.17,33.43,41.98,1,1,QLD,Hold QLD,No action,,Hold QLD while the Donchian20 signal remains 1.,0.0,0.0,21554.37,21554.37,11837.03,-14.95,-3.58
2024-01-08,399.17,36.87,16.86,356.52,11.96,38.17,34.37,65.8,1,1,QLD,Hold QLD,No action,,Hold QLD while the Donchian20 signal remains 1.,0.0,0.0,22437.59,22437.59,12081.67,-11.46,-1.59
2024-01-09,399.96,37.02,16.55,356.95,12.05,38.17,34.63,67.28,1,1,QLD,Hold QLD,No action,,Hold QLD while the Donchian20 signal remains 1.,0.0,0.0,22525.31,22525.31,12105.54,-11.12,-1.4
2024-01-10,402.67,37.5,16.6,357.41,12.66,38.17,35.23,77.04,1,1,QLD,Hold QLD,No action,,Hold QLD while the Donchian20 signal remains 1.,0.0,0.0,22818.71,22818.71,12187.59,-9.96,-0.73
2024-01-11,403.5,37.62,16.4,357.86,12.75,38.17,35.33,80.42,1,1,QLD,Hold QLD,No action,,Hold QLD while the Donchian20 signal remains 1.,0.0,0.0,22891.3,22891.3,12212.95,-9.67,-0.52
2024-01-12,403.71,37.67,16.54,358.32,12.67,38.17,35.33,82.17,1,1,QLD,Hold QLD,No action,,Hold QLD while the Donchian20 signal remains 1.,0.0,0.0,22921.55,22921.55,12219.21,-9.56,-0.47
2024-01-16,403.67,37.65,17.87,358.77,12.51,38.17,35.33,81.64,1,1,QLD,Hold QLD,No action,,Hold QLD while the Donchian20 signal remains 1.,0.0,0.0,22912.48,22912.48,12218.02,-9.59,-0.48
2024-01-17,401.39,37.21,18.7,359.2,11.75,38.17,35.33,66.08,1,1,QLD,Hold QLD,No action,,Hold QLD while the Donchian20 signal remains 1.,0.0,0.0,22643.27,22643.27,12149.1,-10.65,-1.04
2024-01-18,407.09,38.27,17.95,359.67,13.18,38.17,35.33,103.5,1,1,QLD,Hold QLD,No action,,Hold QLD while the Donchian20 signal remains 1.,0.0,0.0,23290.57,23290.57,12321.55,-8.1,0.0
2024-01-19,415.17,39.76,17.4,360.22,15.25,38.27,35.33,150.51,1,1,QLD,Hold QLD,No action,,Hold QLD while the Donchian20 signal remains 1.,0.0,0.0,24194.97,24194.97,12565.9,-4.53,0.0
2024-01-22,415.71,39.86,17.2,360.78,15.23,39.76,35.33,102.24,1,1,QLD,Hold QLD,No action,,Hold QLD while the Donchian20 signal remains 1.,0.0,0.0,24255.47,24255.47,12582.3,-4.29,0.0
2024-01-23,417.43,40.18,16.55,361.34,15.52,39.86,35.33,107.03,1,1,QLD,Hold QLD,No action,,Hold QLD while the Donchian20 signal remains 1.,0.0,0.0,24449.05,24449.05,12634.52,-3.53,0.0
2024-01-24,419.75,40.6,16.96,361.92,15.98,40.18,35.33,108.82,1,1,QLD,Hold QLD,No action,,Hold QLD while the Donchian20 signal remains 1.,0.0,0.0,24709.18,24709.18,12704.63,-2.5,0.0
2024-01-25,420.26,40.68,17.26,362.5,15.93,40.6,35.33,101.51,1,1,QLD,Hold QLD,No action,,Hold QLD while the Donchian20 signal remains 1.,0.0,0.0,24757.57,24757.57,12720.14,-2.31,0.0
2024-01-26,417.76,40.19,17.03,363.05,15.07,40.68,35.33,90.72,1,1,QLD,Hold QLD,No action,,Hold QLD while the Donchian20 signal remains 1.,0.0,0.0,24455.1,24455.1,12644.36,-3.5,-0.6
2024-01-29,422.04,41.02,17.39,363.64,16.06,40.68,35.33,106.31,1,1,QLD,Hold QLD,No action,,Hold QLD while the Donchian20 signal remains 1.,0.0,0.0,24963.26,24963.26,12773.84,-1.5,0.0
2024-01-30,419.23,40.45,17.57,364.19,15.11,41.02,35.33,89.96,1,1,QLD,Hold QLD,No action,,Hold QLD while the Donchian20 signal remains 1.,0.0,0.0,24615.41,24615.41,12688.81,-2.87,-0.67
2024-01-31,411.02,38.87,18.25,364.66,12.71,41.02,35.33,62.18,1,1,QLD,Hold QLD,No action,,Hold QLD while the Donchian20 signal remains 1.,0.0,0.0,23653.54,23653.54,12440.29,-6.67,-2.61
2024-02-01,415.86,39.79,17.33,365.17,13.88,41.02,35.33,78.43,1,1,QLD,Hold QLD,No action,,Hold QLD while the Donchian20 signal remains 1.,0.0,0.0,24216.14,24216.14,12586.78,-4.45,-1.46
2024-02-02,422.88,41.13,17.22,365.74,15.62,41.02,35.33,101.83,1,1,QLD,Hold QLD,No action,,Hold QLD while the Donchian20 signal remains 1.,0.0,0.0,25026.78,25026.78,12799.5,-1.25,0.0
2024-02-05,422.33,40.98,17.57,366.3,15.3,41.13,35.42,97.39,1,1,QLD,Hold QLD,No action,,Hold QLD while the Donchian20 signal remains 1.,0.0,0.0,24936.03,24936.03,12782.79,-1.61,-0.13
2024-02-06,421.48,40.83,17.31,366.85,14.89,41.13,36.87,92.99,1,1,QLD,Hold QLD,No action,,Hold QLD while the Donchian20 signal remains 1.,0.0,0.0,24845.29,24845.29,12757.14,-1.96,-0.33
2024-02-07,425.82,41.65,16.94,367.44,15.89,41.13,37.02,112.7,1,1,QLD,Hold QLD,No action,,Hold QLD while the Donchian20 signal remains 1.,0.0,0.0,25344.37,25344.37,12888.41,0.0,0.0
2024-02-08,426.61,41.78,16.96,368.03,15.92,41.65,37.21,103.02,1,1,QLD,Hold QLD,No action,,Hold QLD while the Donchian20 signal remains 1.,0.0,0.0,25426.05,25426.05,12912.28,0.0,0.0
2024-02-09,430.81,42.59,16.86,368.65,16.86,41.78,37.21,117.61,1,1,QLD,Hold QLD,No action,,Hold QLD while the Donchian20 signal remains 1.,0.0,0.0,25916.05,25916.05,13039.38,0.0,0.0
2024-02-12,429.12,42.24,18.09,369.26,16.21,42.59,37.21,93.53,1,1,QLD,Hold QLD,No action,,Hold QLD while the Donchian20 signal remains 1.,0.0,0.0,25704.32,25704.32,12988.36,-0.82,-0.39
2024-02-13,422.43,40.91,19.49,369.78,14.24,42.59,37.21,68.85,1,1,QLD,Hold QLD,No action,,Hold QLD while the Donchian20 signal remains 1.,0.0,0.0,24896.71,24896.71,12785.78,-3.93,-1.94
2024-02-14,427.03,41.81,18.26,370.35,15.3,42.59,37.21,85.58,1,1,QLD,Hold QLD,No action,,Hold QLD while the Donchian20 signal remains 1.,0.0,0.0,25444.19,25444.19,12925.11,-1.82,-0.88
2024-02-15,428.3,42.02,17.85,370.93,15.47,42.59,38.27,86.87,1,1,QLD,Hold QLD,No action,,Hold QLD while the Donchian20 signal remains 1.,0.0,0.0,25571.23,25571.23,12963.6,-1.33,-0.58
2024-02-16,424.42,41.26,18.6,371.46,14.26,42.59,38.87,64.3,1,1,QLD,Hold QLD,No action,,Hold QLD while the Donchian20 signal remains 1.,0.0,0.0,25108.44,25108.44,12846.04,-3.12,-1.48
2024-02-20,421.22,40.63,19.78,371.96,13.24,42.59,38.87,47.33,1,1,QLD,Hold QLD,No action,,Hold QLD while the Donchian20 signal remains 1.,0.0,0.0,24724.3,24724.3,12749.08,-4.6,-2.23
2024-02-21,419.53,40.29,19.6,372.43,12.65,42.59,38.87,38.24,1,1,QLD,Hold QLD,No action,,Hold QLD while the Donchian20 signal remains 1.,0.0,0.0,24518.62,24518.62,12698.06,-5.39,-2.62
2024-02-22,431.81,42.64,18.39,373.02,15.76,42.59,38.87,101.47,1,1,QLD,Hold QLD,No action,,Hold QLD while the Donchian20 signal remains 1.,0.0,0.0,25949.33,25949.33,13069.81,0.0,0.0
2024-02-23,430.54,42.37,17.7,373.59,15.24,42.64,38.87,92.75,1,1,QLD,Hold QLD,No action,,Hold QLD while the Donchian20 signal remains 1.,0.0,0.0,25782.97,25782.97,13031.32,-0.64,-0.29
2024-02-26,430.32,42.32,17.83,374.16,15.01,42.64,38.87,91.44,1,1,QLD,Hold QLD,No action,,Hold QLD while the Donchian20 signal remains 1.,0.0,0.0,25752.72,25752.72,13024.46,-0.76,-0.35
2024-02-27,431.35,42.52,17.58,374.73,15.11,42.64,38.87,96.84,1,1,QLD,Hold QLD,No action,,Hold QLD while the Donchian20 signal remains 1.,0.0,0.0,25876.73,25876.73,13055.79,-0.28,-0.11
2024-02-28,429.05,42.04,17.86,375.27,14.33,42.64,38.87,84.06,1,1,QLD,Hold QLD,No action,,Hold QLD while the Donchian20 signal remains 1.,0.0,0.0,25583.33,25583.33,12986.27,-1.41,-0.64
2024-02-29,432.73,42.77,17.21,375.84,15.14,42.64,38.87,103.29,1,1,QLD,Hold QLD,No action,,Hold QLD while the Donchian20 signal remains 1.,0.0,0.0,26024.94,26024.94,13097.55,0.0,0.0
2024-03-01,439.25,44.04,17.2,376.47,16.67,42.77,39.79,142.98,1,1,QLD,Hold QLD,No action,,Hold QLD while the Donchian20 signal remains 1.,0.0,0.0,26802.3,26802.3,13294.76,0.0,0.0
2024-03-04,437.68,43.69,17.6,377.08,16.07,44.04,40.29,90.46,1,1,QLD,Hold QLD,No action,,Hold QLD while the Donchian20 signal remains 1.,0.0,0.0,26584.52,26584.52,13247.33,-0.81,-0.36
2024-03-05,429.82,42.13,18.46,377.61,13.83,44.04,40.29,49.01,1,1,QLD,Hold QLD,No action,,Hold QLD while the Donchian20 signal remains 1.,0.0,0.0,25637.78,25637.78,13009.54,-4.34,-2.15
2024-03-06,432.52,42.65,18.54,378.15,14.38,44.04,40.29,62.78,1,1,QLD,Hold QLD,No action,,Hold QLD while the Donchian20 signal remains 1.,0.0,0.0,25952.35,25952.35,13091.29,-3.17,-1.53
2024-03-07,439.09,43.93,18.61,378.76,15.93,44.04,40.29,96.95,1,1,QLD,Hold QLD,No action,,Hold QLD while the Donchian20 signal remains 1.,0.0,0.0,26732.74,26732.74,13289.99,-0.26,-0.04
2024-03-08,432.75,42.63,19.04,379.3,14.09,44.04,40.29,62.25,1,1,QLD,Hold QLD,No action,,Hold QLD while the Donchian20 signal remains 1.,0.0,0.0,25940.25,25940.25,13098.15,-3.22,-1.48
2024-03-11,431.14,42.3,19.37,379.81,13.52,44.04,40.29,53.64,1,1,QLD,Hold QLD,No action,,Hold QLD while the Donchian20 signal remains 1.,0.0,0.0,25743.64,25743.64,13049.52,-3.95,-1.84
2024-03-12,437.32,43.53,18.13,380.38,14.97,44.04,40.29,86.36,1,1,QLD,Hold QLD,No action,,Hold QLD while the Donchian20 signal remains 1.,0.0,0.0,26490.76,26490.76,13236.59,-1.16,-0.44
2024-03-13,433.96,42.83,17.91,380.92,13.93,44.04,40.29,67.55,1,1,QLD,Hold QLD,No action,,Hold QLD while the Donchian20 signal remains 1.,0.0,0.0,26061.25,26061.25,13134.85,-2.76,-1.2
2024-03-14,432.87,42.6,18.61,381.43,13.48,44.04,40.29,61.59,1,1,QLD,Hold QLD,No action,,Hold QLD while the Donchian20 signal remains 1.,0.0,0.0,25925.13,25925.13,13101.73,-3.27,-1.45
2024-03-15,427.72,41.57,19.25,381.89,12.0,44.04,40.29,34.17,1,1,QLD,Hold QLD,No action,,Hold QLD while the Donchian20 signal remains 1.,0.0,0.0,25299.0,25299.0,12945.99,-5.61,-2.62
2024-03-18,431.8,42.36,19.4,382.39,12.92,44.04,40.29,55.1,1,1,QLD,Hold QLD,No action,,Hold QLD while the Donchian20 signal remains 1.,0.0,0.0,25776.92,25776.92,13069.47,-3.83,-1.69
2024-03-19,432.88,42.56,18.78,382.89,13.05,44.04,40.29,60.4,1,1,QLD,Hold QLD,No action,,Hold QLD while the Donchian20 signal remains 1.,0.0,0.0,25897.9,25897.9,13102.03,-3.37,-1.45
2024-03-20,438.01,43.57,17.55,383.44,14.23,44.04,40.29,87.37,1,1,QLD,Hold QLD,No action,,Hold QLD while the Donchian20 signal remains 1.,0.0,0.0,26513.83,26513.83,13257.37,-1.08,-0.28
2024-03-21,440.08,43.95,17.38,384.01,14.6,44.04,41.57,96.11,1,1,QLD,Hold QLD,No action,,Hold QLD while the Donchian20 signal remains 1.,0.0,0.0,26743.87,26743.87,13320.11,-0.22,0.0
2024-03-22,440.59,44.02,17.04,384.57,14.57,44.04,41.57,99.13,1,1,QLD,Hold QLD,No action,,Hold QLD while the Donchian20 signal remains 1.,0.0,0.0,26789.27,26789.27,13335.35,-0.05,0.0
2024-03-25,438.99,43.71,17.23,385.11,13.99,44.04,41.57,86.65,1,1,QLD,Hold QLD,No action,,Hold QLD while the Donchian20 signal remains 1.,0.0,0.0,26601.61,26601.61,13286.95,-0.75,-0.36
2024-03-26,437.57,43.43,17.1,385.63,13.47,44.04,41.57,75.17,1,1,QLD,Hold QLD,No action,,Hold QLD while the Donchian20 signal remains 1.,0.0,0.0,26429.09,26429.09,13243.93,-1.39,-0.69
2024-03-27,439.06,43.72,16.61,386.16,13.7,44.04,41.57,86.85,1,1,QLD,Hold QLD,No action,,Hold QLD while the Donchian20 signal remains 1.,0.0,0.0,26604.64,26604.64,13289.04,-0.74,-0.35
2024-03-28,438.25,43.51,16.66,386.68,13.34,44.04,41.57,78.4,1,1,QLD,Hold QLD,No action,,Hold QLD while the Donchian20 signal remains 1.,0.0,0.0,26477.52,26477.52,13264.54,-1.21,-0.53
2024-04-01,439.18,43.71,17.56,387.2,13.42,44.04,41.57,86.65,1,1,QLD,Hold QLD,No action,,Hold QLD while the Donchian20 signal remains 1.,0.0,0.0,26601.61,26601.61,13292.63,-0.75,-0.32
2024-04-02,435.39,42.94,18.18,387.68,12.3,44.02,41.57,55.72,1,1,QLD,Hold QLD,No action,,Hold QLD while the Donchian20 signal remains 1.,0.0,0.0,26129.45,26129.45,13177.91,-2.51,-1.18
2024-04-03,436.36,43.11,18.04,388.17,12.42,44.02,41.57,62.63,1,1,QLD,Hold QLD,No action,,Hold QLD while the Donchian20 signal remains 1.,0.0,0.0,26232.35,26232.35,13207.49,-2.13,-0.96
2024-04-04,429.69,41.77,19.95,388.58,10.58,44.02,41.57,7.79,1,1,QLD,Hold QLD,No action,,Hold QLD while the Donchian20 signal remains 1.,0.0,0.0,25415.15,25415.15,13005.53,-5.18,-2.47
2024-04-05,434.75,42.76,19.23,389.04,11.75,44.02,41.57,48.41,1,1,QLD,Hold QLD,No action,,Hold QLD while the Donchian20 signal remains 1.,0.0,0.0,26020.48,26020.48,13158.79,-2.92,-1.32
2024-04-08,434.88,42.78,18.77,389.5,11.65,44.02,41.57,49.43,1,1,QLD,Hold QLD,No action,,Hold QLD while the Donchian20 signal remains 1.,0.0,0.0,26035.62,26035.62,13162.67,-2.86,-1.29
2024-04-09,436.49,43.08,18.56,389.96,11.93,44.02,41.57,61.61,1,1,QLD,Hold QLD,No action,,Hold QLD while the Donchian20 signal remains 1.,0.0,0.0,26217.23,26217.23,13211.37,-2.18,-0.93
2024-04-10,432.68,42.3,18.99,390.39,10.83,44.02,41.57,29.53,1,1,QLD,Hold QLD,No action,,Hold QLD while the Donchian20 signal remains 1.,0.0,0.0,25739.0,25739.0,13096.05,-3.97,-1.79
2024-04-11,439.59,43.67,18.4,390.88,12.46,44.02,41.57,85.38,1,1,QLD,Hold QLD,No action,,Hold QLD while the Donchian20 signal remains 1.,0.0,0.0,26571.35,26571.35,13305.17,-0.86,-0.23
2024-04-12,432.58,42.25,20.39,391.29,10.55,44.02,41.57,27.7,1,1,QLD,Hold QLD,No action,,Hold QLD while the Donchian20 signal remains 1.,0.0,0.0,25711.76,25711.76,13093.06,-4.07,-1.82
2024-04-15,425.47,40.84,22.84,391.63,8.64,44.02,41.57,-29.78,1,0,QQQ,Hold QQQ,Reduce QLD to QQQ,QLD->QQQ_on_Donchian_exit,QLD closed below its prior 20-day low; the signal changed to 0 and the account reduced to QQQ.,0.0,24855.21,0.0,24855.21,12877.67,-7.26,-3.43
2024-04-16,425.51,40.84,22.01,391.97,8.56,44.02,40.84,0.0,0,0,QQQ,Hold QQQ,No action,,Hold QQQ after the Donchian exit while QQQ remains at or above EMA200.,0.0,24857.52,0.0,24857.52,12878.87,-7.26,-3.42
2024-04-17,420.31,39.85,22.21,392.25,7.15,44.02,40.84,-31.46,0,0,QQQ,Hold QQQ,No action,,Hold QQQ after the Donchian exit while QQQ remains at or above EMA200.,0.0,24554.22,0.0,24554.22,12721.72,-8.39,-4.6
2024-04-18,417.92,39.36,21.64,392.51,6.47,44.02,39.85,-11.67,0,0,QQQ,Hold QQQ,No action,,Hold QQQ after the Donchian exit while QQQ remains at or above EMA200.,0.0,24414.1,0.0,24414.1,12649.13,-8.91,-5.15
2024-04-19,409.27,37.74,22.95,392.67,4.23,44.02,39.36,-34.65,0,0,QQQ,Hold QQQ,No action,,Hold QQQ after the Donchian exit while QQQ remains at or above EMA200.,0.0,23909.0,0.0,23909.0,12387.43,-10.79,-7.11
2024-04-22,413.38,38.48,21.11,392.88,5.22,44.02,37.74,11.8,0,0,QQQ,Hold QQQ,No action,,Hold QQQ after the Donchian exit while QQQ remains at or above EMA200.,0.0,24149.44,0.0,24149.44,12512.01,-9.9,-6.17
2024-04-23,419.55,39.64,19.84,393.15,6.72,43.72,37.74,31.7,0,0,QQQ,Hold QQQ,No action,,Hold QQQ after the Donchian exit while QQQ remains at or above EMA200.,0.0,24509.82,0.0,24509.82,12698.72,-8.55,-4.77
2024-04-24,420.98,39.89,20.43,393.42,7.0,43.72,37.74,36.02,0,0,QQQ,Hold QQQ,No action,,Hold QQQ after the Donchian exit while QQQ remains at or above EMA200.,0.0,24592.85,0.0,24592.85,12741.74,-8.24,-4.45
2024-04-25,418.94,39.47,20.37,393.68,6.42,43.72,37.74,28.95,0,0,QQQ,Hold QQQ,No action,,Hold QQQ after the Donchian exit while QQQ remains at or above EMA200.,0.0,24474.07,0.0,24474.07,12680.2,-8.69,-4.91
2024-04-26,425.41,40.7,19.33,393.99,7.97,43.71,37.74,49.54,0,0,QQQ,Hold QQQ,No action,,Hold QQQ after the Donchian exit while QQQ remains at or above EMA200.,0.0,24851.75,0.0,24851.75,12875.88,-7.28,-3.45
2024-04-29,427.13,41.01,19.22,394.32,8.32,43.71,37.74,54.79,0,0,QQQ,Hold QQQ,No action,,Hold QQQ after the Donchian exit while QQQ remains at or above EMA200.,0.0,24952.65,0.0,24952.65,12928.16,-6.9,-3.05
2024-04-30,419.08,39.45,18.43,394.57,6.21,43.67,37.74,28.88,0,0,QQQ,Hold QQQ,No action,,Hold QQQ after the Donchian exit while QQQ remains at or above EMA200.,0.0,24482.14,0.0,24482.14,12684.38,-8.66,-4.88
2024-05-01,416.05,38.87,19.43,394.78,5.39,43.67,37.74,19.06,0,0,QQQ,Hold QQQ,No action,,Hold QQQ after the Donchian exit while QQQ remains at or above EMA200.,0.0,24305.12,0.0,24305.12,12592.67,-9.32,-5.57
2024-05-02,421.36,39.85,18.73,395.05,6.66,43.67,37.74,35.6,0,0,QQQ,Hold QQQ,No action,,Hold QQQ after the Donchian exit while QQQ remains at or above EMA200.,0.0,24615.34,0.0,24615.34,12753.39,-8.16,-4.36
2024-05-03,429.83,41.44,17.4,395.39,8.71,43.67,37.74,62.47,0,0,QQQ,Hold QQQ,No action,,Hold QQQ after the Donchian exit while QQQ remains at or above EMA200.,0.0,25110.07,0.0,25110.07,13009.72,-6.31,-2.44
2024-05-06,434.54,42.37,17.42,395.78,9.79,43.67,37.74,78.09,0,0,QQQ,Hold QQQ,No action,,Hold QQQ after the Donchian exit while QQQ remains at or above EMA200.,0.0,25385.11,0.0,25385.11,13152.22,-5.29,-1.37
2024-05-07,434.61,42.35,16.91,396.17,9.7,43.67,37.74,77.75,0,0,QQQ,Hold QQQ,No action,,Hold QQQ after the Donchian exit while QQQ remains at or above EMA200.,0.0,25389.15,0.0,25389.15,13154.31,-5.27,-1.36
2024-05-08,434.35,42.3,16.8,396.55,9.53,43.67,37.74,76.99,0,0,QQQ,Hold QQQ,No action,,Hold QQQ after the Donchian exit while QQQ remains at or above EMA200.,0.0,25374.16,0.0,25374.16,13146.54,-5.33,-1.42
2024-05-09,435.3,42.46,16.67,396.93,9.66,43.67,37.74,79.6,0,0,QQQ,Hold QQQ,No action,,Hold QQQ after the Donchian exit while QQQ remains at or above EMA200.,0.0,25429.51,0.0,25429.51,13175.22,-5.12,-1.2
2024-05-10,436.32,42.66,16.46,397.33,9.81,42.46,37.74,104.32,0,1,QLD,Hold QLD,Buy QLD,toQLD,QLD closed above its prior 20-day high; the signal changed to 1 and the account moved fully into QLD.,0.0,0.0,25489.48,25489.48,13206.29,-4.9,-0.97
2024-05-13,437.33,42.85,17.4,397.72,9.96,42.66,37.74,103.84,1,1,QLD,Hold QLD,No action,,Hold QLD while the Donchian20 signal remains 1.,0.0,0.0,25602.41,25602.41,13236.76,-4.48,-0.74
2024-05-14,440.14,43.38,17.29,398.15,10.55,42.85,37.74,110.42,1,1,QLD,Hold QLD,No action,,Hold QLD while the Donchian20 signal remains 1.,0.0,0.0,25920.4,25920.4,13321.9,-3.29,-0.1
2024-05-15,447.02,44.71,16.34,398.63,12.14,43.38,37.74,123.63,1,1,QLD,Hold QLD,No action,,Hold QLD while the Donchian20 signal remains 1.,0.0,0.0,26716.85,26716.85,13530.13,-0.32,0.0
2024-05-16,446.11,44.53,16.26,399.11,11.78,44.71,37.74,97.36,1,1,QLD,Hold QLD,No action,,Hold QLD while the Donchian20 signal remains 1.,0.0,0.0,26606.9,26606.9,13502.64,-0.73,-0.2
2024-05-17,445.9,44.49,15.85,399.57,11.59,44.71,37.74,96.72,1,1,QLD,Hold QLD,No action,,Hold QLD while the Donchian20 signal remains 1.,0.0,0.0,26580.15,26580.15,13496.07,-0.83,-0.25
2024-05-20,449.01,45.09,15.92,400.06,12.23,44.71,38.48,106.07,1,1,QLD,Hold QLD,No action,,Hold QLD while the Donchian20 signal remains 1.,0.0,0.0,26942.71,26942.71,13590.18,0.0,0.0
2024-05-21,449.88,45.25,15.51,400.56,12.31,45.09,38.87,102.48,1,1,QLD,Hold QLD,No action,,Hold QLD while the Donchian20 signal remains 1.,0.0,0.0,27034.84,27034.84,13616.76,0.0,0.0
2024-05-22,449.8,45.23,16.4,401.05,12.16,45.25,38.87,99.77,1,1,QLD,Hold QLD,No action,,Hold QLD while the Donchian20 signal remains 1.,0.0,0.0,27025.93,27025.93,13614.07,-0.03,-0.02
2024-05-23,447.77,44.79,16.46,401.51,11.52,45.25,38.87,92.9,1,1,QLD,Hold QLD,No action,,Hold QLD while the Donchian20 signal remains 1.,0.0,0.0,26764.4,26764.4,13552.83,-1.0,-0.47
2024-05-24,452.01,45.64,15.66,402.02,12.44,45.25,38.87,106.16,1,1,QLD,Hold QLD,No action,,Hold QLD while the Donchian20 signal remains 1.,0.0,0.0,27269.61,27269.61,13680.99,0.0,0.0
2024-05-28,453.71,45.96,16.57,402.53,12.72,45.64,38.87,104.78,1,1,QLD,Hold QLD,No action,,Hold QLD while the Donchian20 signal remains 1.,0.0,0.0,27462.79,27462.79,13732.68,0.0,0.0
2024-05-29,450.52,45.32,17.49,403.01,11.79,45.96,38.87,90.88,1,1,QLD,Hold QLD,No action,,Hold QLD while the Donchian20 signal remains 1.,0.0,0.0,27076.45,27076.45,13635.88,-1.41,-0.7
2024-05-30,445.69,44.33,17.77,403.43,10.47,45.96,38.87,76.93,1,1,QLD,Hold QLD,No action,,Hold QLD while the Donchian20 signal remains 1.,0.0,0.0,26485.05,26485.05,13489.8,-3.56,-1.77
2024-05-31,444.86,44.33,16.7,403.84,10.16,45.96,39.85,73.23,1,1,QLD,Hold QLD,No action,,Hold QLD while the Donchian20 signal remains 1.,0.0,0.0,26485.05,26485.05,13464.7,-3.56,-1.95
2024-06-03,447.25,44.61,16.89,404.28,10.63,45.96,41.44,70.08,1,1,QLD,Hold QLD,No action,,Hold QLD while the Donchian20 signal remains 1.,0.0,0.0,26654.45,26654.45,13537.0,-2.94,-1.42
2024-06-04,448.47,44.83,16.86,404.72,10.81,45.96,42.3,69.16,1,1,QLD,Hold QLD,No action,,Hold QLD while the Donchian20 signal remains 1.,0.0,0.0,26788.17,26788.17,13574.04,-2.46,-1.16
2024-06-05,457.51,46.64,16.63,405.24,12.9,45.96,42.3,118.61,1,1,QLD,Hold QLD,No action,,Hold QLD while the Donchian20 signal remains 1.,0.0,0.0,27869.93,27869.93,13847.69,0.0,0.0
2024-06-06,457.36,46.6,16.43,405.76,12.72,46.64,42.3,99.08,1,1,QLD,Hold QLD,No action,,Hold QLD while the Donchian20 signal remains 1.,0.0,0.0,27846.16,27846.16,13842.91,-0.09,-0.03
2024-06-07,456.95,46.5,15.88,406.27,12.48,46.64,42.46,96.44,1,1,QLD,Hold QLD,No action,,Hold QLD while the Donchian20 signal remains 1.,0.0,0.0,27780.77,27780.77,13830.66,-0.32,-0.12
2024-06-10,458.8,46.86,16.0,406.79,12.78,46.64,42.66,105.49,1,1,QLD,Hold QLD,No action,,Hold QLD while the Donchian20 signal remains 1.,0.0,0.0,28000.69,28000.69,13886.53,0.0,0.0
2024-06-11,461.95,47.49,15.83,407.34,13.41,46.86,42.85,115.49,1,1,QLD,Hold QLD,No action,,Hold QLD while the Donchian20 signal remains 1.,0.0,0.0,28372.17,28372.17,13981.83,0.0,0.0
2024-06-12,468.0,48.73,13.59,407.94,14.72,47.49,43.38,130.42,1,1,QLD,Hold QLD,No action,,Hold QLD while the Donchian20 signal remains 1.,0.0,0.0,29118.1,29118.1,14164.96,0.0,0.0
2024-06-13,470.53,49.24,15.1,408.57,15.17,48.73,44.33,111.4,1,1,QLD,Hold QLD,No action,,Hold QLD while the Donchian20 signal remains 1.,0.0,0.0,29418.26,29418.26,14241.74,0.0,0.0
2024-06-14,472.97,49.72,16.05,409.21,15.58,49.24,44.33,109.93,1,1,QLD,Hold QLD,No action,,Hold QLD while the Donchian20 signal remains 1.,0.0,0.0,29709.5,29709.5,14315.53,0.0,0.0
2024-06-17,478.77,50.93,16.83,409.9,16.8,49.72,44.33,122.4,1,1,QLD,Hold QLD,No action,,Hold QLD while the Donchian20 signal remains 1.,0.0,0.0,30431.66,30431.66,14490.89,0.0,0.0
2024-06-18,478.91,50.95,16.7,410.59,16.64,50.93,44.33,100.23,1,1,QLD,Hold QLD,No action,,Hold QLD while the Donchian20 signal remains 1.,0.0,0.0,30440.57,30440.57,14495.37,0.0,0.0
2024-06-20,475.22,50.14,17.26,411.23,15.56,50.95,44.33,87.75,1,1,QLD,Hold QLD,No action,,Hold QLD while the Donchian20 signal remains 1.,0.0,0.0,29956.16,29956.16,14383.64,-1.59,-0.77
2024-06-21,473.95,49.84,16.95,411.85,15.08,50.95,44.33,83.25,1,1,QLD,Hold QLD,No action,,Hold QLD while the Donchian20 signal remains 1.,0.0,0.0,29777.85,29777.85,14345.1,-2.18,-1.04
2024-06-24,468.55,48.72,17.24,412.42,13.61,50.95,44.33,66.34,1,1,QLD,Hold QLD,No action,,Hold QLD while the Donchian20 signal remains 1.,0.0,0.0,29109.18,29109.18,14181.79,-4.37,-2.16
2024-06-25,473.91,49.83,16.7,413.03,14.74,50.95,44.33,83.1,1,1,QLD,Hold QLD,No action,,Hold QLD while the Donchian20 signal remains 1.,0.0,0.0,29771.91,29771.91,14343.96,-2.2,-1.04
2024-06-26,474.89,50.03,16.5,413.65,14.81,50.95,44.33,86.15,1,1,QLD,Hold QLD,No action,,Hold QLD while the Donchian20 signal remains 1.,0.0,0.0,29892.69,29892.69,14373.59,-1.8,-0.84
2024-06-27,476.12,50.26,16.29,414.27,14.93,50.95,44.33,89.61,1,1,QLD,Hold QLD,No action,,Hold QLD while the Donchian20 signal remains 1.,0.0,0.0,30029.54,30029.54,14410.69,-1.35,-0.58
2024-06-28,473.64,49.7,16.24,414.86,14.17,50.95,44.33,81.11,1,1,QLD,Hold QLD,No action,,Hold QLD while the Donchian20 signal remains 1.,0.0,0.0,29693.37,29693.37,14335.89,-2.45,-1.1
2024-07-01,476.42,50.3,16.08,415.47,14.67,50.95,44.33,90.29,1,1,QLD,Hold QLD,No action,,Hold QLD while the Donchian20 signal remains 1.,0.0,0.0,30056.32,30056.32,14419.97,-1.26,-0.52
2024-07-02,481.42,51.34,16.07,416.13,15.69,50.95,44.61,106.27,1,1,QLD,Hold QLD,No action,,Hold QLD while the Donchian20 signal remains 1.,0.0,0.0,30678.09,30678.09,14571.37,0.0,0.0
2024-07-03,485.44,52.18,16.28,416.82,16.46,51.34,44.83,112.77,1,1,QLD,Hold QLD,No action,,Hold QLD while the Donchian20 signal remains 1.,0.0,0.0,31174.91,31174.91,14692.85,0.0,0.0
2024-07-05,490.5,53.24,16.76,417.55,17.47,52.18,46.5,118.67,1,1,QLD,Hold QLD,No action,,Hold QLD while the Donchian20 signal remains 1.,0.0,0.0,31808.58,31808.58,14846.05,0.0,0.0
2024-07-08,491.67,53.5,17.03,418.29,17.54,53.24,46.5,103.91,1,1,QLD,Hold QLD,No action,,Hold QLD while the Donchian20 signal remains 1.,0.0,0.0,31966.26,31966.26,14881.36,0.0,0.0
2024-07-09,492.09,53.56,17.02,419.02,17.44,53.5,46.5,100.78,1,1,QLD,Hold QLD,No action,,Hold QLD while the Donchian20 signal remains 1.,0.0,0.0,31998.98,31998.98,14894.23,0.0,0.0
2024-07-10,497.22,54.69,17.28,419.8,18.44,53.56,46.86,116.89,1,1,QLD,Hold QLD,No action,,Hold QLD while the Donchian20 signal remains 1.,0.0,0.0,32674.31,32674.31,15049.52,0.0,0.0
2024-07-11,486.32,52.25,17.92,420.46,15.66,54.69,47.49,66.19,1,1,QLD,Hold QLD,No action,,Hold QLD while the Donchian20 signal remains 1.,0.0,0.0,31219.54,31219.54,14719.49,-4.45,-2.19
2024-07-12,489.17,52.84,17.26,421.15,16.15,54.69,48.72,69.12,1,1,QLD,Hold QLD,No action,,Hold QLD while the Donchian20 signal remains 1.,0.0,0.0,31573.56,31573.56,14805.96,-3.37,-1.62
2024-07-15,490.49,53.14,18.35,421.84,16.28,54.69,48.72,74.05,1,1,QLD,Hold QLD,No action,,Hold QLD while the Donchian20 signal remains 1.,0.0,0.0,31749.08,31749.08,14845.76,-2.83,-1.35
2024-07-16,490.68,53.17,18.35,422.52,16.13,54.69,48.72,74.55,1,1,QLD,Hold QLD,No action,,Hold QLD while the Donchian20 signal remains 1.,0.0,0.0,31766.93,31766.93,14851.44,-2.78,-1.32
2024-07-17,476.27,50.03,20.46,423.06,12.58,54.69,48.72,22.06,1,1,QLD,Hold QLD,No action,,Hold QLD while the Donchian20 signal remains 1.,0.0,0.0,29895.66,29895.66,14415.48,-8.5,-4.21
2024-07-18,474.02,49.54,21.26,423.56,11.91,54.69,48.72,13.8,1,1,QLD,Hold QLD,No action,,Hold QLD while the Donchian20 signal remains 1.,0.0,0.0,29601.14,29601.14,14347.26,-9.41,-4.67
2024-07-19,469.82,48.64,21.51,424.02,10.8,54.69,48.72,-1.3,1,0,QQQ,Hold QQQ,Reduce QLD to QQQ,QLD->QQQ_on_Donchian_exit,QLD closed below its prior 20-day low; the signal changed to 0 and the account reduced to QQQ.,0.0,29062.67,0.0,29062.67,14220.09,-11.05,-5.51
2024-07-22,476.82,50.06,19.97,424.55,12.31,54.69,48.64,23.56,0,0,QQQ,Hold QQQ,No action,,Hold QQQ after the Donchian exit while QQQ remains at or above EMA200.,0.0,29495.64,0.0,29495.64,14431.94,-9.73,-4.1
2024-07-23,475.14,49.72,20.02,425.05,11.78,54.69,48.64,17.87,0,0,QQQ,Hold QQQ,No action,,Hold QQQ after the Donchian exit while QQQ remains at or above EMA200.,0.0,29391.67,0.0,29391.67,14381.07,-10.05,-4.44
2024-07-24,458.09,46.13,23.06,425.38,7.69,54.69,48.64,-41.6,0,0,QQQ,Hold QQQ,No action,,Hold QQQ after the Donchian exit while QQQ remains at or above EMA200.,0.0,28337.39,0.0,28337.39,13865.21,-13.27,-7.87
2024-07-25,453.04,45.12,24.11,425.66,6.43,54.69,46.13,-11.81,0,0,QQQ,Hold QQQ,No action,,Hold QQQ after the Donchian exit while QQQ remains at or above EMA200.,0.0,28024.89,0.0,28024.89,13712.31,-14.23,-8.89
2024-07-26,457.69,46.03,22.41,425.97,7.45,54.69,45.12,9.52,0,0,QQQ,Hold QQQ,No action,,Hold QQQ after the Donchian exit while QQQ remains at or above EMA200.,0.0,28312.31,0.0,28312.31,13852.95,-13.35,-7.95
2024-07-29,458.61,46.17,22.83,426.3,7.58,54.69,45.12,10.98,0,0,QQQ,Hold QQQ,No action,,Hold QQQ after the Donchian exit while QQQ remains at or above EMA200.,0.0,28369.18,0.0,28369.18,13880.77,-13.18,-7.77
2024-07-30,452.31,44.89,23.94,426.56,6.04,54.69,45.12,-2.34,0,0,QQQ,Hold QQQ,No action,,Hold QQQ after the Donchian exit while QQQ remains at or above EMA200.,0.0,27979.64,0.0,27979.64,13690.17,-14.37,-9.03
2024-07-31,465.7,47.56,22.29,426.95,9.08,54.69,44.89,27.2,0,0,QQQ,Hold QQQ,No action,,Hold QQQ after the Donchian exit while QQQ remains at or above EMA200.,0.0,28807.66,0.0,28807.66,14095.31,-11.83,-6.34
2024-08-01,454.42,45.25,24.71,427.22,6.37,54.69,44.89,3.71,0,0,QQQ,Hold QQQ,No action,,Hold QQQ after the Donchian exit while QQQ remains at or above EMA200.,0.0,28109.89,0.0,28109.89,13753.91,-13.97,-8.61
2024-08-02,443.63,43.07,27.71,427.38,3.8,54.69,44.89,-18.61,0,0,QQQ,Hold QQQ,No action,,Hold QQQ after the Donchian exit while QQQ remains at or above EMA200.,0.0,27442.71,0.0,27442.71,13427.46,-16.01,-10.78
2024-08-05,430.4,40.57,35.1,427.41,0.7,54.69,43.07,-21.47,0,0,QQQ,Hold QQQ,No action,,Hold QQQ after the Donchian exit while QQQ remains at or above EMA200.,0.0,26624.47,0.0,26624.47,13027.1,-18.52,-13.44
2024-08-06,434.52,41.28,29.2,427.48,1.64,54.69,40.57,4.98,0,0,QQQ,Hold QQQ,No action,,Hold QQQ after the Donchian exit while QQQ remains at or above EMA200.,0.0,26878.87,0.0,26878.87,13151.58,-17.74,-12.61
2024-08-07,429.81,40.36,29.02,427.51,0.54,54.69,40.57,-1.52,0,0,QQQ,Hold QQQ,No action,,Hold QQQ after the Donchian exit while QQQ remains at or above EMA200.,0.0,26587.78,0.0,26587.78,13009.15,-18.63,-13.56
2024-08-08,442.96,42.84,26.88,427.66,3.58,53.17,40.36,19.36,0,0,QQQ,Hold QQQ,No action,,Hold QQQ after the Donchian exit while QQQ remains at or above EMA200.,0.0,27401.13,0.0,27401.13,13407.11,-16.14,-10.91
2024-08-09,445.27,43.27,24.94,427.84,4.08,53.17,40.36,22.74,0,0,QQQ,Hold QQQ,No action,,Hold QQQ after the Donchian exit while QQQ remains at or above EMA200.,0.0,27544.22,0.0,27544.22,13477.13,-15.7,-10.45
2024-08-12,446.23,43.43,24.93,428.02,4.25,53.17,40.36,23.99,0,0,QQQ,Hold QQQ,No action,,Hold QQQ after the Donchian exit while QQQ remains at or above EMA200.,0.0,27603.54,0.0,27603.54,13506.15,-15.52,-10.26
2024-08-13,457.3,45.57,23.26,428.31,6.77,53.17,40.36,40.71,0,0,QQQ,Hold QQQ,No action,,Hold QQQ after the Donchian exit while QQQ remains at or above EMA200.,0.0,28288.46,0.0,28288.46,13841.28,-13.42,-8.03
2024-08-14,457.45,45.61,21.19,428.6,6.73,50.06,40.36,54.08,0,0,QQQ,Hold QQQ,No action,,Hold QQQ after the Donchian exit while QQQ remains at or above EMA200.,0.0,28297.64,0.0,28297.64,13845.77,-13.39,-8.0
2024-08-15,469.01,47.89,20.28,429.0,9.33,50.06,40.36,77.58,0,0,QQQ,Hold QQQ,No action,,Hold QQQ after the Donchian exit while QQQ remains at or above EMA200.,0.0,29012.52,0.0,29012.52,14195.55,-11.21,-5.67
2024-08-16,469.61,47.97,19.94,429.41,9.36,50.06,40.36,78.45,0,0,QQQ,Hold QQQ,No action,,Hold QQQ after the Donchian exit while QQQ remains at or above EMA200.,0.0,29049.83,0.0,29049.83,14213.81,-11.09,-5.55
2024-08-19,475.78,49.23,19.93,429.87,10.68,50.06,40.36,91.43,0,0,QQQ,Hold QQQ,No action,,Hold QQQ after the Donchian exit while QQQ remains at or above EMA200.,0.0,29431.43,0.0,29431.43,14400.52,-9.92,-4.31
2024-08-20,474.78,49.01,21.11,430.32,10.33,49.72,40.36,92.45,0,0,QQQ,Hold QQQ,No action,,Hold QQQ after the Donchian exit while QQQ remains at or above EMA200.,0.0,29369.66,0.0,29369.66,14370.3,-10.11,-4.51
2024-08-21,477.0,49.49,21.22,430.78,10.73,49.23,40.36,102.86,0,1,QLD,Hold QLD,Buy QLD,toQLD,QLD closed above its prior 20-day high; the signal changed to 1 and the account moved fully into QLD.,0.0,0.0,29506.64,29506.64,14437.32,-9.69,-4.07
2024-08-22,469.43,47.88,22.83,431.16,8.88,49.49,40.36,82.38,1,1,QLD,Hold QLD,No action,,Hold QLD while the Donchian20 signal remains 1.,0.0,0.0,28547.73,28547.73,14208.42,-12.63,-5.59
2024-08-23,474.52,48.91,21.11,431.6,9.95,49.49,40.36,93.67,1,1,QLD,Hold QLD,No action,,Hold QLD while the Donchian20 signal remains 1.,0.0,0.0,29162.27,29162.27,14362.52,-10.75,-4.56
2024-08-26,469.92,47.94,21.57,431.98,8.78,49.49,40.36,83.09,1,1,QLD,Hold QLD,No action,,Hold QLD while the Donchian20 signal remains 1.,0.0,0.0,28586.32,28586.32,14223.08,-12.51,-5.49
2024-08-27,471.32,48.23,20.91,432.37,9.01,49.49,40.36,86.2,1,1,QLD,Hold QLD,No action,,Hold QLD while the Donchian20 signal remains 1.,0.0,0.0,28755.55,28755.55,14265.57,-11.99,-5.21
2024-08-28,465.97,47.11,22.58,432.7,7.69,49.49,40.36,73.98,1,1,QLD,Hold QLD,No action,,Hold QLD while the Donchian20 signal remains 1.,0.0,0.0,28090.54,28090.54,14103.69,-14.03,-6.28
2024-08-29,465.29,46.97,20.58,433.03,7.45,49.49,40.36,72.39,1,1,QLD,Hold QLD,No action,,Hold QLD while the Donchian20 signal remains 1.,0.0,0.0,28004.44,28004.44,14083.05,-14.29,-6.42
2024-08-30,470.84,48.07,19.29,433.4,8.64,49.49,40.36,84.51,1,1,QLD,Hold QLD,No action,,Hold QLD while the Donchian20 signal remains 1.,0.0,0.0,28663.51,28663.51,14250.91,-12.28,-5.31
2024-09-03,456.54,45.12,23.59,433.63,5.28,49.49,40.36,52.15,1,1,QLD,Hold QLD,No action,,Hold QLD while the Donchian20 signal remains 1.,0.0,0.0,26903.03,26903.03,13818.24,-17.66,-8.18
2024-09-04,455.36,44.88,24.2,433.85,4.96,49.49,40.36,49.54,1,1,QLD,Hold QLD,No action,,Hold QLD while the Donchian20 signal remains 1.,0.0,0.0,26760.53,26760.53,13782.33,-18.1,-8.42
2024-09-05,455.78,44.97,23.54,434.07,5.0,49.49,40.36,50.52,1,1,QLD,Hold QLD,No action,,Hold QLD while the Donchian20 signal remains 1.,0.0,0.0,26813.96,26813.96,13795.2,-17.94,-8.33
2024-09-06,443.57,42.54,25.64,434.16,2.17,49.49,42.84,-4.49,1,0,QQQ,Hold QQQ,Reduce QLD to QQQ,QLD->QQQ_on_Donchian_exit,QLD closed below its prior 20-day low; the signal changed to 0 and the account reduced to QQQ.,0.0,25365.21,0.0,25365.21,13425.66,-22.37,-10.79
2024-09-09,449.28,43.61,23.92,434.31,3.45,49.49,42.54,15.34,0,0,QQQ,Hold QQQ,No action,,Hold QQQ after the Donchian exit while QQQ remains at or above EMA200.,0.0,25691.4,0.0,25691.4,13598.31,-21.37,-9.64
2024-09-10,453.43,44.4,23.62,434.5,4.36,49.49,42.54,26.74,0,0,QQQ,Hold QQQ,No action,,Hold QQQ after the Donchian exit while QQQ remains at or above EMA200.,0.0,25928.83,0.0,25928.83,13723.98,-20.64,-8.81
2024-09-11,463.27,46.29,22.16,434.79,6.55,49.49,42.54,53.98,0,0,QQQ,Hold QQQ,No action,,Hold QQQ after the Donchian exit while QQQ remains at or above EMA200.,0.0,26491.89,0.0,26491.89,14022.01,-18.92,-6.83
2024-09-12,467.82,47.24,21.73,435.12,7.52,49.49,42.54,67.6,0,0,QQQ,Hold QQQ,No action,,Hold QQQ after the Donchian exit while QQQ remains at or above EMA200.,0.0,26751.93,0.0,26751.93,14159.65,-18.13,-5.91
2024-09-13,469.92,47.61,21.28,435.46,7.91,49.49,42.54,73.05,0,0,QQQ,Hold QQQ,No action,,Hold QQQ after the Donchian exit while QQQ remains at or above EMA200.,0.0,26871.78,0.0,26871.78,14223.08,-17.76,-5.49
2024-09-16,467.84,47.18,22.51,435.79,7.36,49.49,42.54,66.81,0,0,QQQ,Hold QQQ,No action,,Hold QQQ after the Donchian exit while QQQ remains at or above EMA200.,0.0,26753.06,0.0,26753.06,14160.24,-18.12,-5.91
2024-09-17,468.09,47.23,22.69,436.11,7.33,49.49,42.54,67.53,0,0,QQQ,Hold QQQ,No action,,Hold QQQ after the Donchian exit while QQQ remains at or above EMA200.,0.0,26767.2,0.0,26767.2,14167.72,-18.08,-5.86
2024-09-18,466.06,46.79,22.71,436.41,6.8,49.49,42.54,61.15,0,0,QQQ,Hold QQQ,No action,,Hold QQQ after the Donchian exit while QQQ remains at or above EMA200.,0.0,26651.31,0.0,26651.31,14106.39,-18.43,-6.27
2024-09-19,477.85,49.18,21.09,436.82,9.39,49.49,42.54,95.56,0,0,QQQ,Hold QQQ,No action,,Hold QQQ after the Donchian exit while QQQ remains at or above EMA200.,0.0,27325.16,0.0,27325.16,14463.05,-16.37,-3.9
2024-09-20,476.94,48.95,20.35,437.22,9.08,49.18,42.54,96.62,0,0,QQQ,Hold QQQ,No action,,Hold QQQ after the Donchian exit while QQQ remains at or above EMA200.,0.0,27273.15,0.0,27273.15,14435.53,-16.53,-4.08
2024-09-23,478.2,49.21,19.54,437.63,9.27,49.18,42.54,100.53,0,1,QLD,Hold QLD,Buy QLD,toQLD,QLD closed above its prior 20-day high; the signal changed to 1 and the account moved fully into QLD.,0.0,0.0,27345.44,27345.44,14473.79,-16.31,-3.83
2024-09-24,480.51,49.68,19.25,438.05,9.69,49.21,42.54,107.01,1,1,QLD,Hold QLD,No action,,Hold QLD while the Donchian20 signal remains 1.,0.0,0.0,27605.51,27605.51,14543.61,-15.51,-3.36
2024-09-25,480.95,49.8,19.07,438.48,9.69,49.68,42.54,101.68,1,1,QLD,Hold QLD,No action,,Hold QLD while the Donchian20 signal remains 1.,0.0,0.0,27672.22,27672.22,14557.09,-15.31,-3.27
2024-09-26,484.57,50.51,19.29,438.94,10.4,49.8,42.54,109.74,1,1,QLD,Hold QLD,No action,,Hold QLD while the Donchian20 signal remains 1.,0.0,0.0,28065.28,28065.28,14666.46,-14.11,-2.55
2024-09-27,481.87,49.92,20.04,439.36,9.68,50.51,42.54,92.56,1,1,QLD,Hold QLD,No action,,Hold QLD while the Donchian20 signal remains 1.,0.0,0.0,27735.88,27735.88,14584.95,-15.11,-3.09
2024-09-30,483.18,50.17,20.19,439.8,9.86,50.51,42.54,95.69,1,1,QLD,Hold QLD,No action,,Hold QLD while the Donchian20 signal remains 1.,0.0,0.0,27874.29,27874.29,14624.51,-14.69,-2.82
2024-10-01,476.45,48.75,21.67,440.17,8.24,50.51,42.54,77.87,1,1,QLD,Hold QLD,No action,,Hold QLD while the Donchian20 signal remains 1.,0.0,0.0,27085.39,27085.39,14420.75,-17.1,-4.18
2024-10-02,477.12,48.91,21.35,440.53,8.31,50.51,42.54,79.93,1,1,QLD,Hold QLD,No action,,Hold QLD while the Donchian20 signal remains 1.,0.0,0.0,27176.74,27176.74,14441.13,-16.83,-4.04
2024-10-03,476.76,48.83,22.48,440.89,8.14,50.51,42.54,78.93,1,1,QLD,Hold QLD,No action,,Hold QLD while the Donchian20 signal remains 1.,0.0,0.0,27132.45,27132.45,14430.34,-16.96,-4.11
2024-10-04,482.44,49.99,21.64,441.31,9.32,50.51,42.54,93.5,1,1,QLD,Hold QLD,No action,,Hold QLD while the Donchian20 signal remains 1.,0.0,0.0,27777.41,27777.41,14602.04,-14.99,-2.97
2024-10-07,477.27,48.86,24.34,441.66,8.06,50.51,43.61,76.18,1,1,QLD,Hold QLD,No action,,Hold QLD while the Donchian20 signal remains 1.,0.0,0.0,27151.82,27151.82,14445.62,-16.9,-4.01
2024-10-08,484.4,50.32,23.62,442.09,9.57,50.51,44.4,96.98,1,1,QLD,Hold QLD,No action,,Hold QLD while the Donchian20 signal remains 1.,0.0,0.0,27962.86,27962.86,14661.36,-14.42,-2.58
2024-10-09,488.21,51.11,23.42,442.55,10.32,50.51,46.29,114.17,1,1,QLD,Hold QLD,No action,,Hold QLD while the Donchian20 signal remains 1.,0.0,0.0,28397.45,28397.45,14776.73,-13.09,-1.81
2024-10-10,487.65,51.0,23.6,443.0,10.08,51.11,46.79,97.46,1,1,QLD,Hold QLD,No action,,Hold QLD while the Donchian20 signal remains 1.,0.0,0.0,28336.55,28336.55,14759.95,-13.28,-1.92
2024-10-11,488.42,51.1,23.29,443.45,10.14,51.11,46.79,99.88,1,1,QLD,Hold QLD,No action,,Hold QLD while the Donchian20 signal remains 1.,0.0,0.0,28394.68,28394.68,14783.02,-13.1,-1.77
2024-10-14,492.52,51.96,23.32,443.94,10.94,51.11,46.79,119.73,1,1,QLD,Hold QLD,No action,,Hold QLD while the Donchian20 signal remains 1.,0.0,0.0,28870.79,28870.79,14907.07,-11.64,-0.95
2024-10-15,485.93,50.56,24.54,444.36,9.36,51.96,46.79,73.02,1,1,QLD,Hold QLD,No action,,Hold QLD while the Donchian20 signal remains 1.,0.0,0.0,28095.73,28095.73,14707.81,-14.01,-2.27
2024-10-16,485.99,50.58,23.64,444.77,9.27,51.96,46.79,73.31,1,1,QLD,Hold QLD,No action,,Hold QLD while the Donchian20 signal remains 1.,0.0,0.0,28104.04,28104.04,14709.61,-13.99,-2.26
2024-10-17,486.33,50.66,22.85,445.18,9.24,51.96,48.75,59.53,1,1,QLD,Hold QLD,No action,,Hold QLD while the Donchian20 signal remains 1.,0.0,0.0,28148.33,28148.33,14719.79,-13.85,-2.19
2024-10-18,489.52,51.28,21.76,445.62,9.85,51.96,48.75,78.76,1,1,QLD,Hold QLD,No action,,Hold QLD while the Donchian20 signal remains 1.,0.0,0.0,28491.56,28491.56,14816.28,-12.8,-1.55
2024-10-21,490.46,51.47,21.96,446.07,9.95,51.96,48.75,84.81,1,1,QLD,Hold QLD,No action,,Hold QLD while the Donchian20 signal remains 1.,0.0,0.0,28599.52,28599.52,14844.74,-12.47,-1.36
2024-10-22,490.99,51.57,22.03,446.52,9.96,51.96,48.75,87.91,1,1,QLD,Hold QLD,No action,,Hold QLD while the Donchian20 signal remains 1.,0.0,0.0,28654.88,28654.88,14860.92,-12.3,-1.25
2024-10-23,483.47,49.98,22.92,446.89,8.19,51.96,48.75,38.29,1,1,QLD,Hold QLD,No action,,Hold QLD while the Donchian20 signal remains 1.,0.0,0.0,27769.1,27769.1,14633.2,-15.01,-2.77
2024-10-24,487.39,50.78,22.47,447.29,8.96,51.96,48.75,63.26,1,1,QLD,Hold QLD,No action,,Hold QLD while the Donchian20 signal remains 1.,0.0,0.0,28214.76,28214.76,14751.86,-13.65,-1.98
2024-10-25,490.36,51.36,23.24,447.72,9.52,51.96,48.75,81.4,1,1,QLD,Hold QLD,No action,,Hold QLD while the Donchian20 signal remains 1.,0.0,0.0,28538.62,28538.62,14841.75,-12.66,-1.38
2024-10-28,490.44,51.38,22.93,448.14,9.44,51.96,48.75,82.02,1,1,QLD,Hold QLD,No action,,Hold QLD while the Donchian20 signal remains 1.,0.0,0.0,28549.7,28549.7,14844.14,-12.62,-1.36
2024-10-29,495.15,52.35,22.44,448.61,10.37,51.96,48.75,112.25,1,1,QLD,Hold QLD,No action,,Hold QLD while the Donchian20 signal remains 1.,0.0,0.0,29089.46,29089.46,14986.77,-10.97,-0.42
2024-10-30,491.41,51.56,23.09,449.04,9.44,52.35,48.83,77.51,1,1,QLD,Hold QLD,No action,,Hold QLD while the Donchian20 signal remains 1.,0.0,0.0,28649.34,28649.34,14873.51,-12.32,-1.17
2024-10-31,479.0,48.96,24.86,449.33,6.6,52.35,48.83,3.68,1,1,QLD,Hold QLD,No action,,Hold QLD while the Donchian20 signal remains 1.,0.0,0.0,27204.42,27204.42,14498.06,-16.74,-3.66
2024-11-01,482.55,49.64,23.74,449.66,7.31,52.35,48.86,22.29,1,1,QLD,Hold QLD,No action,,Hold QLD while the Donchian20 signal remains 1.,0.0,0.0,27583.64,27583.64,14605.33,-15.58,-2.95
2024-11-04,481.14,49.33,23.88,449.98,6.93,52.35,48.86,13.43,1,1,QLD,Hold QLD,No action,,Hold QLD while the Donchian20 signal remains 1.,0.0,0.0,27412.02,27412.02,14562.78,-16.11,-3.23
2024-11-05,487.28,50.59,22.5,450.35,8.2,52.35,48.96,48.16,1,1,QLD,Hold QLD,No action,,Hold QLD while the Donchian20 signal remains 1.,0.0,0.0,28112.34,28112.34,14748.56,-13.96,-2.0
2024-11-06,500.51,53.34,18.86,450.85,11.02,52.35,48.96,129.22,1,1,QLD,Hold QLD,No action,,Hold QLD while the Donchian20 signal remains 1.,0.0,0.0,29640.31,29640.31,15149.18,-9.29,0.0
2024-11-07,508.39,55.02,18.35,451.42,12.62,53.34,48.96,138.3,1,1,QLD,Hold QLD,No action,,Hold QLD while the Donchian20 signal remains 1.,0.0,0.0,30573.14,30573.14,15387.69,-6.43,0.0
2024-11-08,508.99,55.1,17.88,451.99,12.61,55.02,48.96,101.23,1,1,QLD,Hold QLD,No action,,Hold QLD while the Donchian20 signal remains 1.,0.0,0.0,30614.66,30614.66,15405.67,-6.3,0.0
2024-11-11,508.69,55.03,18.37,452.56,12.4,55.1,48.96,98.86,1,1,QLD,Hold QLD,No action,,Hold QLD while the Donchian20 signal remains 1.,0.0,0.0,30575.91,30575.91,15396.68,-6.42,-0.06
2024-11-12,507.77,54.83,18.12,453.11,12.06,55.1,48.96,95.7,1,1,QLD,Hold QLD,No action,,Hold QLD while the Donchian20 signal remains 1.,0.0,0.0,30467.95,30467.95,15368.81,-6.75,-0.24
2024-11-13,507.12,54.68,17.5,453.64,11.79,55.1,48.96,93.18,1,1,QLD,Hold QLD,No action,,Hold QLD while the Donchian20 signal remains 1.,0.0,0.0,30382.14,30382.14,15349.04,-7.02,-0.37
2024-11-14,503.59,53.89,17.7,454.14,10.89,55.1,48.96,80.36,1,1,QLD,Hold QLD,No action,,Hold QLD while the Donchian20 signal remains 1.,0.0,0.0,29944.79,29944.79,15242.36,-8.35,-1.06
2024-11-15,491.59,51.29,19.83,454.51,8.16,55.1,48.96,37.91,1,1,QLD,Hold QLD,No action,,Hold QLD while the Donchian20 signal remains 1.,0.0,0.0,28497.1,28497.1,14879.2,-12.78,-3.42
2024-11-18,495.01,52.02,19.77,454.92,8.81,55.1,48.96,49.84,1,1,QLD,Hold QLD,No action,,Hold QLD while the Donchian20 signal remains 1.,0.0,0.0,28904.0,28904.0,14982.58,-11.54,-2.75
2024-11-19,498.42,52.71,19.99,455.35,9.46,55.1,48.96,61.12,1,1,QLD,Hold QLD,No action,,Hold QLD while the Donchian20 signal remains 1.,0.0,0.0,29288.76,29288.76,15085.66,-10.36,-2.08
2024-11-20,498.13,52.65,20.85,455.77,9.29,55.1,48.96,60.07,1,1,QLD,Hold QLD,No action,,Hold QLD while the Donchian20 signal remains 1.,0.0,0.0,29252.78,29252.78,15076.97,-10.47,-2.13
2024-11-21,499.92,53.03,20.21,456.21,9.58,55.1,48.96,66.31,1,1,QLD,Hold QLD,No action,,Hold QLD while the Donchian20 signal remains 1.,0.0,0.0,29465.92,29465.92,15131.2,-9.82,-1.78
2024-11-22,500.72,53.16,18.57,456.66,9.65,55.1,48.96,68.51,1,1,QLD,Hold QLD,No action,,Hold QLD while the Donchian20 signal remains 1.,0.0,0.0,29540.66,29540.66,15155.47,-9.59,-1.62
2024-11-25,501.51,53.33,17.59,457.1,9.72,55.1,48.96,71.19,1,1,QLD,Hold QLD,No action,,Hold QLD while the Donchian20 signal remains 1.,0.0,0.0,29632.0,29632.0,15179.44,-9.31,-1.47
2024-11-26,504.21,53.89,16.8,457.57,10.19,55.1,48.96,80.28,1,1,QLD,Hold QLD,No action,,Hold QLD while the Donchian20 signal remains 1.,0.0,0.0,29942.03,29942.03,15260.94,-8.36,-0.94
2024-11-27,500.24,53.03,16.68,458.0,9.22,55.1,48.96,66.31,1,1,QLD,Hold QLD,No action,,Hold QLD while the Donchian20 signal remains 1.,0.0,0.0,29465.92,29465.92,15140.79,-9.82,-1.72
2024-11-29,504.63,53.91,16.07,458.46,10.07,55.1,48.96,80.6,1,1,QLD,Hold QLD,No action,,Hold QLD while the Donchian20 signal remains 1.,0.0,0.0,29953.1,29953.1,15273.83,-8.33,-0.86
2024-12-02,510.13,55.08,16.12,458.97,11.14,55.1,49.33,99.74,1,1,QLD,Hold QLD,No action,,Hold QLD while the Donchian20 signal remains 1.,0.0,0.0,30606.36,30606.36,15440.13,-6.33,0.0
2024-12-03,511.69,55.43,15.76,459.5,11.36,55.1,49.33,105.79,1,1,QLD,Hold QLD,No action,,Hold QLD while the Donchian20 signal remains 1.,0.0,0.0,30800.12,30800.12,15487.47,-5.74,0.0
2024-12-04,518.02,56.78,15.69,460.08,12.59,55.43,50.59,127.91,1,1,QLD,Hold QLD,No action,,Hold QLD while the Donchian20 signal remains 1.,0.0,0.0,31550.27,31550.27,15678.94,-3.44,0.0
2024-12-05,516.58,56.47,15.69,460.64,12.14,56.78,51.29,94.29,1,1,QLD,Hold QLD,No action,,Hold QLD while the Donchian20 signal remains 1.,0.0,0.0,31375.87,31375.87,15635.49,-3.97,-0.28
2024-12-06,521.2,57.45,15.15,461.25,13.0,56.78,51.29,112.24,1,1,QLD,Hold QLD,No action,,Hold QLD while the Donchian20 signal remains 1.,0.0,0.0,31923.95,31923.95,15775.42,-2.3,0.0
2024-12-09,517.15,56.53,16.55,461.8,11.98,57.45,51.29,85.06,1,1,QLD,Hold QLD,No action,,Hold QLD while the Donchian20 signal remains 1.,0.0,0.0,31411.86,31411.86,15652.57,-3.86,-0.78
2024-12-10,515.38,56.12,16.54,462.34,11.47,57.45,51.29,78.35,1,1,QLD,Hold QLD,No action,,Hold QLD while the Donchian20 signal remains 1.,0.0,0.0,31182.11,31182.11,15599.23,-4.57,-1.12
2024-12-11,524.61,58.14,15.88,462.96,13.32,57.45,51.29,111.15,1,1,QLD,Hold QLD,No action,,Hold QLD while the Donchian20 signal remains 1.,0.0,0.0,32305.94,32305.94,15878.5,-1.13,0.0
2024-12-12,521.22,57.38,16.36,463.54,12.45,58.14,51.29,88.88,1,1,QLD,Hold QLD,No action,,Hold QLD while the Donchian20 signal remains 1.,0.0,0.0,31882.43,31882.43,15776.03,-2.42,-0.65
2024-12-13,525.21,58.23,16.61,464.15,13.16,58.14,51.29,101.24,1,1,QLD,Hold QLD,No action,,Hold QLD while the Donchian20 signal remains 1.,0.0,0.0,32353.0,32353.0,15896.78,-0.98,0.0
2024-12-16,532.78,59.9,18.44,464.83,14.62,58.23,51.29,124.19,1,1,QLD,Hold QLD,No action,,Hold QLD while the Donchian20 signal remains 1.,0.0,0.0,33285.83,33285.83,16125.7,0.0,0.0
2024-12-17,530.43,59.37,19.44,465.48,13.95,59.9,52.02,93.24,1,1,QLD,Hold QLD,No action,,Hold QLD while the Donchian20 signal remains 1.,0.0,0.0,32989.65,32989.65,16054.69,-0.89,-0.44
2024-12-18,511.3,55.09,27.63,465.94,9.73,59.9,52.65,33.63,1,1,QLD,Hold QLD,No action,,Hold QLD while the Donchian20 signal remains 1.,0.0,0.0,30609.13,30609.13,15475.48,-8.04,-4.03
2024-12-19,509.02,54.55,26.33,466.37,9.14,59.9,52.65,26.29,1,1,QLD,Hold QLD,No action,,Hold QLD while the Donchian20 signal remains 1.,0.0,0.0,30312.94,30312.94,15406.57,-8.93,-4.46
2024-12-20,513.46,55.52,21.49,466.84,9.99,59.9,53.03,36.23,1,1,QLD,Hold QLD,No action,,Hold QLD while the Donchian20 signal remains 1.,0.0,0.0,30849.95,30849.95,15541.11,-7.32,-3.63
2024-12-23,518.47,56.56,19.03,467.35,10.94,59.9,53.03,51.39,1,1,QLD,Hold QLD,No action,,Hold QLD while the Donchian20 signal remains 1.,0.0,0.0,31429.06,31429.06,15692.52,-5.58,-2.69
2024-12-24,525.5,58.09,17.03,467.93,12.3,59.9,53.03,73.58,1,1,QLD,Hold QLD,No action,,Hold QLD while the Donchian20 signal remains 1.,0.0,0.0,32276.55,32276.55,15905.31,-3.03,-1.37
2024-12-26,525.14,57.98,17.53,468.5,12.09,59.9,53.03,72.06,1,1,QLD,Hold QLD,No action,,Hold QLD while the Donchian20 signal remains 1.,0.0,0.0,32218.39,32218.39,15894.5,-3.21,-1.43
2024-12-27,518.16,56.4,18.54,468.99,10.48,59.9,53.03,49.07,1,1,QLD,Hold QLD,No action,,Hold QLD while the Donchian20 signal remains 1.,0.0,0.0,31340.43,31340.43,15683.21,-5.84,-2.74
2024-12-30,511.27,54.89,19.79,469.41,8.92,59.9,53.91,16.45,1,1,QLD,Hold QLD,No action,,Hold QLD while the Donchian20 signal remains 1.,0.0,0.0,30501.26,30501.26,15474.63,-8.37,-4.04
2024-12-31,506.92,53.95,19.92,469.79,7.91,59.9,54.55,-11.27,1,0,QQQ,Hold QQQ,Reduce QLD to QQQ,QLD->QQQ_on_Donchian_exit,QLD closed below its prior 20-day low; the signal changed to 0 and the account reduced to QQQ.,0.0,29977.81,0.0,29977.81,15343.18,-9.94,-4.85
2025-01-02,505.93,53.71,20.5,470.15,7.61,59.9,53.95,-4.02,0,0,QQQ,Hold QQQ,No action,,Hold QQQ after the Donchian exit while QQQ remains at or above EMA200.,0.0,29919.17,0.0,29919.17,15313.16,-10.11,-5.04
2025-01-03,514.21,55.47,19.12,470.59,9.27,59.9,53.71,28.33,0,0,QQQ,Hold QQQ,No action,,Hold QQQ after the Donchian exit while QQQ remains at or above EMA200.,0.0,30408.8,0.0,30408.8,15563.77,-8.64,-3.48
2025-01-06,520.12,56.73,19.0,471.08,10.41,59.9,53.71,48.7,0,0,QQQ,Hold QQQ,No action,,Hold QQQ after the Donchian exit while QQQ remains at or above EMA200.,0.0,30758.29,0.0,30758.29,15742.64,-7.59,-2.38
2025-01-07,510.84,54.68,20.73,471.47,8.35,59.9,53.71,15.7,0,0,QQQ,Hold QQQ,No action,,Hold QQQ after the Donchian exit while QQQ remains at or above EMA200.,0.0,30209.43,0.0,30209.43,15461.72,-9.24,-4.12
2025-01-08,510.93,54.69,20.69,471.87,8.28,59.9,53.71,15.86,0,0,QQQ,Hold QQQ,No action,,Hold QQQ after the Donchian exit while QQQ remains at or above EMA200.,0.0,30214.71,0.0,30214.71,15464.42,-9.23,-4.1
2025-01-10,502.92,52.95,21.73,472.18,6.51,59.9,53.71,-12.31,0,0,QQQ,Hold QQQ,No action,,Hold QQQ after the Donchian exit while QQQ remains at or above EMA200.,0.0,29740.91,0.0,29740.91,15221.93,-10.65,-5.6
2025-01-13,501.3,52.62,21.8,472.47,6.1,59.9,52.95,-4.73,0,0,QQQ,Hold QQQ,No action,,Hold QQQ after the Donchian exit while QQQ remains at or above EMA200.,0.0,29645.33,0.0,29645.33,15173.01,-10.94,-5.91
2025-01-14,500.83,52.5,21.45,472.75,5.94,59.9,52.62,-1.71,0,0,QQQ,Hold QQQ,No action,,Hold QQQ after the Donchian exit while QQQ remains at or above EMA200.,0.0,29617.18,0.0,29617.18,15158.6,-11.02,-6.0
2025-01-15,512.35,54.87,19.29,473.14,8.29,59.9,52.5,32.02,0,0,QQQ,Hold QQQ,No action,,Hold QQQ after the Donchian exit while QQQ remains at or above EMA200.,0.0,30298.56,0.0,30298.56,15507.34,-8.97,-3.83
2025-01-16,508.76,54.14,19.61,473.5,7.45,59.9,52.5,22.13,0,0,QQQ,Hold QQQ,No action,,Hold QQQ after the Donchian exit while QQQ remains at or above EMA200.,0.0,30086.29,0.0,30086.29,15398.7,-9.61,-4.51
2025-01-17,517.35,55.92,18.96,473.93,9.16,59.37,52.5,49.8,0,0,QQQ,Hold QQQ,No action,,Hold QQQ after the Donchian exit while QQQ remains at or above EMA200.,0.0,30594.1,0.0,30594.1,15658.6,-8.09,-2.9
2025-01-21,520.38,56.52,18.64,474.39,9.69,58.09,52.5,72.01,0,0,QQQ,Hold QQQ,No action,,Hold QQQ after the Donchian exit while QQQ remains at or above EMA200.,0.0,30773.53,0.0,30773.53,15750.44,-7.55,-2.33
2025-01-22,527.03,58.0,18.68,474.92,10.97,58.09,52.5,98.4,0,0,QQQ,Hold QQQ,No action,,Hold QQQ after the Donchian exit while QQQ remains at or above EMA200.,0.0,31167.0,0.0,31167.0,15951.82,-6.37,-1.08
2025-01-23,528.15,58.25,18.38,475.45,11.09,58.09,52.5,102.94,0,1,QLD,Hold QLD,Buy QLD,toQLD,QLD closed above its prior 20-day high; the signal changed to 1 and the account moved fully into QLD.,0.0,0.0,31233.26,31233.26,15985.74,-6.17,-0.87
2025-01-24,525.17,57.56,18.22,475.94,10.34,58.25,52.5,88.05,1,1,QLD,Hold QLD,No action,,Hold QLD while the Donchian20 signal remains 1.,0.0,0.0,30864.45,30864.45,15895.4,-7.27,-1.43
2025-01-27,509.88,54.16,21.61,476.28,7.05,58.25,52.5,28.92,1,1,QLD,Hold QLD,No action,,Hold QLD while the Donchian20 signal remains 1.,0.0,0.0,29039.15,29039.15,15432.61,-12.76,-4.3
2025-01-28,517.41,55.79,20.31,476.69,8.54,58.25,52.5,57.23,1,1,QLD,Hold QLD,No action,,Hold QLD while the Donchian20 signal remains 1.,0.0,0.0,29913.05,29913.05,15660.7,-10.13,-2.88
2025-01-29,516.44,55.57,20.6,477.09,8.25,58.25,52.5,53.33,1,1,QLD,Hold QLD,No action,,Hold QLD while the Donchian20 signal remains 1.,0.0,0.0,29792.79,29792.79,15631.29,-10.49,-3.07
2025-01-30,518.64,56.03,19.8,477.5,8.62,58.25,52.5,61.39,1,1,QLD,Hold QLD,No action,,Hold QLD while the Donchian20 signal remains 1.,0.0,0.0,30041.33,30041.33,15697.92,-9.75,-2.65
2025-01-31,517.89,55.83,20.11,477.9,8.37,58.25,52.5,57.92,1,1,QLD,Hold QLD,No action,,Hold QLD while the Donchian20 signal remains 1.,0.0,0.0,29934.43,29934.43,15675.11,-10.07,-2.79
2025-02-03,513.75,54.94,21.28,478.26,7.42,58.25,52.5,42.51,1,1,QLD,Hold QLD,No action,,Hold QLD while the Donchian20 signal remains 1.,0.0,0.0,29458.73,29458.73,15549.66,-11.5,-3.57
2025-02-04,520.05,56.28,20.03,478.67,8.64,58.25,52.5,65.8,1,1,QLD,Hold QLD,No action,,Hold QLD while the Donchian20 signal remains 1.,0.0,0.0,30177.63,30177.63,15740.54,-9.34,-2.39
2025-02-05,522.41,56.78,19.18,479.11,9.04,58.25,52.5,74.37,1,1,QLD,Hold QLD,No action,,Hold QLD while the Donchian20 signal remains 1.,0.0,0.0,30442.2,30442.2,15811.97,-8.54,-1.95
2025-02-06,525.14,57.35,18.58,479.57,9.5,58.25,52.5,84.33,1,1,QLD,Hold QLD,No action,,Hold QLD while the Donchian20 signal remains 1.,0.0,0.0,30749.53,30749.53,15894.5,-7.62,-1.43
2025-02-07,518.52,55.9,19.18,479.95,8.03,58.25,52.5,59.13,1,1,QLD,Hold QLD,No action,,Hold QLD while the Donchian20 signal remains 1.,0.0,0.0,29971.85,29971.85,15694.02,-9.96,-2.68
2025-02-10,524.79,57.22,18.84,480.4,9.24,58.25,52.5,81.99,1,1,QLD,Hold QLD,No action,,Hold QLD while the Donchian20 signal remains 1.,0.0,0.0,30677.38,30677.38,15883.99,-7.84,-1.5
2025-02-11,523.54,56.95,18.77,480.83,8.88,58.25,52.5,77.32,1,1,QLD,Hold QLD,No action,,Hold QLD while the Donchian20 signal remains 1.,0.0,0.0,30533.07,30533.07,15846.18,-8.27,-1.73
2025-02-12,523.85,57.01,18.69,481.26,8.85,58.25,52.5,78.44,1,1,QLD,Hold QLD,No action,,Hold QLD while the Donchian20 signal remains 1.,0.0,0.0,30567.8,30567.8,15855.48,-8.17,-1.68
2025-02-13,531.39,58.64,18.41,481.76,10.3,58.25,54.14,109.32,1,1,QLD,Hold QLD,No action,,Hold QLD while the Donchian20 signal remains 1.,0.0,0.0,31439.03,31439.03,16083.58,-5.55,-0.26
2025-02-14,533.62,59.08,18.03,482.27,10.65,58.64,54.14,109.97,1,1,QLD,Hold QLD,No action,,Hold QLD while the Donchian20 signal remains 1.,0.0,0.0,31679.56,31679.56,16151.11,-4.83,0.0
2025-02-18,534.83,59.34,19.23,482.8,10.78,59.08,54.16,105.26,1,1,QLD,Hold QLD,No action,,Hold QLD while the Donchian20 signal remains 1.,0.0,0.0,31818.52,31818.52,16187.72,-4.41,0.0
2025-02-19,534.98,59.37,19.0,483.31,10.69,59.34,54.16,100.58,1,1,QLD,Hold QLD,No action,,Hold QLD while the Donchian20 signal remains 1.,0.0,0.0,31834.56,31834.56,16192.22,-4.36,0.0
2025-02-20,532.7,58.85,18.9,483.81,10.11,59.37,54.16,89.87,1,1,QLD,Hold QLD,No action,,Hold QLD while the Donchian20 signal remains 1.,0.0,0.0,31551.28,31551.28,16123.49,-5.21,-0.42
2025-02-21,521.65,56.39,20.96,484.18,7.74,59.37,54.16,42.83,1,1,QLD,Hold QLD,No action,,Hold QLD while the Donchian20 signal remains 1.,0.0,0.0,30236.42,30236.42,15788.86,-9.16,-2.49
2025-02-24,515.49,55.03,21.46,484.49,6.4,59.37,54.16,16.73,1,1,QLD,Hold QLD,No action,,Hold QLD while the Donchian20 signal remains 1.,0.0,0.0,29506.84,29506.84,15602.48,-11.35,-3.64
2025-02-25,509.0,53.64,21.98,484.74,5.0,59.37,54.16,-10.04,1,0,QQQ,Hold QQQ,Reduce QLD to QQQ,QLD->QQQ_on_Donchian_exit,QLD closed below its prior 20-day low; the signal changed to 0 and the account reduced to QQQ.,0.0,28758.54,0.0,28758.54,15405.9,-13.6,-4.86
2025-02-26,510.23,53.88,21.94,484.99,5.2,59.37,53.64,4.26,0,0,QQQ,Hold QQQ,No action,,Hold QQQ after the Donchian exit while QQQ remains at or above EMA200.,0.0,28828.0,0.0,28828.0,15443.11,-13.39,-4.63
2025-02-27,496.06,50.91,24.09,485.1,2.26,59.37,53.64,-47.52,0,0,QQQ,Hold QQQ,No action,,Hold QQQ after the Donchian exit while QQQ remains at or above EMA200.,0.0,28027.42,0.0,28027.42,15014.24,-15.8,-7.27
2025-02-28,503.89,52.48,22.66,485.29,3.83,59.37,50.91,18.55,0,0,QQQ,Hold QQQ,No action,,Hold QQQ after the Donchian exit while QQQ remains at or above EMA200.,0.0,28470.01,0.0,28470.01,15251.34,-14.47,-5.81
2025-03-03,492.86,50.24,24.96,485.36,1.55,59.37,50.91,-7.95,0,0,QQQ,Hold QQQ,No action,,Hold QQQ after the Donchian exit while QQQ remains at or above EMA200.,0.0,27847.02,0.0,27847.02,14917.6,-16.34,-7.87
2025-03-04,491.38,49.87,25.22,485.42,1.23,59.37,50.24,-4.04,0,0,QQQ,Hold QQQ,No action,,Hold QQQ after the Donchian exit while QQQ remains at or above EMA200.,0.0,27762.98,0.0,27762.98,14872.58,-16.59,-8.15
2025-03-05,497.78,51.17,24.26,485.55,2.52,59.37,49.87,13.74,0,0,QQQ,Hold QQQ,No action,,Hold QQQ after the Donchian exit while QQQ remains at or above EMA200.,0.0,28124.9,0.0,28124.9,15066.46,-15.5,-6.95
2025-03-06,484.09,48.36,26.23,485.53,-0.3,59.37,49.87,-15.89,0,0,Cash,Hold Cash,Sell QQQ to Cash,QQQ->Cash_below_EMA200,QQQ closed below EMA200 while held; the account moved fully to Cash.,27351.2,0.0,0.0,27351.2,14651.99,-17.83,-9.51
2025-03-07,487.65,49.03,25.55,485.55,0.43,59.37,48.36,6.06,0,0,Cash,Hold Cash,No action,,Hold Cash until QLD creates a new Donchian20 breakout; QQQ moving above EMA200 alone is not a re-entry.,27351.2,0.0,0.0,27351.2,14759.74,-17.83,-8.85
2025-03-10,468.75,45.31,28.84,485.39,-3.43,59.37,48.36,-27.65,0,0,Cash,Hold Cash,No action,,Hold Cash until QLD creates a new Donchian20 breakout; QQQ moving above EMA200 alone is not a re-entry.,27351.2,0.0,0.0,27351.2,14187.7,-17.83,-12.38
2025-03-11,467.63,44.98,28.7,485.21,-3.62,59.37,45.31,-2.34,0,0,Cash,Hold Cash,No action,,Hold Cash until QLD creates a new Donchian20 breakout; QQQ moving above EMA200 alone is not a re-entry.,27351.2,0.0,0.0,27351.2,14153.79,-17.83,-12.59
2025-03-12,472.9,46.02,26.82,485.09,-2.51,59.37,44.98,7.2,0,0,Cash,Hold Cash,No action,,Hold Cash until QLD creates a new Donchian20 breakout; QQQ moving above EMA200 alone is not a re-entry.,27351.2,0.0,0.0,27351.2,14313.46,-17.83,-11.6
2025-03-13,464.4,44.34,27.58,484.88,-4.22,59.37,44.98,-4.5,0,0,Cash,Hold Cash,No action,,Hold Cash until QLD creates a new Donchian20 breakout; QQQ moving above EMA200 alone is not a re-entry.,27351.2,0.0,0.0,27351.2,14055.95,-17.83,-13.19
2025-03-14,475.62,46.45,25.79,484.79,-1.89,59.37,44.34,14.05,0,0,Cash,Hold Cash,No action,,Hold Cash until QLD creates a new Donchian20 breakout; QQQ moving above EMA200 alone is not a re-entry.,27351.2,0.0,0.0,27351.2,14395.69,-17.83,-11.1
2025-03-17,478.7,47.05,25.04,484.73,-1.24,59.37,44.34,18.03,0,0,Cash,Hold Cash,No action,,Hold Cash until QLD creates a new Donchian20 breakout; QQQ moving above EMA200 alone is not a re-entry.,27351.2,0.0,0.0,27351.2,14489.03,-17.83,-10.52
2025-03-18,470.54,45.46,25.85,484.59,-2.9,59.37,44.34,7.46,0,0,Cash,Hold Cash,No action,,Hold Cash until QLD creates a new Donchian20 breakout; QQQ moving above EMA200 alone is not a re-entry.,27351.2,0.0,0.0,27351.2,14242.03,-17.83,-12.04
2025-03-19,476.84,46.61,23.62,484.51,-1.58,59.37,44.34,15.15,0,0,Cash,Hold Cash,No action,,Hold Cash until QLD creates a new Donchian20 breakout; QQQ moving above EMA200 alone is not a re-entry.,27351.2,0.0,0.0,27351.2,14432.6,-17.83,-10.87
2025-03-20,475.22,46.3,23.38,484.42,-1.9,58.85,44.34,13.57,0,0,Cash,Hold Cash,No action,,Hold Cash until QLD creates a new Donchian20 breakout; QQQ moving above EMA200 alone is not a re-entry.,27351.2,0.0,0.0,27351.2,14383.68,-17.83,-11.17
2025-03-21,476.79,46.63,22.92,484.34,-1.56,56.39,44.34,19.06,0,0,Cash,Hold Cash,No action,,Hold Cash until QLD creates a new Donchian20 breakout; QQQ moving above EMA200 alone is not a re-entry.,27351.2,0.0,0.0,27351.2,14431.1,-17.83,-10.88
2025-03-24,487.25,48.6,21.27,484.37,0.6,55.03,44.34,39.84,0,0,Cash,Hold Cash,No action,,Hold Cash until QLD creates a new Donchian20 breakout; QQQ moving above EMA200 alone is not a re-entry.,27351.2,0.0,0.0,27351.2,14747.78,-17.83,-8.92
2025-03-25,490.03,49.18,20.57,484.43,1.16,53.88,44.34,50.71,0,0,Cash,Hold Cash,No action,,Hold Cash until QLD creates a new Donchian20 breakout; QQQ moving above EMA200 alone is not a re-entry.,27351.2,0.0,0.0,27351.2,14831.94,-17.83,-8.4
2025-03-26,481.02,47.37,22.04,484.39,-0.7,53.88,44.34,31.78,0,0,Cash,Hold Cash,No action,,Hold Cash until QLD creates a new Donchian20 breakout; QQQ moving above EMA200 alone is not a re-entry.,27351.2,0.0,0.0,27351.2,14559.02,-17.83,-10.09
2025-03-27,478.28,46.81,22.41,484.33,-1.25,52.48,44.34,30.32,0,0,Cash,Hold Cash,No action,,Hold Cash until QLD creates a new Donchian20 breakout; QQQ moving above EMA200 alone is not a re-entry.,27351.2,0.0,0.0,27351.2,14476.07,-17.83,-10.6
2025-03-28,465.68,44.34,25.06,484.15,-3.81,52.48,44.34,0.08,0,0,Cash,Hold Cash,No action,,Hold Cash until QLD creates a new Donchian20 breakout; QQQ moving above EMA200 alone is not a re-entry.,27351.2,0.0,0.0,27351.2,14094.95,-17.83,-12.95
2025-03-31,465.66,44.31,25.37,483.96,-3.78,51.17,44.34,-0.34,0,0,Cash,Hold Cash,No action,,Hold Cash until QLD creates a new Donchian20 breakout; QQQ moving above EMA200 alone is not a re-entry.,27351.2,0.0,0.0,27351.2,14094.34,-17.83,-12.96
2025-04-01,469.42,45.01,24.8,483.82,-2.98,51.17,44.31,10.1,0,0,Cash,Hold Cash,No action,,Hold Cash until QLD creates a new Donchian20 breakout; QQQ moving above EMA200 alone is not a re-entry.,27351.2,0.0,0.0,27351.2,14207.96,-17.83,-12.25
2025-04-02,472.84,45.66,23.65,483.71,-2.25,51.17,44.31,19.69,0,0,Cash,Hold Cash,No action,,Hold Cash until QLD creates a new Donchian20 breakout; QQQ moving above EMA200 alone is not a re-entry.,27351.2,0.0,0.0,27351.2,14311.65,-17.83,-11.61
2025-04-03,447.53,40.78,30.57,483.35,-7.41,49.18,44.31,-72.59,0,0,Cash,Hold Cash,No action,,Hold Cash until QLD creates a new Donchian20 breakout; QQQ moving above EMA200 alone is not a re-entry.,27351.2,0.0,0.0,27351.2,13545.5,-17.83,-16.35
2025-04-04,419.73,35.8,37.65,482.72,-13.05,49.18,40.78,-59.34,0,0,Cash,Hold Cash,No action,,Hold Cash until QLD creates a new Donchian20 breakout; QQQ moving above EMA200 alone is not a re-entry.,27351.2,0.0,0.0,27351.2,12704.21,-17.83,-21.54
2025-04-07,420.75,35.91,38.64,482.1,-12.73,49.18,35.8,0.78,0,0,Cash,Hold Cash,No action,,Hold Cash until QLD creates a new Donchian20 breakout; QQQ moving above EMA200 alone is not a re-entry.,27351.2,0.0,0.0,27351.2,12734.86,-17.83,-21.35
2025-04-08,413.17,34.57,39.56,481.41,-14.18,49.18,35.8,-9.21,0,0,Cash,Hold Cash,No action,,Hold Cash until QLD creates a new Donchian20 breakout; QQQ moving above EMA200 alone is not a re-entry.,27351.2,0.0,0.0,27351.2,12505.53,-17.83,-22.77
2025-04-09,462.76,42.69,34.8,481.23,-3.84,49.18,34.57,55.61,0,0,Cash,Hold Cash,No action,,Hold Cash until QLD creates a new Donchian20 breakout; QQQ moving above EMA200 alone is not a re-entry.,27351.2,0.0,0.0,27351.2,14006.58,-17.83,-13.5
2025-04-10,443.08,39.2,43.25,480.85,-7.85,49.18,34.57,31.71,0,0,Cash,Hold Cash,No action,,Hold Cash until QLD creates a new Donchian20 breakout; QQQ moving above EMA200 alone is not a re-entry.,27351.2,0.0,0.0,27351.2,13410.85,-17.83,-17.18
2025-04-11,451.24,40.59,39.95,480.55,-6.1,49.18,34.57,41.2,0,0,Cash,Hold Cash,No action,,Hold Cash until QLD creates a new Donchian20 breakout; QQQ moving above EMA200 alone is not a re-entry.,27351.2,0.0,0.0,27351.2,13657.91,-17.83,-15.65
2025-04-14,454.3,41.15,34.33,480.29,-5.41,49.18,34.57,45.06,0,0,Cash,Hold Cash,No action,,Hold Cash until QLD creates a new Donchian20 breakout; QQQ moving above EMA200 alone is not a re-entry.,27351.2,0.0,0.0,27351.2,13750.49,-17.83,-15.08
2025-04-15,454.81,41.25,32.71,480.04,-5.26,49.18,34.57,45.71,0,0,Cash,Hold Cash,No action,,Hold Cash until QLD creates a new Donchian20 breakout; QQQ moving above EMA200 alone is not a re-entry.,27351.2,0.0,0.0,27351.2,13765.82,-17.83,-14.99
2025-04-16,441.1,38.77,35.38,479.65,-8.04,49.18,34.57,28.74,0,0,Cash,Hold Cash,No action,,Hold Cash until QLD creates a new Donchian20 breakout; QQQ moving above EMA200 alone is not a re-entry.,27351.2,0.0,0.0,27351.2,13350.73,-17.83,-17.55
2025-04-17,441.02,38.71,32.83,479.27,-7.98,49.18,34.57,28.33,0,0,Cash,Hold Cash,No action,,Hold Cash until QLD creates a new Donchian20 breakout; QQQ moving above EMA200 alone is not a re-entry.,27351.2,0.0,0.0,27351.2,13348.33,-17.83,-17.56
2025-04-21,430.1,36.81,36.87,478.78,-10.17,49.18,34.57,15.36,0,0,Cash,Hold Cash,No action,,Hold Cash until QLD creates a new Donchian20 breakout; QQQ moving above EMA200 alone is not a re-entry.,27351.2,0.0,0.0,27351.2,13018.0,-17.83,-19.6
2025-04-22,441.39,38.69,33.98,478.41,-7.74,49.18,34.57,28.23,0,0,Cash,Hold Cash,No action,,Hold Cash until QLD creates a new Donchian20 breakout; QQQ moving above EMA200 alone is not a re-entry.,27351.2,0.0,0.0,27351.2,13359.75,-17.83,-17.49
2025-04-23,451.4,40.41,31.83,478.14,-5.59,49.18,34.57,40.01,0,0,Cash,Hold Cash,No action,,Hold Cash until QLD creates a new Donchian20 breakout; QQQ moving above EMA200 alone is not a re-entry.,27351.2,0.0,0.0,27351.2,13662.72,-17.83,-15.62
2025-04-24,464.1,42.71,29.96,478.0,-2.91,47.37,34.57,63.62,0,0,Cash,Hold Cash,No action,,Hold Cash until QLD creates a new Donchian20 breakout; QQQ moving above EMA200 alone is not a re-entry.,27351.2,0.0,0.0,27351.2,14047.15,-17.83,-13.25
2025-04-25,469.28,43.65,28.37,477.91,-1.81,46.81,34.57,74.25,0,0,Cash,Hold Cash,No action,,Hold Cash until QLD creates a new Donchian20 breakout; QQQ moving above EMA200 alone is not a re-entry.,27351.2,0.0,0.0,27351.2,14203.75,-17.83,-12.28
2025-04-28,469.13,43.63,28.54,477.82,-1.82,45.66,34.57,81.71,0,0,Cash,Hold Cash,No action,,Hold Cash until QLD creates a new Donchian20 breakout; QQQ moving above EMA200 alone is not a re-entry.,27351.2,0.0,0.0,27351.2,14199.24,-17.83,-12.31
2025-04-29,472.23,44.17,27.6,477.77,-1.16,45.66,34.57,86.56,0,0,Cash,Hold Cash,No action,,Hold Cash until QLD creates a new Donchian20 breakout; QQQ moving above EMA200 alone is not a re-entry.,27351.2,0.0,0.0,27351.2,14293.02,-17.83,-11.73
2025-04-30,472.17,44.16,27.8,477.71,-1.16,45.66,34.57,86.47,0,0,Cash,Hold Cash,No action,,Hold Cash until QLD creates a new Donchian20 breakout; QQQ moving above EMA200 alone is not a re-entry.,27351.2,0.0,0.0,27351.2,14291.22,-17.83,-11.74
2025-05-01,478.34,45.24,27.69,477.72,0.13,45.66,34.57,96.22,0,0,Cash,Hold Cash,No action,,Hold Cash until QLD creates a new Donchian20 breakout; QQQ moving above EMA200 alone is not a re-entry.,27351.2,0.0,0.0,27351.2,14477.87,-17.83,-10.59
2025-05-02,485.44,46.64,25.73,477.79,1.6,45.24,34.57,113.03,0,1,QLD,Hold QLD,Buy QLD,toQLD,QLD closed above its prior 20-day high; the signal changed to 1 and the account moved fully into QLD.,0.0,0.0,27351.2,27351.2,14692.78,-17.83,-9.26
2025-05-05,482.56,46.09,26.54,477.84,0.99,46.64,34.57,95.45,1,1,QLD,Hold QLD,No action,,Hold QLD while the Donchian20 signal remains 1.,0.0,0.0,27029.56,27029.56,14605.61,-18.8,-9.8
2025-05-06,478.07,45.24,27.11,477.84,0.05,46.64,34.57,88.43,1,1,QLD,Hold QLD,No action,,Hold QLD while the Donchian20 signal remains 1.,0.0,0.0,26532.47,26532.47,14469.76,-20.29,-10.64
2025-05-07,479.94,45.58,26.49,477.87,0.43,46.64,34.57,91.24,1,1,QLD,Hold QLD,No action,,Hold QLD while the Donchian20 signal remains 1.,0.0,0.0,26731.31,26731.31,14526.56,-19.69,-10.29
2025-05-08,484.9,46.49,25.97,477.94,1.46,46.64,36.81,98.48,1,1,QLD,Hold QLD,No action,,Hold QLD while the Donchian20 signal remains 1.,0.0,0.0,27263.48,27263.48,14676.55,-18.09,-9.36
2025-05-09,484.58,46.41,25.5,478.0,1.38,46.64,36.81,97.66,1,1,QLD,Hold QLD,No action,,Hold QLD while the Donchian20 signal remains 1.,0.0,0.0,27216.69,27216.69,14666.93,-18.23,-9.42
2025-05-12,504.32,50.19,22.28,478.26,5.45,46.64,36.81,136.14,1,1,QLD,Hold QLD,No action,,Hold QLD while the Donchian20 signal remains 1.,0.0,0.0,29433.09,29433.09,15264.46,-11.57,-5.73
2025-05-13,512.01,51.7,22.28,478.6,6.98,50.19,36.81,111.3,1,1,QLD,Hold QLD,No action,,Hold QLD while the Donchian20 signal remains 1.,0.0,0.0,30319.07,30319.07,15497.11,-8.91,-4.29
2025-05-14,515.08,52.31,22.66,478.96,7.54,51.7,36.81,104.15,1,1,QLD,Hold QLD,No action,,Hold QLD while the Donchian20 signal remains 1.,0.0,0.0,30681.64,30681.64,15589.98,-7.82,-3.72
2025-05-15,515.64,52.43,21.89,479.33,7.58,52.31,36.81,100.74,1,1,QLD,Hold QLD,No action,,Hold QLD while the Donchian20 signal remains 1.,0.0,0.0,30748.9,30748.9,15607.11,-7.62,-3.61
2025-05-16,517.89,52.88,21.2,479.71,7.96,52.43,36.81,102.87,1,1,QLD,Hold QLD,No action,,Hold QLD while the Donchian20 signal remains 1.,0.0,0.0,31012.06,31012.06,15675.04,-6.83,-3.19
2025-05-19,518.39,52.95,21.95,480.1,7.98,52.88,36.81,100.47,1,1,QLD,Hold QLD,No action,,Hold QLD while the Donchian20 signal remains 1.,0.0,0.0,31055.92,31055.92,15690.07,-6.7,-3.1
2025-05-20,516.66,52.57,22.07,480.46,7.53,52.95,38.69,97.34,1,1,QLD,Hold QLD,No action,,Hold QLD while the Donchian20 signal remains 1.,0.0,0.0,30833.7,30833.7,15637.77,-7.37,-3.42
2025-05-21,509.48,51.11,24.2,480.75,5.98,52.95,40.41,85.33,1,1,QLD,Hold QLD,No action,,Hold QLD while the Donchian20 signal remains 1.,0.0,0.0,29976.96,29976.96,15420.46,-9.94,-4.77
2025-05-22,510.43,51.3,23.63,481.04,6.11,52.95,42.71,83.89,1,1,QLD,Hold QLD,No action,,Hold QLD while the Donchian20 signal remains 1.,0.0,0.0,30088.07,30088.07,15449.32,-9.61,-4.59
2025-05-23,505.7,50.33,25.29,481.29,5.07,52.95,43.63,71.8,1,1,QLD,Hold QLD,No action,,Hold QLD while the Donchian20 signal remains 1.,0.0,0.0,29514.96,29514.96,15306.24,-11.33,-5.47
2025-05-27,517.6,52.66,22.32,481.65,7.46,52.95,43.63,96.9,1,1,QLD,Hold QLD,No action,,Hold QLD while the Donchian20 signal remains 1.,0.0,0.0,30886.33,30886.33,15666.33,-7.21,-3.25
2025-05-28,515.31,52.21,22.76,481.99,6.91,52.95,44.16,91.61,1,1,QLD,Hold QLD,No action,,Hold QLD while the Donchian20 signal remains 1.,0.0,0.0,30623.17,30623.17,15596.89,-8.0,-3.68
2025-05-29,516.32,52.4,21.8,482.33,7.05,52.95,44.16,93.76,1,1,QLD,Hold QLD,No action,,Hold QLD while the Donchian20 signal remains 1.,0.0,0.0,30734.28,30734.28,15627.55,-7.67,-3.49
2025-05-30,515.51,52.21,20.87,482.66,6.81,52.95,45.24,90.43,1,1,QLD,Hold QLD,No action,,Hold QLD while the Donchian20 signal remains 1.,0.0,0.0,30623.17,30623.17,15602.91,-8.0,-3.64
2025-06-02,519.58,53.02,19.43,483.02,7.57,52.95,45.24,100.84,1,1,QLD,Hold QLD,No action,,Hold QLD while the Donchian20 signal remains 1.,0.0,0.0,31093.93,31093.93,15726.14,-6.59,-2.88
2025-06-03,523.64,53.86,18.74,483.43,8.32,53.02,45.24,110.83,1,1,QLD,Hold QLD,No action,,Hold QLD while the Donchian20 signal remains 1.,0.0,0.0,31588.09,31588.09,15849.07,-5.1,-2.12
2025-06-04,525.1,54.14,19.01,483.84,8.53,53.86,45.24,103.24,1,1,QLD,Hold QLD,No action,,Hold QLD while the Donchian20 signal remains 1.,0.0,0.0,31751.83,31751.83,15893.26,-4.61,-1.85
2025-06-05,521.15,53.29,21.48,484.21,7.63,54.14,45.58,90.1,1,1,QLD,Hold QLD,No action,,Hold QLD while the Donchian20 signal remains 1.,0.0,0.0,31254.75,31254.75,15773.63,-6.1,-2.59
2025-06-06,526.24,54.32,19.81,484.63,8.59,54.14,46.41,102.32,1,1,QLD,Hold QLD,No action,,Hold QLD while the Donchian20 signal remains 1.,0.0,0.0,31857.1,31857.1,15927.82,-4.29,-1.63
2025-06-09,527.01,54.47,20.17,485.05,8.65,54.32,46.41,101.89,1,1,QLD,Hold QLD,No action,,Hold QLD while the Donchian20 signal remains 1.,0.0,0.0,31944.82,31944.82,15951.26,-4.03,-1.49
2025-06-10,530.5,55.2,19.82,485.51,9.27,54.47,50.19,117.0,1,1,QLD,Hold QLD,No action,,Hold QLD while the Donchian20 signal remains 1.,0.0,0.0,32371.72,32371.72,16056.77,-2.75,-0.84
2025-06-11,528.71,54.81,20.38,485.94,8.8,55.2,50.33,92.12,1,1,QLD,Hold QLD,No action,,Hold QLD while the Donchian20 signal remains 1.,0.0,0.0,32146.58,32146.58,16002.66,-3.42,-1.17
2025-06-12,529.95,55.06,20.69,486.37,8.96,55.2,50.33,97.24,1,1,QLD,Hold QLD,No action,,Hold QLD while the Donchian20 signal remains 1.,0.0,0.0,32292.78,32292.78,16040.23,-2.98,-0.94
2025-06-13,523.3,53.65,22.41,486.74,7.51,55.2,50.33,68.27,1,1,QLD,Hold QLD,No action,,Hold QLD while the Donchian20 signal remains 1.,0.0,0.0,31465.28,31465.28,15838.86,-5.47,-2.18
2025-06-16,530.58,55.13,21.09,487.18,8.91,55.2,50.33,98.57,1,1,QLD,Hold QLD,No action,,Hold QLD while the Donchian20 signal remains 1.,0.0,0.0,32330.79,32330.79,16059.17,-2.87,-0.82
2025-06-17,525.41,54.03,23.31,487.56,7.76,55.2,50.33,76.05,1,1,QLD,Hold QLD,No action,,Hold QLD while the Donchian20 signal remains 1.,0.0,0.0,31687.51,31687.51,15902.58,-4.8,-1.79
2025-06-18,525.32,54.0,22.14,487.93,7.66,55.2,50.33,75.54,1,1,QLD,Hold QLD,No action,,Hold QLD while the Donchian20 signal remains 1.,0.0,0.0,31672.89,31672.89,15899.87,-4.85,-1.81
2025-06-20,523.17,53.52,22.23,488.28,7.14,55.2,50.33,65.61,1,1,QLD,Hold QLD,No action,,Hold QLD while the Donchian20 signal remains 1.,0.0,0.0,31389.25,31389.25,15834.95,-5.7,-2.21
2025-06-23,528.55,54.64,21.15,488.69,8.16,55.2,50.33,88.54,1,1,QLD,Hold QLD,No action,,Hold QLD while the Donchian20 signal remains 1.,0.0,0.0,32044.23,32044.23,15997.77,-3.73,-1.2
2025-06-24,536.63,56.29,19.46,489.16,9.7,55.2,50.33,122.52,1,1,QLD,Hold QLD,No action,,Hold QLD while the Donchian20 signal remains 1.,0.0,0.0,33015.01,33015.01,16242.41,-0.81,0.0
2025-06-25,538.01,56.56,19.0,489.65,9.88,56.29,52.21,106.66,1,1,QLD,Hold QLD,No action,,Hold QLD while the Donchian20 signal remains 1.,0.0,0.0,33174.25,33174.25,16283.93,-0.34,0.0
2025-06-26,543.04,57.63,18.99,490.18,10.78,56.56,52.21,124.56,1,1,QLD,Hold QLD,No action,,Hold QLD while the Donchian20 signal remains 1.,0.0,0.0,33800.67,33800.67,16436.19,0.0,0.0
2025-06-27,544.9,58.01,18.89,490.72,11.04,57.63,52.21,107.0,1,1,QLD,Hold QLD,No action,,Hold QLD while the Donchian20 signal remains 1.,0.0,0.0,34023.14,34023.14,16492.46,0.0,0.0
2025-06-30,548.42,58.75,19.56,491.3,11.63,58.01,52.21,112.74,1,1,QLD,Hold QLD,No action,,Hold QLD while the Donchian20 signal remains 1.,0.0,0.0,34456.37,34456.37,16599.28,0.0,0.0
2025-07-01,543.8,57.73,19.88,491.82,10.57,58.75,53.02,82.15,1,1,QLD,Hold QLD,No action,,Hold QLD while the Donchian20 signal remains 1.,0.0,0.0,33856.29,33856.29,16459.36,-1.74,-0.84
2025-07-02,547.59,58.54,19.74,492.38,11.21,58.75,53.29,96.16,1,1,QLD,Hold QLD,No action,,Hold QLD while the Donchian20 signal remains 1.,0.0,0.0,34333.43,34333.43,16574.0,-0.36,-0.15
2025-07-03,552.98,59.64,19.47,492.98,12.17,58.75,53.29,116.27,1,1,QLD,Hold QLD,No action,,Hold QLD while the Donchian20 signal remains 1.,0.0,0.0,34977.42,34977.42,16737.1,0.0,0.0
2025-07-07,548.81,58.75,20.68,493.53,11.2,59.64,53.29,85.92,1,1,QLD,Hold QLD,No action,,Hold QLD while the Donchian20 signal remains 1.,0.0,0.0,34453.44,34453.44,16611.02,-1.5,-0.75
2025-07-08,549.12,58.79,19.53,494.09,11.14,59.64,53.52,86.13,1,1,QLD,Hold QLD,No action,,Hold QLD while the Donchian20 signal remains 1.,0.0,0.0,34479.79,34479.79,16620.34,-1.42,-0.7
2025-07-09,553.01,59.62,18.71,494.67,11.79,59.64,53.52,99.67,1,1,QLD,Hold QLD,No action,,Hold QLD while the Donchian20 signal remains 1.,0.0,0.0,34965.71,34965.71,16738.0,-0.03,0.0
2025-07-10,552.21,59.43,18.76,495.25,11.5,59.64,53.52,96.57,1,1,QLD,Hold QLD,No action,,Hold QLD while the Donchian20 signal remains 1.,0.0,0.0,34854.48,34854.48,16713.93,-0.35,-0.14
2025-07-11,550.97,59.15,19.04,495.8,11.13,59.64,53.52,91.92,1,1,QLD,Hold QLD,No action,,Hold QLD while the Donchian20 signal remains 1.,0.0,0.0,34687.62,34687.62,16676.31,-0.83,-0.37
2025-07-14,552.97,59.55,19.78,496.37,11.4,59.64,53.52,98.53,1,1,QLD,Hold QLD,No action,,Hold QLD while the Donchian20 signal remains 1.,0.0,0.0,34924.73,34924.73,16736.8,-0.15,-0.01
2025-07-15,553.47,59.64,19.74,496.94,11.38,59.64,53.52,100.08,1,1,QLD,Hold QLD,No action,,Hold QLD while the Donchian20 signal remains 1.,0.0,0.0,34980.35,34980.35,16752.14,0.0,0.0
2025-07-16,554.04,59.77,19.54,497.51,11.36,59.64,53.52,102.12,1,1,QLD,Hold QLD,No action,,Hold QLD while the Donchian20 signal remains 1.,0.0,0.0,35056.45,35056.45,16769.29,0.0,0.0
2025-07-17,558.53,60.73,18.67,498.11,12.13,59.77,53.52,115.33,1,1,QLD,Hold QLD,No action,,Hold QLD while the Donchian20 signal remains 1.,0.0,0.0,35618.48,35618.48,16905.01,0.0,0.0
2025-07-18,557.99,60.58,18.61,498.71,11.89,60.73,53.52,97.85,1,1,QLD,Hold QLD,No action,,Hold QLD while the Donchian20 signal remains 1.,0.0,0.0,35527.74,35527.74,16888.76,-0.25,-0.1
2025-07-21,560.88,61.2,18.71,499.33,12.33,60.73,53.52,106.51,1,1,QLD,Hold QLD,No action,,Hold QLD while the Donchian20 signal remains 1.,0.0,0.0,35893.64,35893.64,16976.32,0.0,0.0
2025-07-22,557.98,60.56,18.95,499.91,11.62,61.2,54.64,90.19,1,1,QLD,Hold QLD,No action,,Hold QLD while the Donchian20 signal remains 1.,0.0,0.0,35516.03,35516.03,16888.45,-1.05,-0.52
2025-07-23,560.52,61.1,17.94,500.51,11.99,61.2,56.29,97.97,1,1,QLD,Hold QLD,No action,,Hold QLD while the Donchian20 signal remains 1.,0.0,0.0,35835.1,35835.1,16965.49,-0.16,-0.06
2025-07-24,561.72,61.37,17.72,501.12,12.09,61.2,56.56,103.66,1,1,QLD,Hold QLD,No action,,Hold QLD while the Donchian20 signal remains 1.,0.0,0.0,35993.17,35993.17,17001.59,0.0,0.0
2025-07-25,563.07,61.62,17.16,501.74,12.22,61.37,57.63,106.54,1,1,QLD,Hold QLD,No action,,Hold QLD while the Donchian20 signal remains 1.,0.0,0.0,36136.6,36136.6,17042.52,0.0,0.0
2025-07-28,564.83,62.01,17.27,502.37,12.43,61.62,57.73,110.01,1,1,QLD,Hold QLD,No action,,Hold QLD while the Donchian20 signal remains 1.,0.0,0.0,36364.92,36364.92,17095.78,0.0,0.0
2025-07-29,563.95,61.82,18.21,502.98,12.12,62.01,57.73,95.68,1,1,QLD,Hold QLD,No action,,Hold QLD while the Donchian20 signal remains 1.,0.0,0.0,36256.62,36256.62,17069.3,-0.3,-0.15
2025-07-30,564.71,61.97,17.32,503.59,12.14,62.01,57.73,99.07,1,1,QLD,Hold QLD,No action,,Hold QLD while the Donchian20 signal remains 1.,0.0,0.0,36341.51,36341.51,17092.17,-0.06,-0.02
2025-07-31,561.72,61.28,19.23,504.17,11.41,62.01,58.54,78.96,1,1,QLD,Hold QLD,No action,,Hold QLD while the Donchian20 signal remains 1.,0.0,0.0,35937.55,35937.55,17001.59,-1.18,-0.55
2025-08-01,550.65,58.83,21.54,504.63,9.12,62.01,58.75,2.6,1,1,QLD,Hold QLD,No action,,Hold QLD while the Donchian20 signal remains 1.,0.0,0.0,34503.21,34503.21,16666.69,-5.12,-2.51
2025-08-04,560.81,60.99,19.24,505.19,11.01,62.01,58.75,68.91,1,1,QLD,Hold QLD,No action,,Hold QLD while the Donchian20 signal remains 1.,0.0,0.0,35770.7,35770.7,16974.21,-1.63,-0.71
2025-08-05,557.0,60.15,19.87,505.71,10.14,62.01,58.79,42.24,1,1,QLD,Hold QLD,No action,,Hold QLD while the Donchian20 signal remains 1.,0.0,0.0,35276.0,35276.0,16858.97,-2.99,-1.39
2025-08-06,564.01,61.66,18.77,506.29,11.4,62.01,58.83,89.15,1,1,QLD,Hold QLD,No action,,Hold QLD while the Donchian20 signal remains 1.,0.0,0.0,36162.95,36162.95,17071.11,-0.56,-0.14
2025-08-07,565.92,62.07,18.82,506.88,11.65,62.01,58.83,102.2,1,1,QLD,Hold QLD,No action,,Hold QLD while the Donchian20 signal remains 1.,0.0,0.0,36405.91,36405.91,17128.88,0.0,0.0
2025-08-08,571.2,63.2,17.29,507.52,12.55,62.07,58.83,134.62,1,1,QLD,Hold QLD,No action,,Hold QLD while the Donchian20 signal remains 1.,0.0,0.0,37064.53,37064.53,17288.66,0.0,0.0
2025-08-11,569.51,62.79,18.17,508.14,12.08,63.2,58.83,90.63,1,1,QLD,Hold QLD,No action,,Hold QLD while the Donchian20 signal remains 1.,0.0,0.0,36824.5,36824.5,17237.51,-0.65,-0.3
2025-08-12,576.67,64.39,16.84,508.82,13.33,63.2,58.83,127.2,1,1,QLD,Hold QLD,No action,,Hold QLD while the Donchian20 signal remains 1.,0.0,0.0,37761.21,37761.21,17454.16,0.0,0.0
2025-08-13,576.96,64.44,16.73,509.5,13.24,64.39,58.83,100.9,1,1,QLD,Hold QLD,No action,,Hold QLD while the Donchian20 signal remains 1.,0.0,0.0,37790.49,37790.49,17462.89,0.0,0.0
2025-08-14,576.51,64.32,17.08,510.17,13.0,64.44,58.83,97.95,1,1,QLD,Hold QLD,No action,,Hold QLD while the Donchian20 signal remains 1.,0.0,0.0,37723.16,37723.16,17449.35,-0.18,-0.08
2025-08-15,573.97,63.72,17.5,510.8,12.37,64.44,58.83,87.18,1,1,QLD,Hold QLD,No action,,Hold QLD while the Donchian20 signal remains 1.,0.0,0.0,37368.96,37368.96,17372.62,-1.12,-0.52
2025-08-18,573.75,63.68,17.75,511.43,12.19,64.44,58.83,86.46,1,1,QLD,Hold QLD,No action,,Hold QLD while the Donchian20 signal remains 1.,0.0,0.0,37345.55,37345.55,17365.69,-1.18,-0.56
2025-08-19,565.96,61.93,19.39,511.97,10.55,64.44,58.83,55.3,1,1,QLD,Hold QLD,No action,,Hold QLD while the Donchian20 signal remains 1.,0.0,0.0,36321.02,36321.02,17130.08,-3.89,-1.91
2025-08-20,562.6,61.18,20.0,512.47,9.78,64.44,58.83,41.85,1,1,QLD,Hold QLD,No action,,Hold QLD while the Donchian20 signal remains 1.,0.0,0.0,35879.01,35879.01,17028.38,-5.06,-2.49
2025-08-21,560.0,60.62,20.55,512.95,9.17,64.44,58.83,31.88,1,1,QLD,Hold QLD,No action,,Hold QLD while the Donchian20 signal remains 1.,0.0,0.0,35551.15,35551.15,16949.54,-5.93,-2.94
2025-08-22,568.64,62.46,18.06,513.5,10.74,64.44,58.83,64.74,1,1,QLD,Hold QLD,No action,,Hold QLD while the Donchian20 signal remains 1.,0.0,0.0,36631.3,36631.3,17211.03,-3.07,-1.44
2025-08-25,567.0,62.08,18.42,514.03,10.3,64.44,58.83,58.06,1,1,QLD,Hold QLD,No action,,Hold QLD while the Donchian20 signal remains 1.,0.0,0.0,36411.76,36411.76,17161.38,-3.65,-1.73
2025-08-26,569.27,62.58,18.19,514.58,10.63,64.44,58.83,66.96,1,1,QLD,Hold QLD,No action,,Hold QLD while the Donchian20 signal remains 1.,0.0,0.0,36704.48,36704.48,17230.28,-2.87,-1.33
2025-08-27,570.15,62.76,18.69,515.14,10.68,64.44,58.83,70.08,1,1,QLD,Hold QLD,No action,,Hold QLD while the Donchian20 signal remains 1.,0.0,0.0,36806.93,36806.93,17256.77,-2.6,-1.18
2025-08-28,573.72,63.52,17.62,515.72,11.25,64.44,58.83,83.7,1,1,QLD,Hold QLD,No action,,Hold QLD while the Donchian20 signal remains 1.,0.0,0.0,37254.8,37254.8,17364.79,-1.42,-0.56
2025-08-29,567.08,62.0,19.11,516.23,9.85,64.44,58.83,56.54,1,1,QLD,Hold QLD,No action,,Hold QLD while the Donchian20 signal remains 1.,0.0,0.0,36362.0,36362.0,17163.78,-3.78,-1.71
2025-09-02,562.32,60.97,20.36,516.69,8.83,64.44,60.15,19.21,1,1,QLD,Hold QLD,No action,,Hold QLD while the Donchian20 signal remains 1.,0.0,0.0,35758.99,35758.99,17019.95,-5.38,-2.54
2025-09-03,566.75,61.9,19.69,517.19,9.58,64.44,60.15,40.86,1,1,QLD,Hold QLD,No action,,Hold QLD while the Donchian20 signal remains 1.,0.0,0.0,36303.45,36303.45,17153.85,-3.93,-1.77
2025-09-04,571.88,63.03,18.79,517.73,10.46,64.44,60.62,63.14,1,1,QLD,Hold QLD,No action,,Hold QLD while the Donchian20 signal remains 1.,0.0,0.0,36965.01,36965.01,17309.12,-2.18,-0.88
2025-09-05,572.7,63.17,18.44,518.28,10.5,64.44,60.62,66.8,1,1,QLD,Hold QLD,No action,,Hold QLD while the Donchian20 signal remains 1.,0.0,0.0,37046.97,37046.97,17334.1,-1.97,-0.74
2025-09-08,575.5,63.79,18.35,518.85,10.92,64.44,60.62,83.01,1,1,QLD,Hold QLD,No action,,Hold QLD while the Donchian20 signal remains 1.,0.0,0.0,37409.95,37409.95,17418.65,-1.01,-0.25
2025-09-09,577.13,64.13,18.22,519.43,11.11,64.44,60.62,92.03,1,1,QLD,Hold QLD,No action,,Hold QLD while the Donchian20 signal remains 1.,0.0,0.0,37611.92,37611.92,17468.0,-0.47,0.0
2025-09-10,577.32,64.17,18.62,520.0,11.02,64.44,60.62,93.07,1,1,QLD,Hold QLD,No action,,Hold QLD while the Donchian20 signal remains 1.,0.0,0.0,37635.34,37635.34,17473.72,-0.41,0.0
2025-09-11,580.68,64.9,18.23,520.61,11.54,64.44,60.62,112.16,1,1,QLD,Hold QLD,No action,,Hold QLD while the Donchian20 signal remains 1.,0.0,0.0,38062.72,38062.72,17575.43,0.0,0.0
2025-09-12,583.24,65.46,18.18,521.23,11.9,64.9,60.62,113.05,1,1,QLD,Hold QLD,No action,,Hold QLD while the Donchian20 signal remains 1.,0.0,0.0,38390.56,38390.56,17653.06,0.0,0.0
2025-09-15,588.23,66.57,19.12,521.9,12.71,65.46,60.62,122.99,1,1,QLD,Hold QLD,No action,,Hold QLD while the Donchian20 signal remains 1.,0.0,0.0,39043.33,39043.33,17804.12,0.0,0.0
2025-09-16,587.73,66.42,19.57,522.55,12.47,66.57,60.62,97.49,1,1,QLD,Hold QLD,No action,,Hold QLD while the Donchian20 signal remains 1.,0.0,0.0,38955.52,38955.52,17789.07,-0.22,-0.08
2025-09-17,586.56,66.14,19.02,523.19,12.11,66.57,60.62,92.71,1,1,QLD,Hold QLD,No action,,Hold QLD while the Donchian20 signal remains 1.,0.0,0.0,38788.67,38788.67,17753.56,-0.65,-0.28
2025-09-18,591.85,67.36,18.86,523.87,12.98,66.57,60.62,113.24,1,1,QLD,Hold QLD,No action,,Hold QLD while the Donchian20 signal remains 1.,0.0,0.0,39505.84,39505.84,17913.65,0.0,0.0
2025-09-19,595.86,68.24,18.74,524.59,13.59,67.36,60.62,113.03,1,1,QLD,Hold QLD,No action,,Hold QLD while the Donchian20 signal remains 1.,0.0,0.0,40021.03,40021.03,18034.91,0.0,0.0
2025-09-22,599.38,69.03,19.42,525.33,14.1,68.24,60.97,110.92,1,1,QLD,Hold QLD,No action,,Hold QLD while the Donchian20 signal remains 1.,0.0,0.0,40486.46,40486.46,18141.68,0.0,0.0
2025-09-23,595.4,68.1,20.13,526.03,13.19,69.03,60.97,88.42,1,1,QLD,Hold QLD,No action,,Hold QLD while the Donchian20 signal remains 1.,0.0,0.0,39939.07,39939.07,18021.18,-1.35,-0.66
2025-09-24,593.31,67.63,19.93,526.7,12.65,69.03,60.97,82.54,1,1,QLD,Hold QLD,No action,,Hold QLD while the Donchian20 signal remains 1.,0.0,0.0,39661.19,39661.19,17957.91,-2.04,-1.01
2025-09-25,590.75,67.02,20.54,527.34,12.03,69.03,60.97,74.99,1,1,QLD,Hold QLD,No action,,Hold QLD while the Donchian20 signal remains 1.,0.0,0.0,39303.96,39303.96,17880.49,-2.92,-1.44
2025-09-26,593.18,67.56,19.33,527.99,12.35,69.03,60.97,81.68,1,1,QLD,Hold QLD,No action,,Hold QLD while the Donchian20 signal remains 1.,0.0,0.0,39620.2,39620.2,17954.0,-2.14,-1.03
2025-09-29,595.93,68.16,19.87,528.67,12.72,69.03,60.97,89.17,1,1,QLD,Hold QLD,No action,,Hold QLD while the Donchian20 signal remains 1.,0.0,0.0,39974.5,39974.5,18037.14,-1.26,-0.58
2025-09-30,597.56,68.5,20.0,529.35,12.89,69.03,60.97,93.38,1,1,QLD,Hold QLD,No action,,Hold QLD while the Donchian20 signal remains 1.,0.0,0.0,40173.61,40173.61,18086.55,-0.77,-0.3
2025-10-01,600.43,69.16,19.87,530.06,13.28,69.03,61.9,101.76,1,1,QLD,Hold QLD,No action,,Hold QLD while the Donchian20 signal remains 1.,0.0,0.0,40560.12,40560.12,18173.31,0.0,0.0
2025-10-02,602.9,69.72,20.01,530.78,13.59,69.16,63.03,109.12,1,1,QLD,Hold QLD,No action,,Hold QLD while the Donchian20 signal remains 1.,0.0,0.0,40888.07,40888.07,18248.02,0.0,0.0
2025-10-03,600.36,69.09,20.08,531.48,12.96,69.72,63.17,90.39,1,1,QLD,Hold QLD,No action,,Hold QLD while the Donchian20 signal remains 1.,0.0,0.0,40519.13,40519.13,18171.2,-0.9,-0.42
2025-10-06,604.87,70.13,20.4,532.21,13.65,69.72,63.79,106.99,1,1,QLD,Hold QLD,No action,,Hold QLD while the Donchian20 signal remains 1.,0.0,0.0,41131.1,41131.1,18307.67,0.0,0.0
2025-10-07,601.68,69.38,20.82,532.9,12.91,70.13,64.13,87.44,1,1,QLD,Hold QLD,No action,,Hold QLD while the Donchian20 signal remains 1.,0.0,0.0,40688.96,40688.96,18211.27,-1.07,-0.53
2025-10-08,608.58,70.96,20.02,533.65,14.04,70.13,64.17,113.82,1,1,QLD,Hold QLD,No action,,Hold QLD while the Donchian20 signal remains 1.,0.0,0.0,41614.24,41614.24,18420.04,0.0,0.0
2025-10-09,607.84,70.77,20.04,534.39,13.75,70.96,64.9,96.95,1,1,QLD,Hold QLD,No action,,Hold QLD while the Donchian20 signal remains 1.,0.0,0.0,41505.9,41505.9,18397.75,-0.26,-0.12
2025-10-10,586.74,65.81,25.23,534.91,9.69,70.96,65.46,6.35,1,1,QLD,Hold QLD,No action,,Hold QLD while the Donchian20 signal remains 1.,0.0,0.0,38595.36,38595.36,17759.08,-7.25,-3.59
2025-10-13,599.19,68.61,22.8,535.55,11.88,70.96,65.81,54.51,1,1,QLD,Hold QLD,No action,,Hold QLD while the Donchian20 signal remains 1.,0.0,0.0,40240.95,40240.95,18135.95,-3.3,-1.54
2025-10-14,595.2,67.7,24.28,536.14,11.02,70.96,65.81,36.76,1,1,QLD,Hold QLD,No action,,Hold QLD while the Donchian20 signal remains 1.,0.0,0.0,39705.11,39705.11,18015.15,-4.59,-2.2
2025-10-15,599.4,68.62,24.42,536.77,11.67,70.96,65.81,54.61,1,1,QLD,Hold QLD,No action,,Hold QLD while the Donchian20 signal remains 1.,0.0,0.0,40243.89,40243.89,18142.28,-3.29,-1.51
2025-10-16,597.18,68.11,28.26,537.37,11.13,70.96,65.81,44.71,1,1,QLD,Hold QLD,No action,,Hold QLD while the Donchian20 signal remains 1.,0.0,0.0,39945.22,39945.22,18075.1,-4.01,-1.87
2025-10-17,601.11,68.98,24.97,538.01,11.73,70.96,65.81,61.59,1,1,QLD,Hold QLD,No action,,Hold QLD while the Donchian20 signal remains 1.,0.0,0.0,40454.71,40454.71,18193.8,-2.79,-1.23
2025-10-20,608.68,70.7,22.64,538.71,12.99,70.96,65.81,95.05,1,1,QLD,Hold QLD,No action,,Hold QLD while the Donchian20 signal remains 1.,0.0,0.0,41464.9,41464.9,18423.05,-0.36,0.0
2025-10-21,608.52,70.66,22.59,539.41,12.81,70.96,65.81,94.28,1,1,QLD,Hold QLD,No action,,Hold QLD while the Donchian20 signal remains 1.,0.0,0.0,41441.48,41441.48,18418.23,-0.42,-0.03
2025-10-22,602.66,69.26,23.3,540.04,11.6,70.96,65.81,67.02,1,1,QLD,Hold QLD,No action,,Hold QLD while the Donchian20 signal remains 1.,0.0,0.0,40618.68,40618.68,18240.79,-2.39,-0.99
2025-10-23,607.72,70.45,21.72,540.71,12.39,70.96,65.81,90.11,1,1,QLD,Hold QLD,No action,,Hold QLD while the Donchian20 signal remains 1.,0.0,0.0,41315.57,41315.57,18394.13,-0.72,-0.16
2025-10-24,614.21,71.88,20.61,541.44,13.44,70.96,65.81,118.04,1,1,QLD,Hold QLD,No action,,Hold QLD while the Donchian20 signal remains 1.,0.0,0.0,42158.86,42158.86,18590.55,0.0,0.0
2025-10-27,625.15,74.46,20.5,542.27,15.28,71.88,65.81,142.4,1,1,QLD,Hold QLD,No action,,Hold QLD while the Donchian20 signal remains 1.,0.0,0.0,43669.77,43669.77,18921.63,0.0,0.0
2025-10-28,629.96,75.58,21.31,543.15,15.98,74.46,65.81,112.98,1,1,QLD,Hold QLD,No action,,Hold QLD while the Donchian20 signal remains 1.,0.0,0.0,44328.59,44328.59,19067.14,0.0,0.0
2025-10-29,632.8,76.27,21.76,544.04,16.31,75.58,65.81,107.05,1,1,QLD,Hold QLD,No action,,Hold QLD while the Donchian20 signal remains 1.,0.0,0.0,44732.66,44732.66,19153.0,0.0,0.0
2025-10-30,623.12,73.92,21.66,544.83,14.37,76.27,65.81,77.48,1,1,QLD,Hold QLD,No action,,Hold QLD while the Donchian20 signal remains 1.,0.0,0.0,43350.6,43350.6,18860.18,-3.09,-1.53
2025-10-31,626.13,74.63,21.99,545.63,14.75,76.27,65.81,84.3,1,1,QLD,Hold QLD,No action,,Hold QLD while the Donchian20 signal remains 1.,0.0,0.0,43769.32,43769.32,18951.16,-2.15,-1.05
2025-11-03,629.12,75.3,21.73,546.46,15.13,76.27,65.81,90.7,1,1,QLD,Hold QLD,No action,,Hold QLD while the Donchian20 signal remains 1.,0.0,0.0,44161.69,44161.69,19041.83,-1.28,-0.58
2025-11-04,616.35,72.21,23.3,547.16,12.65,76.27,65.81,61.21,1,1,QLD,Hold QLD,No action,,Hold QLD while the Donchian20 signal remains 1.,0.0,0.0,42352.12,42352.12,18655.32,-5.32,-2.6
2025-11-05,620.37,73.16,22.6,547.89,13.23,76.27,65.81,70.28,1,1,QLD,Hold QLD,No action,,Hold QLD while the Donchian20 signal remains 1.,0.0,0.0,42908.46,42908.46,18776.73,-4.08,-1.96
2025-11-06,608.81,70.43,24.64,548.49,11.0,76.27,65.81,44.13,1,1,QLD,Hold QLD,No action,,Hold QLD while the Donchian20 signal remains 1.,0.0,0.0,41303.86,41303.86,18426.97,-7.67,-3.79
2025-11-07,606.89,69.95,24.58,549.08,10.53,76.27,65.81,39.6,1,1,QLD,Hold QLD,No action,,Hold QLD while the Donchian20 signal remains 1.,0.0,0.0,41025.69,41025.69,18368.83,-8.29,-4.09
2025-11-10,620.32,73.02,22.62,549.78,12.83,76.27,67.7,62.03,1,1,QLD,Hold QLD,No action,,Hold QLD while the Donchian20 signal remains 1.,0.0,0.0,42823.54,42823.54,18775.22,-4.27,-1.97
2025-11-11,618.66,72.63,22.67,550.47,12.39,76.27,67.7,57.48,1,1,QLD,Hold QLD,No action,,Hold QLD while the Donchian20 signal remains 1.,0.0,0.0,42595.16,42595.16,18725.21,-4.78,-2.23
2025-11-12,618.18,72.5,23.06,551.14,12.16,76.27,68.11,53.82,1,1,QLD,Hold QLD,No action,,Hold QLD while the Donchian20 signal remains 1.,0.0,0.0,42521.95,42521.95,18710.45,-4.94,-2.31
2025-11-13,605.55,69.52,25.88,551.69,9.76,76.27,68.11,17.31,1,1,QLD,Hold QLD,No action,,Hold QLD while the Donchian20 signal remains 1.,0.0,0.0,40773.87,40773.87,18328.46,-8.85,-4.31
2025-11-14,606.01,69.59,26.15,552.23,9.74,76.27,68.98,8.42,1,1,QLD,Hold QLD,No action,,Hold QLD while the Donchian20 signal remains 1.,0.0,0.0,40814.86,40814.86,18342.32,-8.76,-4.23
2025-11-17,600.84,68.4,28.16,552.71,8.71,76.27,69.26,-12.24,1,0,QQQ,Hold QQQ,Reduce QLD to QQQ,QLD->QQQ_on_Donchian_exit,QLD closed below its prior 20-day low; the signal changed to 0 and the account reduced to QQQ.,0.0,40115.05,0.0,40115.05,18185.66,-10.32,-5.05
2025-11-18,593.52,66.74,30.51,553.12,7.31,76.27,68.4,-21.12,0,0,QQQ,Hold QQQ,No action,,Hold QQQ after the Donchian exit while QQQ remains at or above EMA200.,0.0,39626.61,0.0,39626.61,17964.24,-11.41,-6.21
2025-11-19,597.06,67.5,29.3,553.55,7.86,76.27,66.74,7.96,0,0,QQQ,Hold QQQ,No action,,Hold QQQ after the Donchian exit while QQQ remains at or above EMA200.,0.0,39863.19,0.0,39863.19,18071.49,-10.89,-5.65
2025-11-20,582.93,64.32,32.72,553.85,5.25,76.27,66.74,-25.39,0,0,QQQ,Hold QQQ,No action,,Hold QQQ after the Donchian exit while QQQ remains at or above EMA200.,0.0,38919.55,0.0,38919.55,17643.7,-13.0,-7.88
2025-11-21,587.31,65.26,28.95,554.18,5.98,76.27,64.32,7.93,0,0,QQQ,Hold QQQ,No action,,Hold QQQ after the Donchian exit while QQQ remains at or above EMA200.,0.0,39211.95,0.0,39211.95,17776.25,-12.34,-7.19
2025-11-24,602.33,68.63,25.57,554.66,8.59,76.27,64.32,36.08,0,0,QQQ,Hold QQQ,No action,,Hold QQQ after the Donchian exit while QQQ remains at or above EMA200.,0.0,40214.73,0.0,40214.73,18230.85,-10.1,-4.81
2025-11-25,606.04,69.41,23.67,555.17,9.16,76.27,64.32,42.59,0,0,QQQ,Hold QQQ,No action,,Hold QQQ after the Donchian exit while QQQ remains at or above EMA200.,0.0,40462.6,0.0,40462.6,18343.22,-9.55,-4.23
2025-11-26,611.4,70.64,22.26,555.73,10.02,76.27,64.32,52.86,0,0,QQQ,Hold QQQ,No action,,Hold QQQ after the Donchian exit while QQQ remains at or above EMA200.,0.0,40820.11,0.0,40820.11,18505.3,-8.75,-3.38
2025-11-28,616.35,71.7,21.17,556.33,10.79,75.3,64.32,67.27,0,0,QQQ,Hold QQQ,No action,,Hold QQQ after the Donchian exit while QQQ remains at or above EMA200.,0.0,41151.05,0.0,41151.05,18655.32,-8.01,-2.6
2025-12-01,614.28,71.25,22.06,556.91,10.3,75.3,64.32,63.09,0,0,QQQ,Hold QQQ,No action,,Hold QQQ after the Donchian exit while QQQ remains at or above EMA200.,0.0,41012.82,0.0,41012.82,18592.66,-8.32,-2.93
2025-12-02,619.09,72.36,21.28,557.53,11.04,75.3,64.32,73.27,0,0,QQQ,Hold QQQ,No action,,Hold QQQ after the Donchian exit while QQQ remains at or above EMA200.,0.0,41333.79,0.0,41333.79,18738.17,-7.6,-2.17
2025-12-03,620.6,72.68,20.65,558.15,11.19,73.16,64.32,94.58,0,0,QQQ,Hold QQQ,No action,,Hold QQQ after the Donchian exit while QQQ remains at or above EMA200.,0.0,41434.8,0.0,41434.8,18783.96,-7.37,-1.93
2025-12-04,620.03,72.51,20.19,558.77,10.96,73.16,64.32,92.66,0,0,QQQ,Hold QQQ,No action,,Hold QQQ after the Donchian exit while QQQ remains at or above EMA200.,0.0,41396.26,0.0,41396.26,18766.49,-7.46,-2.02
2025-12-05,622.55,73.11,19.62,559.4,11.29,73.02,64.32,101.09,0,1,QLD,Hold QLD,Buy QLD,toQLD,QLD closed above its prior 20-day high; the signal changed to 1 and the account moved fully into QLD.,0.0,0.0,41565.05,41565.05,18843.0,-7.08,-1.62
2025-12-08,621.36,72.78,20.75,560.02,10.95,73.11,64.32,96.25,1,1,QLD,Hold QLD,No action,,Hold QLD while the Donchian20 signal remains 1.,0.0,0.0,41377.71,41377.71,18806.85,-7.5,-1.81
2025-12-09,622.13,72.99,20.76,560.64,10.97,73.11,64.32,98.64,1,1,QLD,Hold QLD,No action,,Hold QLD while the Donchian20 signal remains 1.,0.0,0.0,41496.92,41496.92,18830.05,-7.23,-1.69
2025-12-10,624.67,73.55,19.67,561.28,11.3,73.11,64.32,104.99,1,1,QLD,Hold QLD,No action,,Hold QLD while the Donchian20 signal remains 1.,0.0,0.0,41814.82,41814.82,18907.17,-6.52,-1.28
2025-12-11,622.65,73.07,18.4,561.89,10.81,73.55,64.32,94.81,1,1,QLD,Hold QLD,No action,,Hold QLD while the Donchian20 signal remains 1.,0.0,0.0,41542.34,41542.34,18846.02,-7.13,-1.6
2025-12-12,610.75,70.24,20.62,562.37,8.6,73.55,64.32,64.11,1,1,QLD,Hold QLD,No action,,Hold QLD while the Donchian20 signal remains 1.,0.0,0.0,39930.15,39930.15,18485.71,-10.74,-3.48
2025-12-15,607.68,69.53,20.71,562.82,7.97,73.55,64.32,56.43,1,1,QLD,Hold QLD,No action,,Hold QLD while the Donchian20 signal remains 1.,0.0,0.0,39527.1,39527.1,18392.93,-11.64,-3.97
2025-12-16,608.89,69.8,20.19,563.28,8.1,73.55,64.32,59.35,1,1,QLD,Hold QLD,No action,,Hold QLD while the Donchian20 signal remains 1.,0.0,0.0,39680.37,39680.37,18429.38,-11.29,-3.78
2025-12-17,597.6,67.18,21.78,563.62,6.03,73.55,64.32,31.03,1,1,QLD,Hold QLD,No action,,Hold QLD while the Donchian20 signal remains 1.,0.0,0.0,38193.07,38193.07,18087.75,-14.62,-5.56
2025-12-18,606.26,69.14,20.72,564.05,7.48,73.55,64.32,52.22,1,1,QLD,Hold QLD,No action,,Hold QLD while the Donchian20 signal remains 1.,0.0,0.0,39305.71,39305.71,18349.85,-12.13,-4.19
2025-12-19,614.16,70.95,18.52,564.55,8.79,73.55,64.32,71.78,1,1,QLD,Hold QLD,No action,,Hold QLD while the Donchian20 signal remains 1.,0.0,0.0,40333.2,40333.2,18589.05,-9.84,-2.94
2025-12-22,617.11,71.56,17.85,565.07,9.21,73.55,65.26,76.02,1,1,QLD,Hold QLD,No action,,Hold QLD while the Donchian20 signal remains 1.,0.0,0.0,40685.15,40685.15,18678.15,-9.05,-2.48
2025-12-23,620.0,72.25,17.47,565.62,9.61,73.55,67.18,79.62,1,1,QLD,Hold QLD,No action,,Hold QLD while the Donchian20 signal remains 1.,0.0,0.0,41076.85,41076.85,18765.63,-8.17,-2.02
2025-12-24,621.81,72.65,17.2,566.18,9.83,73.55,67.18,85.79,1,1,QLD,Hold QLD,No action,,Hold QLD while the Donchian20 signal remains 1.,0.0,0.0,41300.02,41300.02,18820.53,-7.67,-1.74
2025-12-26,621.77,72.6,17.38,566.73,9.71,73.55,67.18,85.0,1,1,QLD,Hold QLD,No action,,Hold QLD while the Donchian20 signal remains 1.,0.0,0.0,41271.62,41271.62,18819.32,-7.74,-1.74
2025-12-29,618.76,71.88,18.39,567.25,9.08,73.55,67.18,73.71,1,1,QLD,Hold QLD,No action,,Hold QLD while the Donchian20 signal remains 1.,0.0,0.0,40862.77,40862.77,18728.22,-8.65,-2.22
2025-12-30,617.33,71.53,18.95,567.74,8.73,73.55,67.18,68.23,1,1,QLD,Hold QLD,No action,,Hold QLD while the Donchian20 signal remains 1.,0.0,0.0,40664.02,40664.02,18684.79,-9.1,-2.44
2025-12-31,612.22,70.33,19.56,568.19,7.75,73.55,67.18,49.41,1,1,QLD,Hold QLD,No action,,Hold QLD while the Donchian20 signal remains 1.,0.0,0.0,39982.6,39982.6,18530.34,-10.62,-3.25
2026-01-02,611.04,70.02,19.75,568.61,7.46,73.55,67.18,44.55,1,1,QLD,Hold QLD,No action,,Hold QLD while the Donchian20 signal remains 1.,0.0,0.0,39806.56,39806.56,18494.45,-11.01,-3.44
2026-01-05,615.89,71.12,20.01,569.08,8.23,73.55,67.18,61.8,1,1,QLD,Hold QLD,No action,,Hold QLD while the Donchian20 signal remains 1.,0.0,0.0,40431.2,40431.2,18641.35,-9.62,-2.67
2026-01-06,621.3,72.38,19.53,569.6,9.08,73.55,67.18,81.55,1,1,QLD,Hold QLD,No action,,Hold QLD while the Donchian20 signal remains 1.,0.0,0.0,41146.69,41146.69,18805.14,-8.02,-1.82
2026-01-07,621.9,72.51,20.03,570.12,9.08,73.55,67.18,83.59,1,1,QLD,Hold QLD,No action,,Hold QLD while the Donchian20 signal remains 1.,0.0,0.0,41220.52,41220.52,18823.24,-7.85,-1.72
2026-01-08,618.36,71.67,20.15,570.6,8.37,73.55,67.18,70.42,1,1,QLD,Hold QLD,No action,,Hold QLD while the Donchian20 signal remains 1.,0.0,0.0,40743.52,40743.52,18716.16,-8.92,-2.28
2026-01-09,624.52,73.06,19.06,571.14,9.35,73.55,67.18,92.21,1,1,QLD,Hold QLD,No action,,Hold QLD while the Donchian20 signal remains 1.,0.0,0.0,41532.83,41532.83,18902.58,-7.15,-1.31
2026-01-12,625.04,73.19,19.53,571.68,9.33,73.07,67.18,101.92,1,1,QLD,Hold QLD,No action,,Hold QLD while the Donchian20 signal remains 1.,0.0,0.0,41606.65,41606.65,18918.26,-6.99,-1.23
2026-01-13,624.11,72.93,20.05,572.2,9.07,73.19,67.18,95.68,1,1,QLD,Hold QLD,No action,,Hold QLD while the Donchian20 signal remains 1.,0.0,0.0,41459.02,41459.02,18890.21,-7.32,-1.37
2026-01-14,617.45,71.41,20.96,572.65,7.82,73.19,67.18,70.39,1,1,QLD,Hold QLD,No action,,Hold QLD while the Donchian20 signal remains 1.,0.0,0.0,40595.88,40595.88,18688.41,-9.25,-2.43
2026-01-15,619.67,71.86,20.2,573.12,8.12,73.19,67.18,77.88,1,1,QLD,Hold QLD,No action,,Hold QLD while the Donchian20 signal remains 1.,0.0,0.0,40851.41,40851.41,18755.67,-8.68,-2.07
2026-01-16,619.15,71.67,20.29,573.57,7.95,73.19,67.18,74.71,1,1,QLD,Hold QLD,No action,,Hold QLD while the Donchian20 signal remains 1.,0.0,0.0,40743.52,40743.52,18739.99,-8.92,-2.16
2026-01-20,606.0,68.65,24.26,573.9,5.59,73.19,69.14,-12.04,1,0,QQQ,Hold QQQ,Reduce QLD to QQQ,QLD->QQQ_on_Donchian_exit,QLD closed below its prior 20-day low; the signal changed to 0 and the account reduced to QQQ.,0.0,39028.6,0.0,39028.6,18341.82,-12.75,-4.24
2026-01-21,614.19,70.46,21.19,574.3,6.95,73.19,68.65,39.87,0,0,QQQ,Hold QQQ,No action,,Hold QQQ after the Donchian exit while QQQ remains at or above EMA200.,0.0,39556.2,0.0,39556.2,18589.77,-11.57,-2.94
2026-01-22,618.65,71.53,20.08,574.74,7.64,73.19,68.65,63.44,0,0,QQQ,Hold QQQ,No action,,Hold QQQ after the Donchian exit while QQQ remains at or above EMA200.,0.0,39843.75,0.0,39843.75,18724.9,-10.93,-2.24
2026-01-23,620.61,71.97,20.37,575.2,7.89,73.19,68.65,73.13,0,0,QQQ,Hold QQQ,No action,,Hold QQQ after the Donchian exit while QQQ remains at or above EMA200.,0.0,39969.56,0.0,39969.56,18784.03,-10.65,-1.93
2026-01-26,623.34,72.58,20.43,575.68,8.28,73.19,68.65,86.56,0,0,QQQ,Hold QQQ,No action,,Hold QQQ after the Donchian exit while QQQ remains at or above EMA200.,0.0,40145.43,0.0,40145.43,18866.68,-10.25,-1.49
2026-01-27,628.99,73.87,20.55,576.21,9.16,73.19,68.65,115.2,0,1,QLD,Hold QLD,Buy QLD,toQLD,QLD closed above its prior 20-day high; the signal changed to 1 and the account moved fully into QLD.,0.0,0.0,40509.36,40509.36,19037.71,-9.44,-0.6
2026-01-28,631.07,74.27,20.37,576.75,9.42,73.87,68.65,107.65,1,1,QLD,Hold QLD,No action,,Hold QLD while the Donchian20 signal remains 1.,0.0,0.0,40728.45,40728.45,19100.75,-8.95,-0.27
2026-01-29,627.29,73.44,21.44,577.25,8.67,74.27,68.65,85.08,1,1,QLD,Hold QLD,No action,,Hold QLD while the Donchian20 signal remains 1.,0.0,0.0,40268.36,40268.36,18986.43,-9.98,-0.87
2026-01-30,619.76,71.63,22.52,577.68,7.28,74.27,68.65,52.93,1,1,QLD,Hold QLD,No action,,Hold QLD while the Donchian20 signal remains 1.,0.0,0.0,39276.99,39276.99,18758.39,-12.2,-2.06
2026-02-02,624.01,72.65,21.23,578.14,7.94,74.27,68.65,71.05,1,1,QLD,Hold QLD,No action,,Hold QLD while the Donchian20 signal remains 1.,0.0,0.0,39835.66,39835.66,18887.19,-10.95,-1.39
2026-02-03,614.43,70.38,23.45,578.5,6.21,74.27,68.65,30.73,1,1,QLD,Hold QLD,No action,,Hold QLD while the Donchian20 signal remains 1.,0.0,0.0,38592.34,38592.34,18597.01,-13.73,-2.9
2026-02-04,603.69,67.9,26.01,578.75,4.31,74.27,68.65,-13.32,1,0,QQQ,Hold QQQ,Reduce QLD to QQQ,QLD->QQQ_on_Donchian_exit,QLD closed below its prior 20-day low; the signal changed to 0 and the account reduced to QQQ.,0.0,37234.0,0.0,37234.0,18272.14,-16.76,-4.6
2026-02-05,595.0,65.96,29.19,578.91,2.78,74.27,67.9,-30.41,0,0,QQQ,Hold QQQ,No action,,Hold QQQ after the Donchian exit while QQQ remains at or above EMA200.,0.0,36698.01,0.0,36698.01,18009.1,-17.96,-5.97
2026-02-06,607.58,68.71,24.3,579.2,4.9,74.27,65.96,33.05,0,0,QQQ,Hold QQQ,No action,,Hold QQQ after the Donchian exit while QQQ remains at or above EMA200.,0.0,37473.72,0.0,37473.72,18389.78,-16.23,-3.98
2026-02-09,612.23,69.75,23.42,579.53,5.64,74.27,65.96,45.55,0,0,QQQ,Hold QQQ,No action,,Hold QQQ after the Donchian exit while QQQ remains at or above EMA200.,0.0,37760.78,0.0,37760.78,18530.65,-15.59,-3.25
2026-02-10,609.39,69.1,23.46,579.82,5.1,74.27,65.96,37.74,0,0,QQQ,Hold QQQ,No action,,Hold QQQ after the Donchian exit while QQQ remains at or above EMA200.,0.0,37585.59,0.0,37585.59,18444.68,-15.98,-3.7
2026-02-11,611.03,69.44,23.26,580.13,5.33,74.27,65.96,41.83,0,0,QQQ,Hold QQQ,No action,,Hold QQQ after the Donchian exit while QQQ remains at or above EMA200.,0.0,37686.4,0.0,37686.4,18494.15,-15.75,-3.44
2026-02-12,598.6,66.61,26.87,580.32,3.15,74.27,65.96,7.81,0,0,QQQ,Hold QQQ,No action,,Hold QQQ after the Donchian exit while QQQ remains at or above EMA200.,0.0,36919.9,0.0,36919.9,18118.0,-17.47,-5.4
2026-02-13,599.88,66.84,26.37,580.51,3.34,74.27,65.96,10.58,0,0,QQQ,Hold QQQ,No action,,Hold QQQ after the Donchian exit while QQQ remains at or above EMA200.,0.0,36998.58,0.0,36998.58,18156.61,-17.29,-5.2
2026-02-17,599.26,66.69,25.98,580.7,3.2,74.27,65.96,8.77,0,0,QQQ,Hold QQQ,No action,,Hold QQQ after the Donchian exit while QQQ remains at or above EMA200.,0.0,36960.46,0.0,36960.46,18137.9,-17.37,-5.3
2026-02-18,603.73,67.67,24.96,580.93,3.93,74.27,65.96,20.55,0,0,QQQ,Hold QQQ,No action,,Hold QQQ after the Donchian exit while QQQ remains at or above EMA200.,0.0,37236.46,0.0,37236.46,18273.34,-16.76,-4.59
2026-02-19,601.42,67.16,25.64,581.13,3.49,74.27,65.96,14.42,0,0,QQQ,Hold QQQ,No action,,Hold QQQ after the Donchian exit while QQQ remains at or above EMA200.,0.0,37093.85,0.0,37093.85,18203.36,-17.08,-4.96
2026-02-20,606.74,68.32,24.23,581.39,4.36,74.27,65.96,28.37,0,0,QQQ,Hold QQQ,No action,,Hold QQQ after the Donchian exit while QQQ remains at or above EMA200.,0.0,37422.09,0.0,37422.09,18364.44,-16.34,-4.12
2026-02-23,599.37,66.67,26.36,581.57,3.06,74.27,65.96,8.53,0,0,QQQ,Hold QQQ,No action,,Hold QQQ after the Donchian exit while QQQ remains at or above EMA200.,0.0,36967.23,0.0,36967.23,18141.22,-17.36,-5.28
2026-02-24,605.81,68.05,24.82,581.81,4.13,74.27,65.96,25.12,0,0,QQQ,Hold QQQ,No action,,Hold QQQ after the Donchian exit while QQQ remains at or above EMA200.,0.0,37364.31,0.0,37364.31,18336.08,-16.47,-4.27
2026-02-25,614.59,70.0,22.94,582.13,5.58,74.27,65.96,48.56,0,0,QQQ,Hold QQQ,No action,,Hold QQQ after the Donchian exit while QQQ remains at or above EMA200.,0.0,37905.84,0.0,37905.84,18601.83,-15.26,-2.88
2026-02-26,607.17,68.36,23.61,582.38,4.26,74.27,65.96,28.85,0,0,QQQ,Hold QQQ,No action,,Hold QQQ after the Donchian exit while QQQ remains at or above EMA200.,0.0,37448.52,0.0,37448.52,18377.41,-16.28,-4.05
2026-02-27,605.23,67.91,24.52,582.61,3.88,73.44,65.96,26.07,0,0,QQQ,Hold QQQ,No action,,Hold QQQ after the Donchian exit while QQQ remains at or above EMA200.,0.0,37328.66,0.0,37328.66,18318.59,-16.55,-4.36
2026-03-02,606.03,68.05,25.4,582.84,3.98,72.65,65.96,31.24,0,0,QQQ,Hold QQQ,No action,,Hold QQQ after the Donchian exit while QQQ remains at or above EMA200.,0.0,37377.83,0.0,37377.83,18342.72,-16.44,-4.23
2026-03-03,599.54,66.6,27.51,583.01,2.84,72.65,65.96,9.57,0,0,QQQ,Hold QQQ,No action,,Hold QQQ after the Donchian exit while QQQ remains at or above EMA200.,0.0,36977.68,0.0,36977.68,18146.35,-17.34,-5.26
2026-03-04,608.68,68.57,24.87,583.26,4.36,70.38,65.96,59.05,0,0,QQQ,Hold QQQ,No action,,Hold QQQ after the Donchian exit while QQQ remains at or above EMA200.,0.0,37541.34,0.0,37541.34,18422.96,-16.08,-3.81
2026-03-05,606.84,68.18,26.0,583.5,4.0,70.0,65.96,54.95,0,0,QQQ,Hold QQQ,No action,,Hold QQQ after the Donchian exit while QQQ remains at or above EMA200.,0.0,37428.23,0.0,37428.23,18367.45,-16.33,-4.1
2026-03-06,597.71,66.11,31.44,583.64,2.41,70.0,65.96,3.71,0,0,QQQ,Hold QQQ,No action,,Hold QQQ after the Donchian exit while QQQ remains at or above EMA200.,0.0,36865.19,0.0,36865.19,18091.15,-17.59,-5.54
2026-03-09,605.7,67.86,27.69,583.86,3.74,70.0,66.11,44.99,0,0,QQQ,Hold QQQ,No action,,Hold QQQ after the Donchian exit while QQQ remains at or above EMA200.,0.0,37357.55,0.0,37357.55,18332.77,-16.49,-4.28
2026-03-10,605.71,67.83,27.33,584.08,3.7,70.0,66.11,44.22,0,0,QQQ,Hold QQQ,No action,,Hold QQQ after the Donchian exit while QQQ remains at or above EMA200.,0.0,37358.16,0.0,37358.16,18333.07,-16.49,-4.28
2026-03-11,605.63,67.82,26.82,584.29,3.65,70.0,66.11,43.96,0,0,QQQ,Hold QQQ,No action,,Hold QQQ after the Donchian exit while QQQ remains at or above EMA200.,0.0,37353.24,0.0,37353.24,18330.66,-16.5,-4.29
2026-03-12,595.23,65.5,29.83,584.4,1.85,70.0,66.11,-15.68,0,0,QQQ,Hold QQQ,No action,,Hold QQQ after the Donchian exit while QQQ remains at or above EMA200.,0.0,36712.14,0.0,36712.14,18016.04,-17.93,-5.94
2026-03-13,591.7,64.69,29.87,584.47,1.24,70.0,65.5,-18.22,0,0,QQQ,Hold QQQ,No action,,Hold QQQ after the Donchian exit while QQQ remains at or above EMA200.,0.0,36494.54,0.0,36494.54,17909.26,-18.42,-6.49
2026-03-16,598.34,66.11,26.32,584.61,2.35,70.0,64.69,26.88,0,0,QQQ,Hold QQQ,No action,,Hold QQQ after the Donchian exit while QQQ remains at or above EMA200.,0.0,36903.92,0.0,36903.92,18110.15,-17.5,-5.44
2026-03-17,601.26,66.77,24.66,584.78,2.82,70.0,64.69,39.29,0,0,QQQ,Hold QQQ,No action,,Hold QQQ after the Donchian exit while QQQ remains at or above EMA200.,0.0,37084.02,0.0,37084.02,18198.54,-17.1,-4.98
2026-03-18,592.88,64.88,27.72,584.86,1.37,70.0,64.69,3.57,0,0,QQQ,Hold QQQ,No action,,Hold QQQ after the Donchian exit while QQQ remains at or above EMA200.,0.0,36567.08,0.0,36567.08,17944.85,-18.25,-6.31
2026-03-19,591.01,64.46,26.9,584.92,1.04,70.0,64.69,-4.32,0,0,QQQ,Hold QQQ,No action,,Hold QQQ after the Donchian exit while QQQ remains at or above EMA200.,0.0,36451.52,0.0,36451.52,17888.14,-18.51,-6.6
2026-03-20,580.08,62.06,29.2,584.87,-0.82,70.0,64.46,-43.24,0,0,Cash,Hold Cash,Sell QQQ to Cash,QQQ->Cash_below_EMA200,QQQ closed below EMA200 while held; the account moved fully to Cash.,35777.83,0.0,0.0,35777.83,17557.54,-20.02,-8.33
2026-03-23,586.74,63.51,27.98,584.89,0.32,70.0,62.06,18.24,0,0,Cash,Hold Cash,No action,,Hold Cash until QLD creates a new Donchian20 breakout; QQQ moving above EMA200 alone is not a re-entry.,35777.83,0.0,0.0,35777.83,17759.08,-20.02,-7.28
2026-03-24,582.73,62.57,28.74,584.87,-0.37,70.0,62.06,6.42,0,0,Cash,Hold Cash,No action,,Hold Cash until QLD creates a new Donchian20 breakout; QQQ moving above EMA200 alone is not a re-entry.,35777.83,0.0,0.0,35777.83,17637.67,-20.02,-7.91
2026-03-25,586.56,63.37,27.65,584.88,0.29,70.0,62.06,16.52,0,0,Cash,Hold Cash,No action,,Hold Cash until QLD creates a new Donchian20 breakout; QQQ moving above EMA200 alone is not a re-entry.,35777.83,0.0,0.0,35777.83,17753.65,-20.02,-7.31
2026-03-26,572.56,60.37,29.86,584.76,-2.09,68.57,62.06,-25.88,0,0,Cash,Hold Cash,No action,,Hold Cash until QLD creates a new Donchian20 breakout; QQQ moving above EMA200 alone is not a re-entry.,35777.83,0.0,0.0,35777.83,17329.9,-20.02,-9.52
2026-03-27,561.38,58.0,33.54,584.53,-3.96,68.57,60.37,-29.0,0,0,Cash,Hold Cash,No action,,Hold Cash until QLD creates a new Donchian20 breakout; QQQ moving above EMA200 alone is not a re-entry.,35777.83,0.0,0.0,35777.83,16991.33,-20.02,-11.29
2026-03-30,557.09,57.11,33.26,584.26,-4.65,68.57,58.0,-8.41,0,0,Cash,Hold Cash,No action,,Hold Cash until QLD creates a new Donchian20 breakout; QQQ moving above EMA200 alone is not a re-entry.,35777.83,0.0,0.0,35777.83,16861.46,-20.02,-11.96
2026-03-31,575.95,60.94,28.24,584.17,-1.41,68.57,57.11,33.46,0,0,Cash,Hold Cash,No action,,Hold Cash until QLD creates a new Donchian20 breakout; QQQ moving above EMA200 alone is not a re-entry.,35777.83,0.0,0.0,35777.83,17432.29,-20.02,-8.98
2026-04-01,583.06,62.43,27.56,584.16,-0.19,68.57,57.11,46.45,0,0,Cash,Hold Cash,No action,,Hold Cash until QLD creates a new Donchian20 breakout; QQQ moving above EMA200 alone is not a re-entry.,35777.83,0.0,0.0,35777.83,17647.63,-20.02,-7.86
2026-04-02,583.73,62.54,27.04,584.16,-0.07,68.18,57.11,49.07,0,0,Cash,Hold Cash,No action,,Hold Cash until QLD creates a new Donchian20 breakout; QQQ moving above EMA200 alone is not a re-entry.,35777.83,0.0,0.0,35777.83,17667.87,-20.02,-7.75
2026-04-06,587.24,63.29,27.39,584.19,0.52,67.86,57.11,57.5,0,0,Cash,Hold Cash,No action,,Hold Cash until QLD creates a new Donchian20 breakout; QQQ moving above EMA200 alone is not a re-entry.,35777.83,0.0,0.0,35777.83,17774.18,-20.02,-7.2
2026-04-07,587.33,63.33,28.43,584.22,0.53,67.86,57.11,57.87,0,0,Cash,Hold Cash,No action,,Hold Cash until QLD creates a new Donchian20 breakout; QQQ moving above EMA200 alone is not a re-entry.,35777.83,0.0,0.0,35777.83,17776.9,-20.02,-7.18
2026-04-08,604.79,67.02,25.24,584.42,3.49,67.83,57.11,92.4,0,0,Cash,Hold Cash,No action,,Hold Cash until QLD creates a new Donchian20 breakout; QQQ moving above EMA200 alone is not a re-entry.,35777.83,0.0,0.0,35777.83,18305.45,-20.02,-4.43
2026-04-09,608.89,67.95,23.5,584.67,4.14,67.82,57.11,101.16,0,1,QLD,Hold QLD,Buy QLD,toQLD,QLD closed above its prior 20-day high; the signal changed to 1 and the account moved fully into QLD.,0.0,0.0,35777.83,35777.83,18429.28,-20.02,-3.78
2026-04-10,609.76,68.13,23.09,584.92,4.25,67.95,57.11,101.66,1,1,QLD,Hold QLD,No action,,Hold QLD while the Donchian20 signal remains 1.,0.0,0.0,35872.53,35872.53,18455.85,-19.81,-3.64
2026-04-13,616.07,69.52,22.19,585.23,5.27,68.13,57.11,112.69,1,1,QLD,Hold QLD,No action,,Hold QLD while the Donchian20 signal remains 1.,0.0,0.0,36609.01,36609.01,18646.73,-18.16,-2.64
2026-04-14,627.26,72.03,21.8,585.65,7.11,69.52,57.11,120.19,1,1,QLD,Hold QLD,No action,,Hold QLD while the Donchian20 signal remains 1.,0.0,0.0,37929.44,37929.44,18985.3,-15.21,-0.88
2026-04-15,636.04,74.04,22.25,586.15,8.51,72.03,57.11,113.45,1,1,QLD,Hold QLD,No action,,Hold QLD while the Donchian20 signal remains 1.,0.0,0.0,38986.84,38986.84,19251.09,-12.84,0.0
2026-04-16,639.1,74.73,22.18,586.67,8.94,74.04,57.11,104.07,1,1,QLD,Hold QLD,No action,,Hold QLD while the Donchian20 signal remains 1.,0.0,0.0,39349.83,39349.83,19343.81,-12.03,0.0
2026-04-17,647.46,76.66,21.57,587.28,10.25,74.73,57.11,110.94,1,1,QLD,Hold QLD,No action,,Hold QLD while the Donchian20 signal remains 1.,0.0,0.0,40365.14,40365.14,19596.9,-9.76,0.0
2026-04-20,645.41,76.2,22.93,587.86,9.79,76.66,57.11,97.65,1,1,QLD,Hold QLD,No action,,Hold QLD while the Donchian20 signal remains 1.,0.0,0.0,40123.15,40123.15,19534.69,-10.3,-0.32
2026-04-21,642.95,75.6,23.8,588.41,9.27,76.66,57.11,94.58,1,1,QLD,Hold QLD,No action,,Hold QLD while the Donchian20 signal remains 1.,0.0,0.0,39807.5,39807.5,19460.39,-11.01,-0.7
2026-04-22,653.71,78.11,23.58,589.06,10.98,76.66,57.11,107.41,1,1,QLD,Hold QLD,No action,,Hold QLD while the Donchian20 signal remains 1.,0.0,0.0,41127.94,41127.94,19785.97,-8.06,0.0
2026-04-23,650.03,77.23,23.32,589.66,10.24,78.11,57.11,95.81,1,1,QLD,Hold QLD,No action,,Hold QLD while the Donchian20 signal remains 1.,0.0,0.0,40665.0,40665.0,19674.52,-9.09,-0.56
2026-04-24,662.46,80.16,23.38,590.39,12.21,78.11,57.11,109.8,1,1,QLD,Hold QLD,No action,,Hold QLD while the Donchian20 signal remains 1.,0.0,0.0,42211.63,42211.63,20050.85,-5.64,0.0
2026-04-27,662.81,80.21,23.08,591.11,12.13,80.16,57.11,100.22,1,1,QLD,Hold QLD,No action,,Hold QLD while the Donchian20 signal remains 1.,0.0,0.0,42237.94,42237.94,20061.42,-5.58,0.0
2026-04-28,656.14,78.6,23.24,591.75,10.88,80.21,57.11,93.0,1,1,QLD,Hold QLD,No action,,Hold QLD while the Donchian20 signal remains 1.,0.0,0.0,41385.71,41385.71,19859.67,-7.48,-1.01
2026-04-29,660.16,79.56,23.76,592.43,11.43,80.21,60.94,96.63,1,1,QLD,Hold QLD,No action,,Hold QLD while the Donchian20 signal remains 1.,0.0,0.0,41896.0,41896.0,19981.08,-6.34,-0.4
2026-04-30,666.31,80.97,21.79,593.17,12.33,80.21,62.43,104.27,1,1,QLD,Hold QLD,No action,,Hold QLD while the Donchian20 signal remains 1.,0.0,0.0,42637.75,42637.75,20167.43,-4.68,0.0
2026-05-01,672.71,82.52,21.92,593.96,13.26,80.97,62.54,108.4,1,1,QLD,Hold QLD,No action,,Hold QLD while the Donchian20 signal remains 1.,0.0,0.0,43453.15,43453.15,20361.03,-2.86,0.0
2026-05-04,671.44,82.2,23.04,594.73,12.9,82.52,63.29,98.34,1,1,QLD,Hold QLD,No action,,Hold QLD while the Donchian20 signal remains 1.,0.0,0.0,43284.81,43284.81,20322.67,-3.24,-0.19
2026-05-05,680.15,84.31,22.46,595.58,14.2,82.52,63.33,109.32,1,1,QLD,Hold QLD,No action,,Hold QLD while the Donchian20 signal remains 1.,0.0,0.0,44394.81,44394.81,20586.34,-0.76,0.0
2026-05-06,694.28,87.77,23.58,596.56,16.38,84.31,67.02,119.99,1,1,QLD,Hold QLD,No action,,Hold QLD while the Donchian20 signal remains 1.,0.0,0.0,46215.01,46215.01,21014.01,0.0,0.0
2026-05-07,693.45,87.58,23.15,597.53,16.05,87.77,67.95,99.04,1,1,QLD,Hold QLD,No action,,Hold QLD while the Donchian20 signal remains 1.,0.0,0.0,46115.05,46115.05,20988.94,-0.22,-0.12
2026-05-08,709.71,91.63,23.76,598.64,18.55,87.77,68.13,119.68,1,1,QLD,Hold QLD,No action,,Hold QLD while the Donchian20 signal remains 1.,0.0,0.0,48250.89,48250.89,21480.94,0.0,0.0
2026-05-11,711.77,92.17,24.74,599.77,18.67,91.63,69.52,102.44,1,1,QLD,Hold QLD,No action,,Hold QLD while the Donchian20 signal remains 1.,0.0,0.0,48534.96,48534.96,21543.15,0.0,0.0
2026-05-12,705.73,90.6,24.13,600.82,17.46,92.17,72.03,92.21,1,1,QLD,Hold QLD,No action,,Hold QLD while the Donchian20 signal remains 1.,0.0,0.0,47709.04,47709.04,21360.43,-1.7,-0.85
2026-05-13,713.18,92.46,24.59,601.94,18.48,92.17,74.04,101.6,1,1,QLD,Hold QLD,No action,,Hold QLD while the Donchian20 signal remains 1.,0.0,0.0,48687.52,48687.52,21586.04,0.0,0.0
2026-05-14,718.25,93.81,24.08,603.1,19.09,92.46,74.73,107.61,1,1,QLD,Hold QLD,No action,,Hold QLD while the Donchian20 signal remains 1.,0.0,0.0,49397.71,49397.71,21739.47,0.0,0.0
2026-05-15,707.41,90.94,25.33,604.14,17.09,93.81,75.6,84.26,1,1,QLD,Hold QLD,No action,,Hold QLD while the Donchian20 signal remains 1.,0.0,0.0,47887.9,47887.9,21411.47,-3.06,-1.51
2026-05-18,704.37,90.11,24.21,605.14,16.4,93.81,75.6,79.7,1,1,QLD,Hold QLD,No action,,Hold QLD while the Donchian20 signal remains 1.,0.0,0.0,47451.26,47451.26,21319.35,-3.94,-1.93
2026-05-19,700.03,89.05,24.09,606.08,15.5,93.81,75.6,73.83,1,1,QLD,Hold QLD,No action,,Hold QLD while the Donchian20 signal remains 1.,0.0,0.0,46888.37,46888.37,21187.98,-5.08,-2.54
2026-05-20,711.63,91.96,23.71,607.13,17.21,93.81,77.23,88.86,1,1,QLD,Hold QLD,No action,,Hold QLD while the Donchian20 signal remains 1.,0.0,0.0,48424.49,48424.49,21538.93,-1.97,-0.92
2026-05-21,712.98,92.29,22.74,608.18,17.23,93.81,77.23,90.84,1,1,QLD,Hold QLD,No action,,Hold QLD while the Donchian20 signal remains 1.,0.0,0.0,48598.09,48598.09,21580.0,-1.62,-0.73
2026-05-22,716.01,93.01,22.82,609.26,17.52,93.81,78.6,94.75,1,1,QLD,Hold QLD,No action,,Hold QLD while the Donchian20 signal remains 1.,0.0,0.0,48976.86,48976.86,21671.52,-0.85,-0.31
2026-05-26,728.72,96.31,23.9,610.44,19.38,93.81,78.6,116.41,1,1,QLD,Hold QLD,No action,,Hold QLD while the Donchian20 signal remains 1.,0.0,0.0,50712.88,50712.88,22056.3,0.0,0.0
2026-05-27,727.89,96.1,23.39,611.61,19.01,96.31,78.6,98.82,1,1,QLD,Hold QLD,No action,,Hold QLD while the Donchian20 signal remains 1.,0.0,0.0,50602.41,50602.41,22031.23,-0.22,-0.11
2026-05-28,734.03,97.7,22.92,612.83,19.78,96.31,79.56,108.29,1,1,QLD,Hold QLD,No action,,Hold QLD while the Donchian20 signal remains 1.,0.0,0.0,51444.11,51444.11,22216.97,0.0,0.0
2026-05-29,736.73,98.37,22.58,614.06,19.98,97.7,80.97,104.0,1,1,QLD,Hold QLD,No action,,Hold QLD while the Donchian20 signal remains 1.,0.0,0.0,51796.58,51796.58,22298.82,0.0,0.0
2026-06-01,741.15,99.54,23.18,615.33,20.45,98.37,82.2,107.23,1,1,QLD,Hold QLD,No action,,Hold QLD while the Donchian20 signal remains 1.,0.0,0.0,52412.07,52412.07,22432.62,0.0,0.0
2026-06-02,744.57,100.44,23.27,616.61,20.75,99.54,82.2,105.19,1,1,QLD,Hold QLD,No action,,Hold QLD while the Donchian20 signal remains 1.,0.0,0.0,52885.54,52885.54,22535.91,0.0,0.0
2026-06-03,742.62,99.91,23.84,617.87,20.19,100.44,84.31,96.72,1,1,QLD,Hold QLD,No action,,Hold QLD while the Donchian20 signal remains 1.,0.0,0.0,52606.72,52606.72,22477.02,-0.53,-0.26
2026-06-04,739.03,98.93,23.22,619.07,19.38,100.44,87.58,88.27,1,1,QLD,Hold QLD,No action,,Hold QLD while the Donchian20 signal remains 1.,0.0,0.0,52091.17,52091.17,22368.29,-1.5,-0.74
2026-06-05,703.55,89.46,30.47,619.91,13.49,100.44,87.58,14.61,1,1,QLD,Hold QLD,No action,,Hold QLD while the Donchian20 signal remains 1.,0.0,0.0,47104.06,47104.06,21294.59,-10.93,-5.51
2026-06-08,714.54,92.16,27.12,620.86,15.09,100.44,89.05,27.37,1,1,QLD,Hold QLD,No action,,Hold QLD while the Donchian20 signal remains 1.,0.0,0.0,48529.7,48529.7,21627.12,-8.24,-4.03
2026-06-09,706.32,90.03,29.78,621.71,13.61,100.44,89.05,8.68,1,1,QLD,Hold QLD,No action,,Hold QLD while the Donchian20 signal remains 1.,0.0,0.0,47409.18,47409.18,21378.25,-10.36,-5.14
2026-06-10,692.21,86.43,32.68,622.41,11.21,100.44,89.05,-22.98,1,0,QQQ,Hold QQQ,Reduce QLD to QQQ,QLD->QQQ_on_Donchian_exit,QLD closed below its prior 20-day low; the signal changed to 0 and the account reduced to QQQ.,0.0,45510.08,0.0,45510.08,20951.19,-13.95,-7.03
2026-06-11,715.59,92.09,30.44,623.33,14.8,100.44,86.43,40.44,0,0,QQQ,Hold QQQ,No action,,Hold QQQ after the Donchian exit while QQQ remains at or above EMA200.,0.0,47047.22,0.0,47047.22,21658.83,-11.04,-3.89
2026-06-12,719.8,93.29,27.27,624.29,15.3,100.44,86.43,49.0,0,0,QQQ,Hold QQQ,No action,,Hold QQQ after the Donchian exit while QQQ remains at or above EMA200.,0.0,47324.08,0.0,47324.08,21786.28,-10.52,-3.33
2026-06-15,742.41,99.09,25.92,625.47,18.7,100.44,86.43,90.37,0,0,QQQ,Hold QQQ,No action,,Hold QQQ after the Donchian exit while QQQ remains at or above EMA200.,0.0,48810.7,0.0,48810.7,22470.67,-7.71,-0.29
2026-06-16,728.3,95.37,26.95,626.49,16.25,100.44,86.43,63.84,0,0,QQQ,Hold QQQ,No action,,Hold QQQ after the Donchian exit while QQQ remains at or above EMA200.,0.0,47883.04,0.0,47883.04,22043.61,-9.46,-2.18
2026-06-17,720.97,93.47,28.56,627.43,14.91,100.44,86.43,50.29,0,0,QQQ,Hold QQQ,No action,,Hold QQQ after the Donchian exit while QQQ remains at or above EMA200.,0.0,47400.83,0.0,47400.83,21821.62,-10.37,-3.17
2026-06-18,739.04,97.82,26.31,628.54,17.58,100.44,86.43,81.31,0,0,QQQ,Hold QQQ,No action,,Hold QQQ after the Donchian exit while QQQ remains at or above EMA200.,0.0,48588.96,0.0,48588.96,22368.59,-8.12,-0.74
2026-06-22,737.18,97.59,27.67,629.62,17.08,100.44,86.43,79.67,0,0,QQQ,Hold QQQ,No action,,Hold QQQ after the Donchian exit while QQQ remains at or above EMA200.,0.0,48466.99,0.0,48466.99,22312.44,-8.35,-0.99
2026-06-23,712.91,91.13,32.37,630.45,13.08,100.44,86.43,33.59,0,0,QQQ,Hold QQQ,No action,,Hold QQQ after the Donchian exit while QQQ remains at or above EMA200.,0.0,46871.02,0.0,46871.02,21577.72,-11.37,-4.25
2026-06-24,709.88,90.35,30.18,631.24,12.46,100.44,86.43,27.96,0,0,QQQ,Hold QQQ,No action,,Hold QQQ after the Donchian exit while QQQ remains at or above EMA200.,0.0,46672.02,0.0,46672.02,21486.1,-11.75,-4.66
2026-06-25,715.63,91.74,30.91,632.08,13.22,100.44,86.43,37.96,0,0,QQQ,Hold QQQ,No action,,Hold QQQ after the Donchian exit while QQQ remains at or above EMA200.,0.0,47050.32,0.0,47050.32,21660.26,-11.03,-3.89
2026-06-26,705.78,89.1,30.82,632.82,11.53,100.44,86.43,19.04,0,0,QQQ,Hold QQQ,No action,,Hold QQQ after the Donchian exit while QQQ remains at or above EMA200.,0.0,46402.74,0.0,46402.74,21362.14,-12.26,-5.21
2026-06-29,723.33,93.65,29.37,633.72,14.14,100.44,86.43,51.59,0,0,QQQ,Hold QQQ,No action,,Hold QQQ after the Donchian exit while QQQ remains at or above EMA200.,0.0,47556.04,0.0,47556.04,21893.07,-10.08,-2.85
2026-06-30,735.63,96.73,27.11,634.73,15.9,100.44,86.43,73.57,0,0,QQQ,Hold QQQ,No action,,Hold QQQ after the Donchian exit while QQQ remains at or above EMA200.,0.0,48365.2,0.0,48365.2,22265.58,-8.55,-1.2
2026-07-01,724.42,93.87,27.69,635.62,13.97,100.44,86.43,53.16,0,0,QQQ,Hold QQQ,No action,,Hold QQQ after the Donchian exit while QQQ remains at or above EMA200.,0.0,47627.63,0.0,47627.63,21926.03,-9.94,-2.71
2026-07-02,711.86,90.58,27.98,636.38,11.86,99.91,86.43,30.84,0,0,QQQ,Hold QQQ,No action,,Hold QQQ after the Donchian exit while QQQ remains at or above EMA200.,0.0,46802.06,0.0,46802.06,21545.97,-11.5,-4.39
2026-07-06,722.07,93.11,26.81,637.23,13.31,99.09,86.43,52.82,0,0,QQQ,Hold QQQ,No action,,Hold QQQ after the Donchian exit while QQQ remains at or above EMA200.,0.0,47473.29,0.0,47473.29,21854.98,-10.23,-3.02
2026-07-07,708.69,89.67,27.92,637.95,11.09,99.09,86.43,25.57,0,0,QQQ,Hold QQQ,No action,,Hold QQQ after the Donchian exit while QQQ remains at or above EMA200.,0.0,46593.86,0.0,46593.86,21450.12,-11.9,-4.82
2026-07-08,710.7,90.12,27.86,638.67,11.28,99.09,86.43,29.13,0,0,QQQ,Hold QQQ,No action,,Hold QQQ after the Donchian exit while QQQ remains at or above EMA200.,0.0,46725.88,0.0,46725.88,21510.89,-11.65,-4.55
2026-07-09,722.53,93.11,26.91,639.5,12.98,99.09,86.43,52.82,0,0,QQQ,Hold QQQ,No action,,Hold QQQ after the Donchian exit while QQQ remains at or above EMA200.,0.0,47503.5,0.0,47503.5,21868.89,-10.18,-2.96
2026-07-10,724.75,93.67,24.89,640.35,13.18,99.09,86.43,57.24,0,0,QQQ,Hold QQQ,No action,,Hold QQQ after the Donchian exit while QQQ remains at or above EMA200.,0.0,47649.96,0.0,47649.96,21936.31,-9.9,-2.66
2026-07-13,711.0,90.11,27.3,641.06,10.91,99.09,89.1,10.11,0,0,QQQ,Hold QQQ,No action,,Hold QQQ after the Donchian exit while QQQ remains at or above EMA200.,0.0,46745.57,0.0,46745.57,21519.96,-11.61,-4.51
2026-07-14,718.94,92.1,26.28,641.83,12.01,99.09,89.1,30.12,0,0,QQQ,Hold QQQ,No action,,Hold QQQ after the Donchian exit while QQQ remains at or above EMA200.,0.0,47267.72,0.0,47267.72,21760.34,-10.62,-3.44
2026-07-15,716.99,91.58,25.65,642.58,11.58,99.09,89.1,24.92,0,0,QQQ,Hold QQQ,No action,,Hold QQQ after the Donchian exit while QQQ remains at or above EMA200.,0.0,47139.64,0.0,47139.64,21701.38,-10.86,-3.7
2026-07-16,705.21,88.55,27.34,643.2,9.64,97.82,89.1,-6.3,0,0,QQQ,Hold QQQ,No action,,Hold QQQ after the Donchian exit while QQQ remains at or above EMA200.,0.0,46364.64,0.0,46364.64,21344.6,-12.33,-5.29
2026-07-17,694.61,85.89,29.03,643.71,7.91,97.82,88.55,-28.68,0,0,QQQ,Hold QQQ,No action,,Hold QQQ after the Donchian exit while QQQ remains at or above EMA200.,0.0,45667.8,0.0,45667.8,21023.8,-13.65,-6.71
2026-07-20,695.34,86.01,28.53,644.23,7.93,97.82,85.89,1.01,0,0,QQQ,Hold QQQ,No action,,Hold QQQ after the Donchian exit while QQQ remains at or above EMA200.,0.0,45715.75,0.0,45715.75,21045.87,-13.56,-6.61
2026-07-21,708.23,89.21,26.66,644.86,9.83,97.59,85.89,28.36,0,0,QQQ,Hold QQQ,No action,,Hold QQQ after the Donchian exit while QQQ remains at or above EMA200.,0.0,46563.65,0.0,46563.65,21436.21,-11.95,-4.88
2026-07-22,704.62,88.26,26.74,645.46,9.17,96.73,85.89,21.84,0,0,QQQ,Hold QQQ,No action,,Hold QQQ after the Donchian exit while QQQ remains at or above EMA200.,0.0,46325.89,0.0,46325.89,21326.76,-12.4,-5.37
2026-07-23,691.24,84.98,28.06,645.91,7.02,96.73,85.89,-8.39,0,0,QQQ,Hold QQQ,No action,,Hold QQQ after the Donchian exit while QQQ remains at or above EMA200.,0.0,45446.47,0.0,45446.47,20921.9,-14.07,-7.16
2026-07-24,683.52,82.98,28.39,646.29,5.76,96.73,84.98,-17.01,0,0,QQQ,Hold QQQ,No action,,Hold QQQ after the Donchian exit while QQQ remains at or above EMA200.,0.0,44938.78,0.0,44938.78,20688.18,-15.03,-8.2
2026-07-27,681.41,82.46,28.65,646.64,5.38,96.73,82.98,-3.78,0,0,QQQ,Hold QQQ,No action,,Hold QQQ after the Donchian exit while QQQ remains at or above EMA200.,0.0,44800.2,0.0,44800.2,20624.38,-15.29,-8.48
2026-07-28,674.79,80.85,28.61,646.92,4.31,96.73,82.46,-11.27,0,0,QQQ,Hold QQQ,No action,,Hold QQQ after the Donchian exit while QQQ remains at or above EMA200.,0.0,44364.75,0.0,44364.75,20423.92,-16.11,-9.37
2026-07-29,661.04,77.56,30.84,647.06,2.16,96.73,80.85,-20.7,0,0,QQQ,Hold QQQ,No action,,Hold QQQ after the Donchian exit while QQQ remains at or above EMA200.,0.0,43461.02,0.0,43461.02,20007.88,-17.82,-11.22
2026-07-30,682.84,82.66,27.55,647.41,5.47,93.87,77.56,31.25,0,0,QQQ,Hold QQQ,No action,,Hold QQQ after the Donchian exit while QQQ remains at or above EMA200.,0.0,44894.12,0.0,44894.12,20667.62,-15.11,-8.29
2026-07-31,687.27,83.65,26.0,647.81,6.09,93.67,77.56,37.78,0,0,QQQ,Hold QQQ,No action,,Hold QQQ after the Donchian exit while QQQ remains at or above EMA200.,0.0,45185.73,0.0,45185.73,20801.87,-14.56,-7.69
2026-08-03,699.34,86.6,24.77,648.32,7.87,93.67,77.56,56.08,0,0,QQQ,Hold QQQ,No action,,Hold QQQ after the Donchian exit while QQQ remains at or above EMA200.,0.0,45979.12,0.0,45979.12,21167.11,-13.06,-6.07
2026-08-04,723.1,92.43,25.48,649.07,11.41,93.67,77.56,92.31,0,0,QQQ,Hold QQQ,No action,,Hold QQQ after the Donchian exit while QQQ remains at or above EMA200.,0.0,47540.93,0.0,47540.93,21886.12,-10.11,-2.88
2026-08-05,716.55,90.77,24.15,649.74,10.28,93.67,77.56,82.01,0,0,QQQ,Hold QQQ,No action,,Hold QQQ after the Donchian exit while QQQ remains at or above EMA200.,0.0,47110.75,0.0,47110.75,21688.08,-10.92,-3.76
2026-08-06,713.91,90.11,23.95,650.38,9.77,93.67,77.56,77.85,0,0,QQQ,Hold QQQ,No action,,Hold QQQ after the Donchian exit while QQQ remains at or above EMA200.,0.0,46936.7,0.0,46936.7,21607.95,-11.25,-4.12
2026-08-07,722.28,92.18,22.82,651.09,10.93,93.67,77.56,90.76,0,0,QQQ,Hold QQQ,No action,,Hold QQQ after the Donchian exit while QQQ remains at or above EMA200.,0.0,47487.08,0.0,47487.08,21861.33,-10.21,-2.99
2026-08-10,720.12,91.6,23.04,651.78,10.49,92.43,77.56,94.42,0,0,QQQ,Hold QQQ,No action,,Hold QQQ after the Donchian exit while QQQ remains at or above EMA200.,0.0,47345.22,0.0,47345.22,21796.02,-10.48,-3.28
2026-08-11,717.7,90.95,22.38,652.44,10.0,92.43,77.56,90.05,0,0,QQQ,Hold QQQ,No action,,Hold QQQ after the Donchian exit while QQQ remains at or above EMA200.,0.0,47186.28,0.0,47186.28,21722.85,-10.78,-3.61
2026-08-12,722.95,92.29,20.97,653.14,10.69,92.43,77.56,99.06,0,0,QQQ,Hold QQQ,No action,,Hold QQQ after the Donchian exit while QQQ remains at or above EMA200.,0.0,47531.09,0.0,47531.09,21881.58,-10.12,-2.9
2026-08-13,731.31,94.4,21.23,653.91,11.84,92.43,77.56,113.24,0,1,QLD,Hold QLD,Buy QLD,toQLD,QLD closed above its prior 20-day high; the signal changed to 1 and the account moved fully into QLD.,0.0,0.0,48080.81,48080.81,22134.66,-9.09,-1.78
2026-08-14,730.31,94.12,20.72,654.68,11.55,94.4,77.56,98.34,1,1,QLD,Hold QLD,No action,,Hold QLD while the Donchian20 signal remains 1.,0.0,0.0,47938.24,47938.24,22104.42,-9.35,-1.91
2026-08-17,729.11,93.81,21.51,655.42,11.24,94.4,77.56,96.5,1,1,QLD,Hold QLD,No action,,Hold QLD while the Donchian20 signal remains 1.,0.0,0.0,47780.4,47780.4,22068.14,-9.65,-2.08
2026-08-18,716.76,90.62,22.56,656.03,9.26,94.4,77.56,77.57,1,1,QLD,Hold QLD,No action,,Hold QLD while the Donchian20 signal remains 1.,0.0,0.0,46156.15,46156.15,21694.42,-12.72,-3.73
2026-08-19,715.33,90.23,22.04,656.62,8.94,94.4,77.56,75.19,1,1,QLD,Hold QLD,No action,,Hold QLD while the Donchian20 signal remains 1.,0.0,0.0,45952.48,45952.48,21651.19,-13.11,-3.93
2026-08-20,710.19,88.93,23.26,657.15,8.07,94.4,77.56,67.48,1,1,QLD,Hold QLD,No action,,Hold QLD while the Donchian20 signal remains 1.,0.0,0.0,45290.56,45290.56,21495.47,-14.36,-4.62
2026-08-21,712.7,89.51,21.98,657.7,8.36,94.4,77.56,70.92,1,1,QLD,Hold QLD,No action,,Hold QLD while the Donchian20 signal remains 1.,0.0,0.0,45585.88,45585.88,21571.37,-13.8,-4.28
2026-08-24,705.58,87.7,22.69,658.18,7.2,94.4,77.56,60.18,1,1,QLD,Hold QLD,No action,,Hold QLD while the Donchian20 signal remains 1.,0.0,0.0,44664.28,44664.28,21356.09,-15.55,-5.24
2026-08-25,709.98,88.78,21.79,658.69,7.79,94.4,77.56,66.59,1,1,QLD,Hold QLD,No action,,Hold QLD while the Donchian20 signal remains 1.,0.0,0.0,45214.19,45214.19,21489.12,-14.51,-4.64
2026-08-26,710.63,88.91,21.42,659.21,7.8,94.4,77.56,67.36,1,1,QLD,Hold QLD,No action,,Hold QLD while the Donchian20 signal remains 1.,0.0,0.0,45280.38,45280.38,21508.78,-14.38,-4.56
2026-08-27,720.36,91.35,20.24,659.82,9.18,94.4,82.66,74.04,1,1,QLD,Hold QLD,No action,,Hold QLD while the Donchian20 signal remains 1.,0.0,0.0,46527.84,46527.84,21803.27,-12.02,-3.25
2026-08-28,715.68,90.15,19.92,660.38,8.38,94.4,83.65,60.41,1,1,QLD,Hold QLD,No action,,Hold QLD while the Donchian20 signal remains 1.,0.0,0.0,45911.75,45911.75,21661.77,-13.19,-3.88
2026-08-31,716.01,90.22,20.18,660.93,8.33,94.4,86.6,46.35,1,1,QLD,Hold QLD,No action,,Hold QLD while the Donchian20 signal remains 1.,0.0,0.0,45947.39,45947.39,21671.75,-13.12,-3.83
2026-09-01,706.9,87.9,21.96,661.39,6.88,94.4,87.7,2.98,1,1,QLD,Hold QLD,No action,,Hold QLD while the Donchian20 signal remains 1.,0.0,0.0,44766.12,44766.12,21396.0,-15.35,-5.06
2026-09-02,708.5,88.29,21.07,661.85,7.05,94.4,87.7,8.79,1,1,QLD,Hold QLD,No action,,Hold QLD while the Donchian20 signal remains 1.,0.0,0.0,44964.69,44964.69,21444.37,-14.98,-4.84
2026-09-03,716.92,90.36,20.16,662.4,8.23,94.4,87.7,39.64,1,1,QLD,Hold QLD,No action,,Hold QLD while the Donchian20 signal remains 1.,0.0,0.0,46018.67,46018.67,21699.26,-12.98,-3.71
2026-09-04,718.21,90.65,20.04,662.96,8.33,94.4,87.7,44.11,1,1,QLD,Hold QLD,No action,,Hold QLD while the Donchian20 signal remains 1.,0.0,0.0,46171.42,46171.42,21738.27,-12.7,-3.54
2026-09-08,717.61,90.51,21.71,663.5,8.16,94.4,87.7,41.88,1,1,QLD,Hold QLD,No action,,Hold QLD while the Donchian20 signal remains 1.,0.0,0.0,46095.05,46095.05,21720.13,-12.84,-3.62
2026-09-09,715.56,89.96,22.32,664.02,7.76,94.4,87.7,33.68,1,1,QLD,Hold QLD,No action,,Hold QLD while the Donchian20 signal remains 1.,0.0,0.0,45815.01,45815.01,21658.14,-13.37,-3.89
2026-09-10,707.95,88.0,23.33,664.46,6.55,94.4,87.7,4.47,1,1,QLD,Hold QLD,No action,,Hold QLD while the Donchian20 signal remains 1.,0.0,0.0,44817.03,44817.03,21427.75,-15.26,-4.92
2026-09-11,714.14,89.53,21.02,664.95,7.4,94.4,87.7,27.27,1,1,QLD,Hold QLD,No action,,Hold QLD while the Donchian20 signal remains 1.,0.0,0.0,45596.07,45596.07,21614.9,-13.78,-4.09
2026-09-14,708.44,88.08,22.05,665.38,6.47,94.12,87.7,5.91,1,1,QLD,Hold QLD,No action,,Hold QLD while the Donchian20 signal remains 1.,0.0,0.0,44857.77,44857.77,21442.56,-15.18,-4.85
2026-09-15,703.81,86.94,22.26,665.77,5.71,93.81,87.7,-12.42,1,0,QQQ,Hold QQQ,Reduce QLD to QQQ,QLD->QQQ_on_Donchian_exit,QLD closed below its prior 20-day low; the signal changed to 0 and the account reduced to QQQ.,0.0,44277.32,0.0,44277.32,21302.27,-16.28,-5.47
2026-09-16,703.99,86.94,22.44,666.15,5.68,91.35,86.94,0.0,0,0,QQQ,Hold QQQ,No action,,Hold QQQ after the Donchian exit while QQQ remains at or above EMA200.,0.0,44288.63,0.0,44288.63,21307.71,-16.26,-5.45
2026-09-17,716.17,89.92,19.96,666.64,7.43,91.35,86.94,67.42,0,0,QQQ,Hold QQQ,No action,,Hold QQQ after the Donchian exit while QQQ remains at or above EMA200.,0.0,45055.35,0.0,45055.35,21676.58,-14.81,-3.81
2026-09-18,720.7,90.97,19.29,667.18,8.02,91.35,86.94,91.4,0,0,QQQ,Hold QQQ,No action,,Hold QQQ after the Donchian exit while QQQ remains at or above EMA200.,0.0,45340.04,0.0,45340.04,21813.55,-14.27,-3.21
2026-09-21,741.47,96.24,20.39,667.92,11.01,91.35,86.94,210.63,0,1,QLD,Hold QLD,Buy QLD,toQLD,QLD closed above its prior 20-day high; the signal changed to 1 and the account moved fully into QLD.,0.0,0.0,46646.77,46646.77,22442.23,-11.8,-0.42
2026-09-22,747.46,97.79,20.18,668.71,11.78,96.24,86.94,116.65,1,1,QLD,Hold QLD,No action,,Hold QLD while the Donchian20 signal remains 1.,0.0,0.0,47397.81,47397.81,22623.53,-10.38,0.0
2026-09-23,741.21,96.16,20.76,669.43,10.72,97.79,86.94,84.96,1,1,QLD,Hold QLD,No action,,Hold QLD while the Donchian20 signal remains 1.,0.0,0.0,46606.33,46606.33,22434.36,-11.87,-0.84
2026-09-24,741.1,96.1,21.24,670.15,10.59,97.79,86.94,84.41,1,1,QLD,Hold QLD,No action,,Hold QLD while the Donchian20 signal remains 1.,0.0,0.0,46577.25,46577.25,22431.03,-11.93,-0.85
2026-09-25,744.5,96.95,20.87,670.89,10.97,97.79,86.94,92.24,1,1,QLD,Hold QLD,No action,,Hold QLD while the Donchian20 signal remains 1.,0.0,0.0,46989.22,46989.22,22533.94,-11.15,-0.4
